2026-08-25T03:41:49,958  INFO IOUtils:224 Resolved C:\Users\Louise Maralit\Downloads\ppc-drt-downsampler\output\1pct\drt-run-config.xml to C:\Users\Louise Maralit\Downloads\ppc-drt-downsampler\output\1pct\drt-run-config.xml
2026-08-25T03:41:49,965  INFO Config:461 setting context to [file:/C:/Users/Louise%20Maralit/Downloads/try/try2/ppc-matsim-drt/]
2026-08-25T03:41:50,094  INFO Version:21 HV000001: Hibernate Validator 0.0.1-SNAPSHOT
2026-08-25T03:41:50,264  INFO MatsimXmlParser:170 starting to parse xml from url file:/C:/Users/Louise%20Maralit/Downloads/ppc-drt-downsampler/output/1pct/drt-run-config.xml ...
2026-08-25T03:41:50,310  INFO ConfigReader:105 using config_v2-reader
2026-08-25T03:41:50,310  INFO MatsimXmlParser:296 Trying to load http://www.matsim.org/files/dtd/config_v2.dtd. In some cases (e.g. network interface up but no connection), this may take a bit.
2026-08-25T03:41:51,331  INFO GlobalConfigGroup:99 setting number of threads to: 4
2026-08-25T03:41:51,345  WARN RoutingConfigGroup:403 The first mode routing (= teleported mode) params that are explicitly defined clear the default mode routing (= teleported mode) params.  If you want to avoid this 
2026-08-25T03:41:51,345  WARN RoutingConfigGroup:404     warning, use clearTeleportedModeParams(true) in code, and "clearDefaultTeleportedModeParams"=true in xml config.
2026-08-25T03:41:51,430  INFO ScoringConfigGroup$ScoringParameterSet:1502 mode parameters for mode pt were just overwritten.
2026-08-25T03:41:51,431  INFO ScoringConfigGroup$ScoringParameterSet:1502 mode parameters for mode bike were just overwritten.
2026-08-25T03:41:51,432  INFO ScoringConfigGroup$ScoringParameterSet:1502 mode parameters for mode car were just overwritten.
2026-08-25T03:41:51,432  INFO ScoringConfigGroup$ScoringParameterSet:1502 mode parameters for mode walk were just overwritten.
2026-08-25T03:41:51,436  INFO Config:461 setting context to [file:/C:/Users/Louise%20Maralit/Downloads/ppc-drt-downsampler/output/1pct/drt-run-config.xml]
2026-08-25T03:41:51,470  INFO ScenarioLoaderImpl:135 loading network from file:/C:/Users/Louise%20Maralit/Downloads/ppc-drt-downsampler/output/1pct/network/ppc-network-transit-mapped.xml.gz
2026-08-25T03:41:51,472  INFO MatsimXmlParser:170 starting to parse xml from url file:/C:/Users/Louise%20Maralit/Downloads/ppc-drt-downsampler/output/1pct/network/ppc-network-transit-mapped.xml.gz ...
2026-08-25T03:41:51,576  INFO MatsimNetworkReader:122 using network_v2-reader.
2026-08-25T03:41:51,576  INFO MatsimXmlParser:296 Trying to load http://www.matsim.org/files/dtd/network_v2.dtd. In some cases (e.g. network interface up but no connection), this may take a bit.
2026-08-25T03:41:51,797  INFO NetworkImpl:165  node # 1
2026-08-25T03:41:51,797  INFO NetworkImpl:165  node # 4
2026-08-25T03:41:51,799  INFO NetworkImpl:165  node # 16
2026-08-25T03:41:51,801  INFO NetworkImpl:165  node # 64
2026-08-25T03:41:51,808  INFO NetworkImpl:165  node # 256
2026-08-25T03:41:51,817  INFO NetworkImpl:165  node # 1024
2026-08-25T03:41:51,849  INFO NetworkImpl:165  node # 4096
2026-08-25T03:41:51,896  INFO NetworkImpl:161  link # 1
2026-08-25T03:41:51,900  INFO NetworkImpl:161  link # 4
2026-08-25T03:41:51,905  INFO NetworkImpl:161  link # 16
2026-08-25T03:41:51,915  INFO NetworkImpl:161  link # 64
2026-08-25T03:41:51,935  INFO NetworkImpl:161  link # 256
2026-08-25T03:41:51,979  INFO NetworkImpl:161  link # 1024
2026-08-25T03:41:52,068  WARN LinkImpl:130 length=0.0 of link id 13417 may cause problems
2026-08-25T03:41:52,068  WARN LinkImpl:132  Future occurences of this logging statement are suppressed.
2026-08-25T03:41:52,074  INFO NetworkImpl:161  link # 4096
2026-08-25T03:41:52,295  WARN DisallowedNextLinks:67 Considering DisallowedNextLinks in routing is only implemented by SpeedyDijkstra and SpeedyALT!
2026-08-25T03:41:52,320  INFO NetworkImpl:161  link # 16384
2026-08-25T03:41:52,359  INFO ScenarioLoaderImpl:172 no facilities file set in config, therefore not loading any facilities.  This is not a problem except if you are using facilities
2026-08-25T03:41:52,359  INFO ScenarioLoaderImpl:188 no facility-attributes file set in config, not loading any facility attributes
2026-08-25T03:41:52,360  INFO ScenarioLoaderImpl:196 loading population from file:/C:/Users/Louise%20Maralit/Downloads/ppc-drt-downsampler/output/1pct/plans/plans.xml.gz
2026-08-25T03:41:52,363  INFO MatsimXmlParser:170 starting to parse xml from url file:/C:/Users/Louise%20Maralit/Downloads/ppc-drt-downsampler/output/1pct/plans/plans.xml.gz ...
2026-08-25T03:41:52,369  INFO PopulationReader:135 using population_v6-reader.
2026-08-25T03:41:52,369  INFO MatsimXmlParser:296 Trying to load http://matsim.org/files/dtd/population_v6.dtd. In some cases (e.g. network interface up but no connection), this may take a bit.
2026-08-25T03:41:53,340  WARN PopulationReaderMatsimV6:227 coordinate transformation defined both in config and in input file: setting from input file will be used
2026-08-25T03:41:53,340  INFO ParallelPopulationReaderMatsimV6:168 Start parallel population reading...
2026-08-25T03:41:53,345  INFO PopulationImpl:111  person # 1
2026-08-25T03:41:53,348  INFO PopulationImpl:111  person # 4
2026-08-25T03:41:53,352  INFO PopulationImpl:111  person # 16
2026-08-25T03:41:53,358  INFO PopulationImpl:111  person # 64
2026-08-25T03:41:53,373  INFO PopulationImpl:111  person # 256
2026-08-25T03:41:53,413  INFO PopulationImpl:111  person # 1024
2026-08-25T03:41:53,488  INFO ParallelPopulationReaderMatsimV6:238 Finished parallel population reading...
2026-08-25T03:41:53,489  INFO PopulationUtils:1145  person # 3068
2026-08-25T03:41:53,489  INFO ScenarioLoaderImpl:244 no person-attributes file set in config, not loading any person attributes
2026-08-25T03:41:53,489  INFO ScenarioLoaderImpl:258 no households file set in config, not loading households
2026-08-25T03:41:53,492  INFO MatsimXmlParser:170 starting to parse xml from url file:/C:/Users/Louise%20Maralit/Downloads/ppc-drt-downsampler/output/1pct/pt/ppc-schedule-mapped.xml.gz ...
2026-08-25T03:41:53,494  INFO MatsimXmlParser:296 Trying to load http://www.matsim.org/files/dtd/transitSchedule_v2.dtd. In some cases (e.g. network interface up but no connection), this may take a bit.
2026-08-25T03:41:53,852  INFO ScenarioLoaderImpl:329 loading transit vehicles from ./vehicles/ppc-vehicles.xml.gz
2026-08-25T03:41:53,854  INFO MatsimXmlParser:170 starting to parse xml from url file:/C:/Users/Louise%20Maralit/Downloads/ppc-drt-downsampler/output/1pct/vehicles/ppc-vehicles.xml.gz ...
2026-08-25T03:41:53,942  INFO MatsimXmlParser:296 Trying to load http://www.matsim.org/files/dtd/vehicleDefinitions_v2.0.xsd. In some cases (e.g. network interface up but no connection), this may take a bit.
2026-08-25T03:41:54,178  INFO MatsimXmlParser:296 Trying to load http://www.matsim.org/files/dtd/matsimCommon.xsd. In some cases (e.g. network interface up but no connection), this may take a bit.
2026-08-25T03:41:54,397  INFO MatsimXmlParser:296 Trying to load http://www.matsim.org/files/dtd/vehicleDefinitionsEnumTypes.xsd. In some cases (e.g. network interface up but no connection), this may take a bit.
2026-08-25T03:41:54,627  INFO MatsimVehicleReader$VehicleReader:77 Found following schemaLocation in vehicle definition file: http://www.matsim.org/files/dtd http://www.matsim.org/files/dtd/vehicleDefinitions_v2.0.xsd
2026-08-25T03:41:54,628  INFO VehicleReaderV2:24 Using org.matsim.vehicles.VehicleReaderV2
2026-08-25T03:41:54,634  INFO Counter:70 [VehiclesImpl] added vehicle # 1
2026-08-25T03:41:54,635  INFO Counter:70 [VehiclesImpl] added vehicle # 2
2026-08-25T03:41:54,635  INFO Counter:70 [VehiclesImpl] added vehicle # 4
2026-08-25T03:41:54,635  INFO Counter:70 [VehiclesImpl] added vehicle # 8
2026-08-25T03:41:54,636  INFO Counter:70 [VehiclesImpl] added vehicle # 16
2026-08-25T03:41:54,638  INFO Counter:70 [VehiclesImpl] added vehicle # 32
2026-08-25T03:41:54,640  INFO Counter:70 [VehiclesImpl] added vehicle # 64
2026-08-25T03:41:54,644  INFO Counter:70 [VehiclesImpl] added vehicle # 128
2026-08-25T03:41:54,648  INFO Counter:70 [VehiclesImpl] added vehicle # 256
2026-08-25T03:41:54,655  INFO Counter:70 [VehiclesImpl] added vehicle # 512
2026-08-25T03:41:54,661  INFO Counter:70 [VehiclesImpl] added vehicle # 1024
2026-08-25T03:41:54,668  INFO Counter:70 [VehiclesImpl] added vehicle # 2048
2026-08-25T03:41:54,681  INFO ScoringConfigGroup$ScoringParameterSet:1520 activity parameters for activity type drt_astoda interaction were just overwritten.
2026-08-25T03:41:54,682  INFO DrtConfigs:57 drt interaction scoring parameters not set. Adding default values (activity will not be scored).
2026-08-25T03:41:54,682  INFO ScoringConfigGroup$ScoringParameterSet:1520 activity parameters for activity type drt_bmtoda interaction were just overwritten.
2026-08-25T03:41:54,682  INFO DrtConfigs:57 drt interaction scoring parameters not set. Adding default values (activity will not be scored).
2026-08-25T03:41:54,682  INFO ScoringConfigGroup$ScoringParameterSet:1520 activity parameters for activity type drt_sptoda interaction were just overwritten.
2026-08-25T03:41:54,682  INFO DrtConfigs:57 drt interaction scoring parameters not set. Adding default values (activity will not be scored).
2026-08-25T03:41:54,683  INFO ScoringConfigGroup$ScoringParameterSet:1520 activity parameters for activity type drt_bancao_bancao_toda interaction were just overwritten.
2026-08-25T03:41:54,683  INFO DrtConfigs:57 drt interaction scoring parameters not set. Adding default values (activity will not be scored).
2026-08-25T03:41:54,683  INFO ScoringConfigGroup$ScoringParameterSet:1520 activity parameters for activity type drt_istoda interaction were just overwritten.
2026-08-25T03:41:54,683  INFO DrtConfigs:57 drt interaction scoring parameters not set. Adding default values (activity will not be scored).
2026-08-25T03:41:54,683  INFO ScoringConfigGroup$ScoringParameterSet:1520 activity parameters for activity type drt_istoda2 interaction were just overwritten.
2026-08-25T03:41:54,683  INFO DrtConfigs:57 drt interaction scoring parameters not set. Adding default values (activity will not be scored).
2026-08-25T03:41:54,684  INFO ScoringConfigGroup$ScoringParameterSet:1520 activity parameters for activity type drt_gvtv interaction were just overwritten.
2026-08-25T03:41:54,684  INFO DrtConfigs:57 drt interaction scoring parameters not set. Adding default values (activity will not be scored).
2026-08-25T03:41:54,684  INFO ScoringConfigGroup$ScoringParameterSet:1520 activity parameters for activity type drt_jtoda interaction were just overwritten.
2026-08-25T03:41:54,684  INFO DrtConfigs:57 drt interaction scoring parameters not set. Adding default values (activity will not be scored).
2026-08-25T03:41:54,684  INFO ScoringConfigGroup$ScoringParameterSet:1520 activity parameters for activity type drt_kabiptoda interaction were just overwritten.
2026-08-25T03:41:54,684  INFO DrtConfigs:57 drt interaction scoring parameters not set. Adding default values (activity will not be scored).
2026-08-25T03:41:54,684  INFO ScoringConfigGroup$ScoringParameterSet:1520 activity parameters for activity type drt_nnps interaction were just overwritten.
2026-08-25T03:41:54,685  INFO DrtConfigs:57 drt interaction scoring parameters not set. Adding default values (activity will not be scored).
2026-08-25T03:41:54,685  INFO ScoringConfigGroup$ScoringParameterSet:1520 activity parameters for activity type drt_nobtoda interaction were just overwritten.
2026-08-25T03:41:54,685  INFO DrtConfigs:57 drt interaction scoring parameters not set. Adding default values (activity will not be scored).
2026-08-25T03:41:54,685  INFO ScoringConfigGroup$ScoringParameterSet:1520 activity parameters for activity type drt_pastoda interaction were just overwritten.
2026-08-25T03:41:54,685  INFO DrtConfigs:57 drt interaction scoring parameters not set. Adding default values (activity will not be scored).
2026-08-25T03:41:54,686  INFO ScoringConfigGroup$ScoringParameterSet:1520 activity parameters for activity type drt_rotonda interaction were just overwritten.
2026-08-25T03:41:54,686  INFO DrtConfigs:57 drt interaction scoring parameters not set. Adding default values (activity will not be scored).
2026-08-25T03:41:54,686  INFO ScoringConfigGroup$ScoringParameterSet:1520 activity parameters for activity type drt_litoda interaction were just overwritten.
2026-08-25T03:41:54,686  INFO DrtConfigs:57 drt interaction scoring parameters not set. Adding default values (activity will not be scored).
2026-08-25T03:41:54,687  INFO ScoringConfigGroup$ScoringParameterSet:1520 activity parameters for activity type drt_sjtoda interaction were just overwritten.
2026-08-25T03:41:54,687  INFO DrtConfigs:57 drt interaction scoring parameters not set. Adding default values (activity will not be scored).
2026-08-25T03:41:54,687  INFO ScoringConfigGroup$ScoringParameterSet:1520 activity parameters for activity type drt_sl_toda interaction were just overwritten.
2026-08-25T03:41:54,687  INFO DrtConfigs:57 drt interaction scoring parameters not set. Adding default values (activity will not be scored).
2026-08-25T03:41:54,688  INFO ScoringConfigGroup$ScoringParameterSet:1520 activity parameters for activity type drt_sm_city_toda interaction were just overwritten.
2026-08-25T03:41:54,688  INFO DrtConfigs:57 drt interaction scoring parameters not set. Adding default values (activity will not be scored).
2026-08-25T03:41:54,688  INFO ScoringConfigGroup$ScoringParameterSet:1520 activity parameters for activity type drt_sm_toda interaction were just overwritten.
2026-08-25T03:41:54,688  INFO DrtConfigs:57 drt interaction scoring parameters not set. Adding default values (activity will not be scored).
2026-08-25T03:41:54,689  INFO ScoringConfigGroup$ScoringParameterSet:1520 activity parameters for activity type drt_todat interaction were just overwritten.
2026-08-25T03:41:54,689  INFO DrtConfigs:57 drt interaction scoring parameters not set. Adding default values (activity will not be scored).
2026-08-25T03:41:54,689  INFO ScoringConfigGroup$ScoringParameterSet:1520 activity parameters for activity type drt_westoda interaction were just overwritten.
2026-08-25T03:41:54,689  INFO DrtConfigs:57 drt interaction scoring parameters not set. Adding default values (activity will not be scored).
2026-08-25T03:41:54,746  INFO VspConfigConsistencyCheckerImpl:62 NOT running vsp config consistency check because vsp defaults checking level is set to IGNORE
WARNING: A terminally deprecated method in sun.misc.Unsafe has been called
WARNING: sun.misc.Unsafe::objectFieldOffset has been called by com.google.common.util.concurrent.AbstractFuture$UnsafeAtomicHelper (file:/C:/Users/Louise%20Maralit/Downloads/try/try2/ppc-matsim-drt/matsim-project-ppc-0.0.1-SNAPSHOT.jar)
WARNING: Please consider reporting this to the maintainers of class com.google.common.util.concurrent.AbstractFuture$UnsafeAtomicHelper
WARNING: sun.misc.Unsafe::objectFieldOffset will be removed in a future release
2026-08-25T03:41:59,275  INFO DvrpGlobalRoutingNetworkProvider:66 DVRP global routing network unfiltered: #nodes=7727 #links:19773
2026-08-25T03:41:59,277  INFO NetworkImpl:165  node # 1
2026-08-25T03:41:59,277  INFO NetworkImpl:165  node # 4
2026-08-25T03:41:59,277  INFO NetworkImpl:165  node # 16
2026-08-25T03:41:59,277  INFO NetworkImpl:165  node # 64
2026-08-25T03:41:59,277  INFO NetworkImpl:165  node # 256
2026-08-25T03:41:59,278  INFO NetworkImpl:165  node # 1024
2026-08-25T03:41:59,280  INFO NetworkImpl:165  node # 4096
2026-08-25T03:41:59,282  INFO NetworkImpl:161  link # 1
2026-08-25T03:41:59,282  INFO NetworkImpl:161  link # 4
2026-08-25T03:41:59,283  INFO NetworkImpl:161  link # 16
2026-08-25T03:41:59,283  INFO NetworkImpl:161  link # 64
2026-08-25T03:41:59,284  INFO NetworkImpl:161  link # 256
2026-08-25T03:41:59,288  INFO NetworkImpl:161  link # 1024
2026-08-25T03:41:59,294  INFO NetworkImpl:161  link # 4096
2026-08-25T03:41:59,320  INFO NetworkImpl:161  link # 16384
2026-08-25T03:41:59,330  INFO DvrpGlobalRoutingNetworkProvider:66 DVRP global routing network filtered: #nodes=7527 #links:18718
2026-08-25T03:41:59,331  INFO SimStepParallelEventsManagerImpl:83 number of threads=1
2026-08-25T03:41:59,335  INFO EventsManagerImpl:139 === Logging of event-handlers skipped ===
2026-08-25T03:41:59,336  INFO EventsManagerImpl:140 To enable debug output, set an environment variable i.e. export LOG_LEVEL='debug', or set log.setLogLevel(Level.DEBUG) in your run class.
2026-08-25T03:41:59,336  INFO EventsManagerImpl:210     > org.matsim.api.core.v01.events.LinkEnterEvent
2026-08-25T03:41:59,336  INFO EventsManagerImpl:210     > org.matsim.api.core.v01.events.LinkLeaveEvent
2026-08-25T03:41:59,336  INFO EventsManagerImpl:210     > org.matsim.api.core.v01.events.VehicleEntersTrafficEvent
2026-08-25T03:41:59,337  INFO EventsManagerImpl:210     > org.matsim.api.core.v01.events.VehicleLeavesTrafficEvent
2026-08-25T03:41:59,337  INFO EventsManagerImpl:210     > org.matsim.core.api.experimental.events.VehicleArrivesAtFacilityEvent
2026-08-25T03:41:59,337  INFO EventsManagerImpl:210     > org.matsim.api.core.v01.events.VehicleAbortsEvent
2026-08-25T03:41:59,337  INFO EventsManagerImpl:139 === Logging of event-handlers skipped ===
2026-08-25T03:41:59,337  INFO EventsManagerImpl:140 To enable debug output, set an environment variable i.e. export LOG_LEVEL='debug', or set log.setLogLevel(Level.DEBUG) in your run class.
2026-08-25T03:41:59,337  INFO EventsManagerImpl:210     > org.matsim.api.core.v01.events.LinkEnterEvent
2026-08-25T03:41:59,337  INFO EventsManagerImpl:210     > org.matsim.api.core.v01.events.LinkLeaveEvent
2026-08-25T03:41:59,337  INFO EventsManagerImpl:210     > org.matsim.api.core.v01.events.VehicleEntersTrafficEvent
2026-08-25T03:41:59,338  INFO EventsManagerImpl:210     > org.matsim.api.core.v01.events.VehicleLeavesTrafficEvent
2026-08-25T03:41:59,338  INFO EventsManagerImpl:210     > org.matsim.core.api.experimental.events.VehicleArrivesAtFacilityEvent
2026-08-25T03:41:59,338  INFO EventsManagerImpl:210     > org.matsim.api.core.v01.events.VehicleAbortsEvent
2026-08-25T03:41:59,362  INFO Config:461 setting context to [file:/C:/Users/Louise%20Maralit/Downloads/try/try2/ppc-matsim-drt/]
2026-08-25T03:41:59,363  INFO MatsimXmlParser:170 starting to parse xml from url file:/C:/Users/Louise%20Maralit/Downloads/ppc-drt-downsampler/output/1pct/drt-stops/drt-stops-westoda.xml ...
2026-08-25T03:41:59,365  INFO MatsimXmlParser:296 Trying to load http://www.matsim.org/files/dtd/transitSchedule_v2.dtd. In some cases (e.g. network interface up but no connection), this may take a bit.
2026-08-25T03:41:59,597  INFO GeoFileReader:105 will try to read from /C:/Users/Louise%20Maralit/Downloads/ppc-drt-downsampler/output/1pct/service-areas/service_area_westoda.shp
2026-08-25T03:42:00,856  INFO Config:461 setting context to [file:/C:/Users/Louise%20Maralit/Downloads/try/try2/ppc-matsim-drt/]
2026-08-25T03:42:00,859  INFO MatsimXmlParser:170 starting to parse xml from url file:/C:/Users/Louise%20Maralit/Downloads/ppc-drt-downsampler/output/1pct/drt-stops/drt-stops-todat.xml ...
2026-08-25T03:42:00,862  INFO MatsimXmlParser:296 Trying to load http://www.matsim.org/files/dtd/transitSchedule_v2.dtd. In some cases (e.g. network interface up but no connection), this may take a bit.
2026-08-25T03:42:01,081  INFO GeoFileReader:105 will try to read from /C:/Users/Louise%20Maralit/Downloads/ppc-drt-downsampler/output/1pct/service-areas/service_area_todat.shp
2026-08-25T03:42:01,135  INFO Config:461 setting context to [file:/C:/Users/Louise%20Maralit/Downloads/try/try2/ppc-matsim-drt/]
2026-08-25T03:42:01,138  INFO MatsimXmlParser:170 starting to parse xml from url file:/C:/Users/Louise%20Maralit/Downloads/ppc-drt-downsampler/output/1pct/drt-stops/drt-stops-sm_toda.xml ...
2026-08-25T03:42:01,139  INFO MatsimXmlParser:296 Trying to load http://www.matsim.org/files/dtd/transitSchedule_v2.dtd. In some cases (e.g. network interface up but no connection), this may take a bit.
2026-08-25T03:42:01,361  INFO GeoFileReader:105 will try to read from /C:/Users/Louise%20Maralit/Downloads/ppc-drt-downsampler/output/1pct/service-areas/service_area_sm_toda.shp
2026-08-25T03:42:01,400  INFO Config:461 setting context to [file:/C:/Users/Louise%20Maralit/Downloads/try/try2/ppc-matsim-drt/]
2026-08-25T03:42:01,401  INFO MatsimXmlParser:170 starting to parse xml from url file:/C:/Users/Louise%20Maralit/Downloads/ppc-drt-downsampler/output/1pct/drt-stops/drt-stops-sm_city_toda.xml ...
2026-08-25T03:42:01,403  INFO MatsimXmlParser:296 Trying to load http://www.matsim.org/files/dtd/transitSchedule_v2.dtd. In some cases (e.g. network interface up but no connection), this may take a bit.
2026-08-25T03:42:01,625  INFO GeoFileReader:105 will try to read from /C:/Users/Louise%20Maralit/Downloads/ppc-drt-downsampler/output/1pct/service-areas/service_area_sm_city_toda.shp
2026-08-25T03:42:01,665  INFO Config:461 setting context to [file:/C:/Users/Louise%20Maralit/Downloads/try/try2/ppc-matsim-drt/]
2026-08-25T03:42:01,665  INFO MatsimXmlParser:170 starting to parse xml from url file:/C:/Users/Louise%20Maralit/Downloads/ppc-drt-downsampler/output/1pct/drt-stops/drt-stops-sl_toda.xml ...
2026-08-25T03:42:01,667  INFO MatsimXmlParser:296 Trying to load http://www.matsim.org/files/dtd/transitSchedule_v2.dtd. In some cases (e.g. network interface up but no connection), this may take a bit.
2026-08-25T03:42:01,910  INFO GeoFileReader:105 will try to read from /C:/Users/Louise%20Maralit/Downloads/ppc-drt-downsampler/output/1pct/service-areas/service_area_sl_toda.shp
2026-08-25T03:42:01,949  INFO Config:461 setting context to [file:/C:/Users/Louise%20Maralit/Downloads/try/try2/ppc-matsim-drt/]
2026-08-25T03:42:01,950  INFO MatsimXmlParser:170 starting to parse xml from url file:/C:/Users/Louise%20Maralit/Downloads/ppc-drt-downsampler/output/1pct/drt-stops/drt-stops-sjtoda.xml ...
2026-08-25T03:42:01,952  INFO MatsimXmlParser:296 Trying to load http://www.matsim.org/files/dtd/transitSchedule_v2.dtd. In some cases (e.g. network interface up but no connection), this may take a bit.
2026-08-25T03:42:02,184  INFO GeoFileReader:105 will try to read from /C:/Users/Louise%20Maralit/Downloads/ppc-drt-downsampler/output/1pct/service-areas/service_area_sjtoda.shp
2026-08-25T03:42:02,219  INFO Config:461 setting context to [file:/C:/Users/Louise%20Maralit/Downloads/try/try2/ppc-matsim-drt/]
2026-08-25T03:42:02,220  INFO MatsimXmlParser:170 starting to parse xml from url file:/C:/Users/Louise%20Maralit/Downloads/ppc-drt-downsampler/output/1pct/drt-stops/drt-stops-litoda.xml ...
2026-08-25T03:42:02,221  INFO MatsimXmlParser:296 Trying to load http://www.matsim.org/files/dtd/transitSchedule_v2.dtd. In some cases (e.g. network interface up but no connection), this may take a bit.
2026-08-25T03:42:02,446  INFO GeoFileReader:105 will try to read from /C:/Users/Louise%20Maralit/Downloads/ppc-drt-downsampler/output/1pct/service-areas/service_area_jtoda_kabiptoda_nnps_nobtoda_pastoda_rot.shp
2026-08-25T03:42:02,481  INFO Config:461 setting context to [file:/C:/Users/Louise%20Maralit/Downloads/try/try2/ppc-matsim-drt/]
2026-08-25T03:42:02,483  INFO MatsimXmlParser:170 starting to parse xml from url file:/C:/Users/Louise%20Maralit/Downloads/ppc-drt-downsampler/output/1pct/drt-stops/drt-stops-rotonda.xml ...
2026-08-25T03:42:02,485  INFO MatsimXmlParser:296 Trying to load http://www.matsim.org/files/dtd/transitSchedule_v2.dtd. In some cases (e.g. network interface up but no connection), this may take a bit.
2026-08-25T03:42:02,705  INFO GeoFileReader:105 will try to read from /C:/Users/Louise%20Maralit/Downloads/ppc-drt-downsampler/output/1pct/service-areas/service_area_jtoda_kabiptoda_nnps_nobtoda_pastoda_rot.shp
2026-08-25T03:42:02,736  INFO Config:461 setting context to [file:/C:/Users/Louise%20Maralit/Downloads/try/try2/ppc-matsim-drt/]
2026-08-25T03:42:02,737  INFO MatsimXmlParser:170 starting to parse xml from url file:/C:/Users/Louise%20Maralit/Downloads/ppc-drt-downsampler/output/1pct/drt-stops/drt-stops-pastoda.xml ...
2026-08-25T03:42:02,739  INFO MatsimXmlParser:296 Trying to load http://www.matsim.org/files/dtd/transitSchedule_v2.dtd. In some cases (e.g. network interface up but no connection), this may take a bit.
2026-08-25T03:42:02,956  INFO GeoFileReader:105 will try to read from /C:/Users/Louise%20Maralit/Downloads/ppc-drt-downsampler/output/1pct/service-areas/service_area_jtoda_kabiptoda_nnps_nobtoda_pastoda_rot.shp
2026-08-25T03:42:02,986  INFO Config:461 setting context to [file:/C:/Users/Louise%20Maralit/Downloads/try/try2/ppc-matsim-drt/]
2026-08-25T03:42:02,987  INFO MatsimXmlParser:170 starting to parse xml from url file:/C:/Users/Louise%20Maralit/Downloads/ppc-drt-downsampler/output/1pct/drt-stops/drt-stops-nobtoda.xml ...
2026-08-25T03:42:02,988  INFO MatsimXmlParser:296 Trying to load http://www.matsim.org/files/dtd/transitSchedule_v2.dtd. In some cases (e.g. network interface up but no connection), this may take a bit.
2026-08-25T03:42:03,206  INFO GeoFileReader:105 will try to read from /C:/Users/Louise%20Maralit/Downloads/ppc-drt-downsampler/output/1pct/service-areas/service_area_jtoda_kabiptoda_nnps_nobtoda_pastoda_rot.shp
2026-08-25T03:42:03,235  INFO Config:461 setting context to [file:/C:/Users/Louise%20Maralit/Downloads/try/try2/ppc-matsim-drt/]
2026-08-25T03:42:03,236  INFO MatsimXmlParser:170 starting to parse xml from url file:/C:/Users/Louise%20Maralit/Downloads/ppc-drt-downsampler/output/1pct/drt-stops/drt-stops-nnps.xml ...
2026-08-25T03:42:03,237  INFO MatsimXmlParser:296 Trying to load http://www.matsim.org/files/dtd/transitSchedule_v2.dtd. In some cases (e.g. network interface up but no connection), this may take a bit.
2026-08-25T03:42:03,456  INFO GeoFileReader:105 will try to read from /C:/Users/Louise%20Maralit/Downloads/ppc-drt-downsampler/output/1pct/service-areas/service_area_jtoda_kabiptoda_nnps_nobtoda_pastoda_rot.shp
2026-08-25T03:42:03,485  INFO Config:461 setting context to [file:/C:/Users/Louise%20Maralit/Downloads/try/try2/ppc-matsim-drt/]
2026-08-25T03:42:03,486  INFO MatsimXmlParser:170 starting to parse xml from url file:/C:/Users/Louise%20Maralit/Downloads/ppc-drt-downsampler/output/1pct/drt-stops/drt-stops-kabiptoda.xml ...
2026-08-25T03:42:03,488  INFO MatsimXmlParser:296 Trying to load http://www.matsim.org/files/dtd/transitSchedule_v2.dtd. In some cases (e.g. network interface up but no connection), this may take a bit.
2026-08-25T03:42:03,708  INFO GeoFileReader:105 will try to read from /C:/Users/Louise%20Maralit/Downloads/ppc-drt-downsampler/output/1pct/service-areas/service_area_jtoda_kabiptoda_nnps_nobtoda_pastoda_rot.shp
2026-08-25T03:42:03,736  INFO Config:461 setting context to [file:/C:/Users/Louise%20Maralit/Downloads/try/try2/ppc-matsim-drt/]
2026-08-25T03:42:03,737  INFO MatsimXmlParser:170 starting to parse xml from url file:/C:/Users/Louise%20Maralit/Downloads/ppc-drt-downsampler/output/1pct/drt-stops/drt-stops-jtoda.xml ...
2026-08-25T03:42:03,738  INFO MatsimXmlParser:296 Trying to load http://www.matsim.org/files/dtd/transitSchedule_v2.dtd. In some cases (e.g. network interface up but no connection), this may take a bit.
2026-08-25T03:42:03,960  INFO GeoFileReader:105 will try to read from /C:/Users/Louise%20Maralit/Downloads/ppc-drt-downsampler/output/1pct/service-areas/service_area_jtoda_kabiptoda_nnps_nobtoda_pastoda_rot.shp
2026-08-25T03:42:03,991  INFO Config:461 setting context to [file:/C:/Users/Louise%20Maralit/Downloads/try/try2/ppc-matsim-drt/]
2026-08-25T03:42:03,992  INFO MatsimXmlParser:170 starting to parse xml from url file:/C:/Users/Louise%20Maralit/Downloads/ppc-drt-downsampler/output/1pct/drt-stops/drt-stops-gvtv.xml ...
2026-08-25T03:42:03,993  INFO MatsimXmlParser:296 Trying to load http://www.matsim.org/files/dtd/transitSchedule_v2.dtd. In some cases (e.g. network interface up but no connection), this may take a bit.
2026-08-25T03:42:04,221  INFO GeoFileReader:105 will try to read from /C:/Users/Louise%20Maralit/Downloads/ppc-drt-downsampler/output/1pct/service-areas/service_area_istoda_gvtv.shp
2026-08-25T03:42:04,250  INFO Config:461 setting context to [file:/C:/Users/Louise%20Maralit/Downloads/try/try2/ppc-matsim-drt/]
2026-08-25T03:42:04,250  INFO MatsimXmlParser:170 starting to parse xml from url file:/C:/Users/Louise%20Maralit/Downloads/ppc-drt-downsampler/output/1pct/drt-stops/drt-stops-istoda2.xml ...
2026-08-25T03:42:04,253  INFO MatsimXmlParser:296 Trying to load http://www.matsim.org/files/dtd/transitSchedule_v2.dtd. In some cases (e.g. network interface up but no connection), this may take a bit.
2026-08-25T03:42:04,470  INFO GeoFileReader:105 will try to read from /C:/Users/Louise%20Maralit/Downloads/ppc-drt-downsampler/output/1pct/service-areas/service_area_istoda_gvtv.shp
2026-08-25T03:42:04,502  INFO Config:461 setting context to [file:/C:/Users/Louise%20Maralit/Downloads/try/try2/ppc-matsim-drt/]
2026-08-25T03:42:04,502  INFO MatsimXmlParser:170 starting to parse xml from url file:/C:/Users/Louise%20Maralit/Downloads/ppc-drt-downsampler/output/1pct/drt-stops/drt-stops-istoda.xml ...
2026-08-25T03:42:04,504  INFO MatsimXmlParser:296 Trying to load http://www.matsim.org/files/dtd/transitSchedule_v2.dtd. In some cases (e.g. network interface up but no connection), this may take a bit.
2026-08-25T03:42:04,722  INFO GeoFileReader:105 will try to read from /C:/Users/Louise%20Maralit/Downloads/ppc-drt-downsampler/output/1pct/service-areas/service_area_istoda.shp
2026-08-25T03:42:04,750  INFO Config:461 setting context to [file:/C:/Users/Louise%20Maralit/Downloads/try/try2/ppc-matsim-drt/]
2026-08-25T03:42:04,752  INFO MatsimXmlParser:170 starting to parse xml from url file:/C:/Users/Louise%20Maralit/Downloads/ppc-drt-downsampler/output/1pct/drt-stops/drt-stops-bancao_bancao_toda.xml ...
2026-08-25T03:42:04,754  INFO MatsimXmlParser:296 Trying to load http://www.matsim.org/files/dtd/transitSchedule_v2.dtd. In some cases (e.g. network interface up but no connection), this may take a bit.
2026-08-25T03:42:04,972  INFO GeoFileReader:105 will try to read from /C:/Users/Louise%20Maralit/Downloads/ppc-drt-downsampler/output/1pct/service-areas/service_area_bancao_bancao_toda.shp
2026-08-25T03:42:05,002  INFO Config:461 setting context to [file:/C:/Users/Louise%20Maralit/Downloads/try/try2/ppc-matsim-drt/]
2026-08-25T03:42:05,004  INFO MatsimXmlParser:170 starting to parse xml from url file:/C:/Users/Louise%20Maralit/Downloads/ppc-drt-downsampler/output/1pct/drt-stops/drt-stops-sptoda.xml ...
2026-08-25T03:42:05,005  INFO MatsimXmlParser:296 Trying to load http://www.matsim.org/files/dtd/transitSchedule_v2.dtd. In some cases (e.g. network interface up but no connection), this may take a bit.
2026-08-25T03:42:05,222  INFO GeoFileReader:105 will try to read from /C:/Users/Louise%20Maralit/Downloads/ppc-drt-downsampler/output/1pct/service-areas/service_area_astoda_bm_toda_sp_toda.shp
2026-08-25T03:42:05,256  INFO Config:461 setting context to [file:/C:/Users/Louise%20Maralit/Downloads/try/try2/ppc-matsim-drt/]
2026-08-25T03:42:05,256  INFO MatsimXmlParser:170 starting to parse xml from url file:/C:/Users/Louise%20Maralit/Downloads/ppc-drt-downsampler/output/1pct/drt-stops/drt-stops-bmtoda.xml ...
2026-08-25T03:42:05,258  INFO MatsimXmlParser:296 Trying to load http://www.matsim.org/files/dtd/transitSchedule_v2.dtd. In some cases (e.g. network interface up but no connection), this may take a bit.
2026-08-25T03:42:05,476  INFO GeoFileReader:105 will try to read from /C:/Users/Louise%20Maralit/Downloads/ppc-drt-downsampler/output/1pct/service-areas/service_area_astoda_bm_toda_sp_toda.shp
2026-08-25T03:42:05,504  INFO Config:461 setting context to [file:/C:/Users/Louise%20Maralit/Downloads/try/try2/ppc-matsim-drt/]
2026-08-25T03:42:05,505  INFO MatsimXmlParser:170 starting to parse xml from url file:/C:/Users/Louise%20Maralit/Downloads/ppc-drt-downsampler/output/1pct/drt-stops/drt-stops-astoda.xml ...
2026-08-25T03:42:05,506  INFO MatsimXmlParser:296 Trying to load http://www.matsim.org/files/dtd/transitSchedule_v2.dtd. In some cases (e.g. network interface up but no connection), this may take a bit.
2026-08-25T03:42:05,725  INFO GeoFileReader:105 will try to read from /C:/Users/Louise%20Maralit/Downloads/ppc-drt-downsampler/output/1pct/service-areas/service_area_astoda_bm_toda_sp_toda.shp
2026-08-25T03:42:05,753  INFO MatsimXmlParser:170 starting to parse xml from url file:/C:/Users/Louise%20Maralit/Downloads/ppc-drt-downsampler/output/1pct/vehicles/drt/drt_vehicles_astoda.xml ...
2026-08-25T03:42:05,755  INFO MatsimXmlParser:296 Trying to load http://matsim.org/files/dtd/dvrp_vehicles_v1.dtd. In some cases (e.g. network interface up but no connection), this may take a bit.
2026-08-25T03:42:06,169  WARN TurnRestrictionsContext:144 No mode was specified, merging available DisallowedNextLinks from all modes.
2026-08-25T03:42:06,169  WARN TurnRestrictionsContext:145 This could result in a graph that is more restrictive than meant to be for routing.
2026-08-25T03:42:06,191  INFO SpeedyALTData:51 find dead ends...
2026-08-25T03:42:06,197  INFO SpeedyALTData:132 calculate landmarks...
2026-08-25T03:42:06,300  INFO SpeedyALTData:173 calculate min travelcost...
2026-08-25T03:42:06,360  INFO MatsimXmlParser:170 starting to parse xml from url file:/C:/Users/Louise%20Maralit/Downloads/ppc-drt-downsampler/output/1pct/vehicles/drt/drt_vehicles_bmtoda.xml ...
2026-08-25T03:42:06,362  INFO MatsimXmlParser:296 Trying to load http://matsim.org/files/dtd/dvrp_vehicles_v1.dtd. In some cases (e.g. network interface up but no connection), this may take a bit.
2026-08-25T03:42:06,582  WARN TurnRestrictionsContext:144 No mode was specified, merging available DisallowedNextLinks from all modes.
2026-08-25T03:42:06,583  WARN TurnRestrictionsContext:145 This could result in a graph that is more restrictive than meant to be for routing.
2026-08-25T03:42:06,601  INFO SpeedyALTData:51 find dead ends...
2026-08-25T03:42:06,603  INFO SpeedyALTData:132 calculate landmarks...
2026-08-25T03:42:06,639  INFO SpeedyALTData:173 calculate min travelcost...
2026-08-25T03:42:06,666  INFO MatsimXmlParser:170 starting to parse xml from url file:/C:/Users/Louise%20Maralit/Downloads/ppc-drt-downsampler/output/1pct/vehicles/drt/drt_vehicles_sptoda.xml ...
2026-08-25T03:42:06,668  INFO MatsimXmlParser:296 Trying to load http://matsim.org/files/dtd/dvrp_vehicles_v1.dtd. In some cases (e.g. network interface up but no connection), this may take a bit.
2026-08-25T03:42:06,880  WARN TurnRestrictionsContext:144 No mode was specified, merging available DisallowedNextLinks from all modes.
2026-08-25T03:42:06,880  WARN TurnRestrictionsContext:145 This could result in a graph that is more restrictive than meant to be for routing.
2026-08-25T03:42:06,894  INFO SpeedyALTData:51 find dead ends...
2026-08-25T03:42:06,896  INFO SpeedyALTData:132 calculate landmarks...
2026-08-25T03:42:06,928  INFO SpeedyALTData:173 calculate min travelcost...
2026-08-25T03:42:06,949  INFO MatsimXmlParser:170 starting to parse xml from url file:/C:/Users/Louise%20Maralit/Downloads/ppc-drt-downsampler/output/1pct/vehicles/drt/drt_vehicles_bancao_bancao_toda.xml ...
2026-08-25T03:42:06,951  INFO MatsimXmlParser:296 Trying to load http://matsim.org/files/dtd/dvrp_vehicles_v1.dtd. In some cases (e.g. network interface up but no connection), this may take a bit.
2026-08-25T03:42:07,162  WARN TurnRestrictionsContext:144 No mode was specified, merging available DisallowedNextLinks from all modes.
2026-08-25T03:42:07,163  WARN TurnRestrictionsContext:145 This could result in a graph that is more restrictive than meant to be for routing.
2026-08-25T03:42:07,172  INFO SpeedyALTData:51 find dead ends...
2026-08-25T03:42:07,175  INFO SpeedyALTData:132 calculate landmarks...
2026-08-25T03:42:07,204  INFO SpeedyALTData:173 calculate min travelcost...
2026-08-25T03:42:07,221  INFO MatsimXmlParser:170 starting to parse xml from url file:/C:/Users/Louise%20Maralit/Downloads/ppc-drt-downsampler/output/1pct/vehicles/drt/drt_vehicles_istoda.xml ...
2026-08-25T03:42:07,223  INFO MatsimXmlParser:296 Trying to load http://matsim.org/files/dtd/dvrp_vehicles_v1.dtd. In some cases (e.g. network interface up but no connection), this may take a bit.
2026-08-25T03:42:07,433  WARN TurnRestrictionsContext:144 No mode was specified, merging available DisallowedNextLinks from all modes.
2026-08-25T03:42:07,434  WARN TurnRestrictionsContext:145 This could result in a graph that is more restrictive than meant to be for routing.
2026-08-25T03:42:07,441  INFO SpeedyALTData:51 find dead ends...
2026-08-25T03:42:07,442  INFO SpeedyALTData:132 calculate landmarks...
2026-08-25T03:42:07,473  INFO SpeedyALTData:173 calculate min travelcost...
2026-08-25T03:42:07,488  INFO MatsimXmlParser:170 starting to parse xml from url file:/C:/Users/Louise%20Maralit/Downloads/ppc-drt-downsampler/output/1pct/vehicles/drt/drt_vehicles_istoda2.xml ...
2026-08-25T03:42:07,490  INFO MatsimXmlParser:296 Trying to load http://matsim.org/files/dtd/dvrp_vehicles_v1.dtd. In some cases (e.g. network interface up but no connection), this may take a bit.
2026-08-25T03:42:07,702  WARN TurnRestrictionsContext:144 No mode was specified, merging available DisallowedNextLinks from all modes.
2026-08-25T03:42:07,702  WARN TurnRestrictionsContext:145 This could result in a graph that is more restrictive than meant to be for routing.
2026-08-25T03:42:07,713  INFO SpeedyALTData:51 find dead ends...
2026-08-25T03:42:07,715  INFO SpeedyALTData:132 calculate landmarks...
2026-08-25T03:42:07,744  INFO SpeedyALTData:173 calculate min travelcost...
2026-08-25T03:42:07,759  INFO MatsimXmlParser:170 starting to parse xml from url file:/C:/Users/Louise%20Maralit/Downloads/ppc-drt-downsampler/output/1pct/vehicles/drt/drt_vehicles_gvtv.xml ...
2026-08-25T03:42:07,761  INFO MatsimXmlParser:296 Trying to load http://matsim.org/files/dtd/dvrp_vehicles_v1.dtd. In some cases (e.g. network interface up but no connection), this may take a bit.
2026-08-25T03:42:07,970  WARN TurnRestrictionsContext:144 No mode was specified, merging available DisallowedNextLinks from all modes.
2026-08-25T03:42:07,970  WARN TurnRestrictionsContext:145 This could result in a graph that is more restrictive than meant to be for routing.
2026-08-25T03:42:07,982  INFO SpeedyALTData:51 find dead ends...
2026-08-25T03:42:07,983  INFO SpeedyALTData:132 calculate landmarks...
2026-08-25T03:42:08,014  INFO SpeedyALTData:173 calculate min travelcost...
2026-08-25T03:42:08,029  INFO MatsimXmlParser:170 starting to parse xml from url file:/C:/Users/Louise%20Maralit/Downloads/ppc-drt-downsampler/output/1pct/vehicles/drt/drt_vehicles_jtoda.xml ...
2026-08-25T03:42:08,030  INFO MatsimXmlParser:296 Trying to load http://matsim.org/files/dtd/dvrp_vehicles_v1.dtd. In some cases (e.g. network interface up but no connection), this may take a bit.
2026-08-25T03:42:08,243  WARN TurnRestrictionsContext:144 No mode was specified, merging available DisallowedNextLinks from all modes.
2026-08-25T03:42:08,243  WARN TurnRestrictionsContext:145 This could result in a graph that is more restrictive than meant to be for routing.
2026-08-25T03:42:08,256  INFO SpeedyALTData:51 find dead ends...
2026-08-25T03:42:08,257  INFO SpeedyALTData:132 calculate landmarks...
2026-08-25T03:42:08,287  INFO SpeedyALTData:173 calculate min travelcost...
2026-08-25T03:42:08,300  INFO MatsimXmlParser:170 starting to parse xml from url file:/C:/Users/Louise%20Maralit/Downloads/ppc-drt-downsampler/output/1pct/vehicles/drt/drt_vehicles_kabiptoda.xml ...
2026-08-25T03:42:08,302  INFO MatsimXmlParser:296 Trying to load http://matsim.org/files/dtd/dvrp_vehicles_v1.dtd. In some cases (e.g. network interface up but no connection), this may take a bit.
2026-08-25T03:42:08,512  WARN TurnRestrictionsContext:144 No mode was specified, merging available DisallowedNextLinks from all modes.
2026-08-25T03:42:08,512  WARN TurnRestrictionsContext:145 This could result in a graph that is more restrictive than meant to be for routing.
2026-08-25T03:42:08,518  INFO SpeedyALTData:51 find dead ends...
2026-08-25T03:42:08,518  INFO SpeedyALTData:132 calculate landmarks...
2026-08-25T03:42:08,550  INFO SpeedyALTData:173 calculate min travelcost...
2026-08-25T03:42:08,559  INFO MatsimXmlParser:170 starting to parse xml from url file:/C:/Users/Louise%20Maralit/Downloads/ppc-drt-downsampler/output/1pct/vehicles/drt/drt_vehicles_nnps.xml ...
2026-08-25T03:42:08,562  INFO MatsimXmlParser:296 Trying to load http://matsim.org/files/dtd/dvrp_vehicles_v1.dtd. In some cases (e.g. network interface up but no connection), this may take a bit.
2026-08-25T03:42:08,771  WARN TurnRestrictionsContext:144 No mode was specified, merging available DisallowedNextLinks from all modes.
2026-08-25T03:42:08,771  WARN TurnRestrictionsContext:145 This could result in a graph that is more restrictive than meant to be for routing.
2026-08-25T03:42:08,778  INFO SpeedyALTData:51 find dead ends...
2026-08-25T03:42:08,779  INFO SpeedyALTData:132 calculate landmarks...
2026-08-25T03:42:08,808  INFO SpeedyALTData:173 calculate min travelcost...
2026-08-25T03:42:08,817  INFO MatsimXmlParser:170 starting to parse xml from url file:/C:/Users/Louise%20Maralit/Downloads/ppc-drt-downsampler/output/1pct/vehicles/drt/drt_vehicles_nobtoda.xml ...
2026-08-25T03:42:08,819  INFO MatsimXmlParser:296 Trying to load http://matsim.org/files/dtd/dvrp_vehicles_v1.dtd. In some cases (e.g. network interface up but no connection), this may take a bit.
2026-08-25T03:42:09,028  WARN TurnRestrictionsContext:144 No mode was specified, merging available DisallowedNextLinks from all modes.
2026-08-25T03:42:09,028  WARN TurnRestrictionsContext:145 This could result in a graph that is more restrictive than meant to be for routing.
2026-08-25T03:42:09,065  INFO SpeedyALTData:51 find dead ends...
2026-08-25T03:42:09,065  INFO SpeedyALTData:132 calculate landmarks...
2026-08-25T03:42:09,095  INFO SpeedyALTData:173 calculate min travelcost...
2026-08-25T03:42:09,104  INFO MatsimXmlParser:170 starting to parse xml from url file:/C:/Users/Louise%20Maralit/Downloads/ppc-drt-downsampler/output/1pct/vehicles/drt/drt_vehicles_pastoda.xml ...
2026-08-25T03:42:09,105  INFO MatsimXmlParser:296 Trying to load http://matsim.org/files/dtd/dvrp_vehicles_v1.dtd. In some cases (e.g. network interface up but no connection), this may take a bit.
2026-08-25T03:42:09,313  WARN TurnRestrictionsContext:144 No mode was specified, merging available DisallowedNextLinks from all modes.
2026-08-25T03:42:09,314  WARN TurnRestrictionsContext:145 This could result in a graph that is more restrictive than meant to be for routing.
2026-08-25T03:42:09,320  INFO SpeedyALTData:51 find dead ends...
2026-08-25T03:42:09,321  INFO SpeedyALTData:132 calculate landmarks...
2026-08-25T03:42:09,352  INFO SpeedyALTData:173 calculate min travelcost...
2026-08-25T03:42:09,362  INFO MatsimXmlParser:170 starting to parse xml from url file:/C:/Users/Louise%20Maralit/Downloads/ppc-drt-downsampler/output/1pct/vehicles/drt/drt_vehicles_rotonda.xml ...
2026-08-25T03:42:09,364  INFO MatsimXmlParser:296 Trying to load http://matsim.org/files/dtd/dvrp_vehicles_v1.dtd. In some cases (e.g. network interface up but no connection), this may take a bit.
2026-08-25T03:42:09,571  WARN TurnRestrictionsContext:144 No mode was specified, merging available DisallowedNextLinks from all modes.
2026-08-25T03:42:09,572  WARN TurnRestrictionsContext:145 This could result in a graph that is more restrictive than meant to be for routing.
2026-08-25T03:42:09,579  INFO SpeedyALTData:51 find dead ends...
2026-08-25T03:42:09,580  INFO SpeedyALTData:132 calculate landmarks...
2026-08-25T03:42:09,612  INFO SpeedyALTData:173 calculate min travelcost...
2026-08-25T03:42:09,620  INFO MatsimXmlParser:170 starting to parse xml from url file:/C:/Users/Louise%20Maralit/Downloads/ppc-drt-downsampler/output/1pct/vehicles/drt/drt_vehicles_litoda.xml ...
2026-08-25T03:42:09,623  INFO MatsimXmlParser:296 Trying to load http://matsim.org/files/dtd/dvrp_vehicles_v1.dtd. In some cases (e.g. network interface up but no connection), this may take a bit.
2026-08-25T03:42:09,834  WARN TurnRestrictionsContext:144 No mode was specified, merging available DisallowedNextLinks from all modes.
2026-08-25T03:42:09,834  WARN TurnRestrictionsContext:145 This could result in a graph that is more restrictive than meant to be for routing.
2026-08-25T03:42:09,839  INFO SpeedyALTData:51 find dead ends...
2026-08-25T03:42:09,841  INFO SpeedyALTData:132 calculate landmarks...
2026-08-25T03:42:09,872  INFO SpeedyALTData:173 calculate min travelcost...
2026-08-25T03:42:09,885  INFO MatsimXmlParser:170 starting to parse xml from url file:/C:/Users/Louise%20Maralit/Downloads/ppc-drt-downsampler/output/1pct/vehicles/drt/drt_vehicles_sjtoda.xml ...
2026-08-25T03:42:09,887  INFO MatsimXmlParser:296 Trying to load http://matsim.org/files/dtd/dvrp_vehicles_v1.dtd. In some cases (e.g. network interface up but no connection), this may take a bit.
2026-08-25T03:42:10,103  WARN TurnRestrictionsContext:144 No mode was specified, merging available DisallowedNextLinks from all modes.
2026-08-25T03:42:10,103  WARN TurnRestrictionsContext:145 This could result in a graph that is more restrictive than meant to be for routing.
2026-08-25T03:42:10,108  INFO SpeedyALTData:51 find dead ends...
2026-08-25T03:42:10,109  INFO SpeedyALTData:132 calculate landmarks...
2026-08-25T03:42:10,140  INFO SpeedyALTData:173 calculate min travelcost...
2026-08-25T03:42:10,150  INFO MatsimXmlParser:170 starting to parse xml from url file:/C:/Users/Louise%20Maralit/Downloads/ppc-drt-downsampler/output/1pct/vehicles/drt/drt_vehicles_sl_toda.xml ...
2026-08-25T03:42:10,151  INFO MatsimXmlParser:296 Trying to load http://matsim.org/files/dtd/dvrp_vehicles_v1.dtd. In some cases (e.g. network interface up but no connection), this may take a bit.
2026-08-25T03:42:10,363  WARN TurnRestrictionsContext:144 No mode was specified, merging available DisallowedNextLinks from all modes.
2026-08-25T03:42:10,363  WARN TurnRestrictionsContext:145 This could result in a graph that is more restrictive than meant to be for routing.
2026-08-25T03:42:10,368  INFO SpeedyALTData:51 find dead ends...
2026-08-25T03:42:10,369  INFO SpeedyALTData:132 calculate landmarks...
2026-08-25T03:42:10,398  INFO SpeedyALTData:173 calculate min travelcost...
2026-08-25T03:42:10,406  INFO MatsimXmlParser:170 starting to parse xml from url file:/C:/Users/Louise%20Maralit/Downloads/ppc-drt-downsampler/output/1pct/vehicles/drt/drt_vehicles_sm_city_toda.xml ...
2026-08-25T03:42:10,407  INFO MatsimXmlParser:296 Trying to load http://matsim.org/files/dtd/dvrp_vehicles_v1.dtd. In some cases (e.g. network interface up but no connection), this may take a bit.
2026-08-25T03:42:10,618  WARN TurnRestrictionsContext:144 No mode was specified, merging available DisallowedNextLinks from all modes.
2026-08-25T03:42:10,618  WARN TurnRestrictionsContext:145 This could result in a graph that is more restrictive than meant to be for routing.
2026-08-25T03:42:10,623  INFO SpeedyALTData:51 find dead ends...
2026-08-25T03:42:10,625  INFO SpeedyALTData:132 calculate landmarks...
2026-08-25T03:42:10,655  INFO SpeedyALTData:173 calculate min travelcost...
2026-08-25T03:42:10,665  INFO MatsimXmlParser:170 starting to parse xml from url file:/C:/Users/Louise%20Maralit/Downloads/ppc-drt-downsampler/output/1pct/vehicles/drt/drt_vehicles_sm_toda.xml ...
2026-08-25T03:42:10,667  INFO MatsimXmlParser:296 Trying to load http://matsim.org/files/dtd/dvrp_vehicles_v1.dtd. In some cases (e.g. network interface up but no connection), this may take a bit.
2026-08-25T03:42:10,878  WARN TurnRestrictionsContext:144 No mode was specified, merging available DisallowedNextLinks from all modes.
2026-08-25T03:42:10,878  WARN TurnRestrictionsContext:145 This could result in a graph that is more restrictive than meant to be for routing.
2026-08-25T03:42:10,883  INFO SpeedyALTData:51 find dead ends...
2026-08-25T03:42:10,884  INFO SpeedyALTData:132 calculate landmarks...
2026-08-25T03:42:10,916  INFO SpeedyALTData:173 calculate min travelcost...
2026-08-25T03:42:10,926  INFO MatsimXmlParser:170 starting to parse xml from url file:/C:/Users/Louise%20Maralit/Downloads/ppc-drt-downsampler/output/1pct/vehicles/drt/drt_vehicles_todat.xml ...
2026-08-25T03:42:10,928  INFO MatsimXmlParser:296 Trying to load http://matsim.org/files/dtd/dvrp_vehicles_v1.dtd. In some cases (e.g. network interface up but no connection), this may take a bit.
2026-08-25T03:42:11,136  WARN TurnRestrictionsContext:144 No mode was specified, merging available DisallowedNextLinks from all modes.
2026-08-25T03:42:11,136  WARN TurnRestrictionsContext:145 This could result in a graph that is more restrictive than meant to be for routing.
2026-08-25T03:42:11,143  INFO SpeedyALTData:51 find dead ends...
2026-08-25T03:42:11,144  INFO SpeedyALTData:132 calculate landmarks...
2026-08-25T03:42:11,180  INFO SpeedyALTData:173 calculate min travelcost...
2026-08-25T03:42:11,189  INFO MatsimXmlParser:170 starting to parse xml from url file:/C:/Users/Louise%20Maralit/Downloads/ppc-drt-downsampler/output/1pct/vehicles/drt/drt_vehicles_westoda.xml ...
2026-08-25T03:42:11,191  INFO MatsimXmlParser:296 Trying to load http://matsim.org/files/dtd/dvrp_vehicles_v1.dtd. In some cases (e.g. network interface up but no connection), this may take a bit.
2026-08-25T03:42:11,400  WARN TurnRestrictionsContext:144 No mode was specified, merging available DisallowedNextLinks from all modes.
2026-08-25T03:42:11,400  WARN TurnRestrictionsContext:145 This could result in a graph that is more restrictive than meant to be for routing.
2026-08-25T03:42:11,407  INFO SpeedyALTData:51 find dead ends...
2026-08-25T03:42:11,408  INFO SpeedyALTData:132 calculate landmarks...
2026-08-25T03:42:11,444  INFO SpeedyALTData:173 calculate min travelcost...
2026-08-25T03:42:11,458  INFO StrategyManager:77 global innovation switch off after iteration: 2147483647
2026-08-25T03:42:11,460  INFO GenericStrategyManagerImpl:332 added change request:  iteration=-2147483648 newWeight=0.0 strategy=RandomPlanSelector_ReRoute
2026-08-25T03:42:11,461  INFO GenericStrategyManagerImpl:332 added change request:  iteration=-2147483648 newWeight=0.0 strategy=RandomPlanSelector_SubtourModeChoice_ReRoute
2026-08-25T03:42:11,461  INFO GenericStrategyManagerImpl:364 setting PlanSelectorForRemoval to class org.matsim.core.replanning.selectors.WorstPlanForRemovalSelector
2026-08-25T03:42:11,464  INFO EventsManagerImpl:139 === Logging of event-handlers skipped ===
2026-08-25T03:42:11,464  INFO EventsManagerImpl:140 To enable debug output, set an environment variable i.e. export LOG_LEVEL='debug', or set log.setLogLevel(Level.DEBUG) in your run class.
2026-08-25T03:42:11,464  INFO EventsManagerImpl:210     > org.matsim.api.core.v01.events.Event
2026-08-25T03:42:11,464  INFO EventsManagerImpl:139 === Logging of event-handlers skipped ===
2026-08-25T03:42:11,464  INFO EventsManagerImpl:140 To enable debug output, set an environment variable i.e. export LOG_LEVEL='debug', or set log.setLogLevel(Level.DEBUG) in your run class.
2026-08-25T03:42:11,464  INFO EventsManagerImpl:210     > org.matsim.api.core.v01.events.Event
2026-08-25T03:42:11,481  INFO CalcLinkStats:151  resetting `count' to zero.  This info is here since we want to check when this is happening during normal simulation runs.  kai, jan'11
2026-08-25T03:42:11,539  INFO EventsManagerImpl:139 === Logging of event-handlers skipped ===
2026-08-25T03:42:11,539  INFO EventsManagerImpl:140 To enable debug output, set an environment variable i.e. export LOG_LEVEL='debug', or set log.setLogLevel(Level.DEBUG) in your run class.
2026-08-25T03:42:11,540  INFO EventsManagerImpl:210     > org.matsim.api.core.v01.events.LinkLeaveEvent
2026-08-25T03:42:11,541  INFO EventsManagerImpl:210     > org.matsim.api.core.v01.events.VehicleEntersTrafficEvent
2026-08-25T03:42:11,541  INFO EventsManagerImpl:139 === Logging of event-handlers skipped ===
2026-08-25T03:42:11,541  INFO EventsManagerImpl:140 To enable debug output, set an environment variable i.e. export LOG_LEVEL='debug', or set log.setLogLevel(Level.DEBUG) in your run class.
2026-08-25T03:42:11,542  INFO EventsManagerImpl:210     > org.matsim.api.core.v01.events.LinkLeaveEvent
2026-08-25T03:42:11,542  INFO EventsManagerImpl:210     > org.matsim.api.core.v01.events.VehicleEntersTrafficEvent
2026-08-25T03:42:11,542  INFO EventsManagerImpl:139 === Logging of event-handlers skipped ===
2026-08-25T03:42:11,543  INFO EventsManagerImpl:140 To enable debug output, set an environment variable i.e. export LOG_LEVEL='debug', or set log.setLogLevel(Level.DEBUG) in your run class.
2026-08-25T03:42:11,543  INFO EventsManagerImpl:210     > org.matsim.api.core.v01.events.PersonDepartureEvent
2026-08-25T03:42:11,543  INFO EventsManagerImpl:210     > org.matsim.api.core.v01.events.PersonArrivalEvent
2026-08-25T03:42:11,543  INFO EventsManagerImpl:210     > org.matsim.api.core.v01.events.PersonStuckEvent
2026-08-25T03:42:11,543  INFO EventsManagerImpl:139 === Logging of event-handlers skipped ===
2026-08-25T03:42:11,543  INFO EventsManagerImpl:140 To enable debug output, set an environment variable i.e. export LOG_LEVEL='debug', or set log.setLogLevel(Level.DEBUG) in your run class.
2026-08-25T03:42:11,544  INFO EventsManagerImpl:210     > org.matsim.api.core.v01.events.PersonDepartureEvent
2026-08-25T03:42:11,544  INFO EventsManagerImpl:210     > org.matsim.api.core.v01.events.PersonArrivalEvent
2026-08-25T03:42:11,544  INFO EventsManagerImpl:210     > org.matsim.api.core.v01.events.PersonStuckEvent
2026-08-25T03:42:11,562  INFO AbstractController:57 Used Controler-Class: org.matsim.core.controler.NewControler
2026-08-25T03:42:11,562  INFO Config:421 ConfigConsistencyChecker with runtime type=class org.matsim.core.config.consistency.ConfigConsistencyCheckerImpl was already added; not adding it a second time
2026-08-25T03:42:11,563  INFO EventsManagerImpl:139 === Logging of event-handlers skipped ===
2026-08-25T03:42:11,563  INFO EventsManagerImpl:140 To enable debug output, set an environment variable i.e. export LOG_LEVEL='debug', or set log.setLogLevel(Level.DEBUG) in your run class.
2026-08-25T03:42:11,563  INFO EventsManagerImpl:210     > org.matsim.contrib.dvrp.passenger.PassengerPickedUpEvent
2026-08-25T03:42:11,563  INFO EventsManagerImpl:210     > org.matsim.contrib.dvrp.passenger.PassengerDroppedOffEvent
2026-08-25T03:42:11,563  INFO EventsManagerImpl:210     > org.matsim.api.core.v01.events.LinkEnterEvent
2026-08-25T03:42:11,563  INFO EventsManagerImpl:139 === Logging of event-handlers skipped ===
2026-08-25T03:42:11,563  INFO EventsManagerImpl:140 To enable debug output, set an environment variable i.e. export LOG_LEVEL='debug', or set log.setLogLevel(Level.DEBUG) in your run class.
2026-08-25T03:42:11,563  INFO EventsManagerImpl:210     > org.matsim.contrib.dvrp.passenger.PassengerPickedUpEvent
2026-08-25T03:42:11,563  INFO EventsManagerImpl:210     > org.matsim.contrib.dvrp.passenger.PassengerDroppedOffEvent
2026-08-25T03:42:11,563  INFO EventsManagerImpl:210     > org.matsim.api.core.v01.events.LinkEnterEvent
2026-08-25T03:42:11,563  INFO EventsManagerImpl:139 === Logging of event-handlers skipped ===
2026-08-25T03:42:11,563  INFO EventsManagerImpl:140 To enable debug output, set an environment variable i.e. export LOG_LEVEL='debug', or set log.setLogLevel(Level.DEBUG) in your run class.
2026-08-25T03:42:11,563  INFO EventsManagerImpl:210     > org.matsim.api.core.v01.events.TransitDriverStartsEvent
2026-08-25T03:42:11,563  INFO EventsManagerImpl:210     > org.matsim.api.core.v01.events.PersonEntersVehicleEvent
2026-08-25T03:42:11,563  INFO EventsManagerImpl:210     > org.matsim.api.core.v01.events.PersonLeavesVehicleEvent
2026-08-25T03:42:11,564  INFO EventsManagerImpl:210     > org.matsim.api.core.v01.events.LinkEnterEvent
2026-08-25T03:42:11,564  INFO EventsManagerImpl:139 === Logging of event-handlers skipped ===
2026-08-25T03:42:11,564  INFO EventsManagerImpl:140 To enable debug output, set an environment variable i.e. export LOG_LEVEL='debug', or set log.setLogLevel(Level.DEBUG) in your run class.
2026-08-25T03:42:11,564  INFO EventsManagerImpl:210     > org.matsim.api.core.v01.events.TransitDriverStartsEvent
2026-08-25T03:42:11,564  INFO EventsManagerImpl:210     > org.matsim.api.core.v01.events.PersonEntersVehicleEvent
2026-08-25T03:42:11,564  INFO EventsManagerImpl:210     > org.matsim.api.core.v01.events.PersonLeavesVehicleEvent
2026-08-25T03:42:11,564  INFO EventsManagerImpl:210     > org.matsim.api.core.v01.events.LinkEnterEvent
2026-08-25T03:42:11,564  INFO EventsManagerImpl:139 === Logging of event-handlers skipped ===
2026-08-25T03:42:11,564  INFO EventsManagerImpl:140 To enable debug output, set an environment variable i.e. export LOG_LEVEL='debug', or set log.setLogLevel(Level.DEBUG) in your run class.
2026-08-25T03:42:11,564  INFO EventsManagerImpl:210     > org.matsim.contrib.dvrp.vrpagent.TaskStartedEvent
2026-08-25T03:42:11,564  INFO EventsManagerImpl:210     > org.matsim.contrib.dvrp.vrpagent.TaskEndedEvent
2026-08-25T03:42:11,564  INFO EventsManagerImpl:139 === Logging of event-handlers skipped ===
2026-08-25T03:42:11,564  INFO EventsManagerImpl:140 To enable debug output, set an environment variable i.e. export LOG_LEVEL='debug', or set log.setLogLevel(Level.DEBUG) in your run class.
2026-08-25T03:42:11,564  INFO EventsManagerImpl:210     > org.matsim.contrib.dvrp.vrpagent.TaskStartedEvent
2026-08-25T03:42:11,564  INFO EventsManagerImpl:210     > org.matsim.contrib.dvrp.vrpagent.TaskEndedEvent
2026-08-25T03:42:11,564  INFO EventsManagerImpl:139 === Logging of event-handlers skipped ===
2026-08-25T03:42:11,564  INFO EventsManagerImpl:140 To enable debug output, set an environment variable i.e. export LOG_LEVEL='debug', or set log.setLogLevel(Level.DEBUG) in your run class.
2026-08-25T03:42:11,564  INFO EventsManagerImpl:210     > org.matsim.contrib.dvrp.passenger.PassengerPickedUpEvent
2026-08-25T03:42:11,564  INFO EventsManagerImpl:210     > org.matsim.api.core.v01.events.LinkEnterEvent
2026-08-25T03:42:11,564  INFO EventsManagerImpl:210     > org.matsim.contrib.dvrp.passenger.PassengerDroppedOffEvent
2026-08-25T03:42:11,565  INFO EventsManagerImpl:210     > org.matsim.core.api.experimental.events.TeleportationArrivalEvent
2026-08-25T03:42:11,565  INFO EventsManagerImpl:139 === Logging of event-handlers skipped ===
2026-08-25T03:42:11,565  INFO EventsManagerImpl:140 To enable debug output, set an environment variable i.e. export LOG_LEVEL='debug', or set log.setLogLevel(Level.DEBUG) in your run class.
2026-08-25T03:42:11,565  INFO EventsManagerImpl:210     > org.matsim.contrib.dvrp.passenger.PassengerPickedUpEvent
2026-08-25T03:42:11,565  INFO EventsManagerImpl:210     > org.matsim.api.core.v01.events.LinkEnterEvent
2026-08-25T03:42:11,565  INFO EventsManagerImpl:210     > org.matsim.contrib.dvrp.passenger.PassengerDroppedOffEvent
2026-08-25T03:42:11,565  INFO EventsManagerImpl:210     > org.matsim.core.api.experimental.events.TeleportationArrivalEvent
2026-08-25T03:42:11,565  INFO EventsManagerImpl:139 === Logging of event-handlers skipped ===
2026-08-25T03:42:11,565  INFO EventsManagerImpl:140 To enable debug output, set an environment variable i.e. export LOG_LEVEL='debug', or set log.setLogLevel(Level.DEBUG) in your run class.
2026-08-25T03:42:11,565  INFO EventsManagerImpl:210     > org.matsim.contrib.dvrp.passenger.PassengerRequestRejectedEvent
2026-08-25T03:42:11,566  INFO EventsManagerImpl:210     > org.matsim.contrib.dvrp.passenger.PassengerRequestScheduledEvent
2026-08-25T03:42:11,566  INFO EventsManagerImpl:210     > org.matsim.contrib.drt.passenger.events.DrtRequestSubmittedEvent
2026-08-25T03:42:11,566  INFO EventsManagerImpl:210     > org.matsim.contrib.dvrp.passenger.PassengerWaitingEvent
2026-08-25T03:42:11,566  INFO EventsManagerImpl:210     > org.matsim.contrib.dvrp.passenger.PassengerPickedUpEvent
2026-08-25T03:42:11,566  INFO EventsManagerImpl:210     > org.matsim.contrib.dvrp.passenger.PassengerDroppedOffEvent
2026-08-25T03:42:11,567  INFO EventsManagerImpl:210     > org.matsim.api.core.v01.events.PersonMoneyEvent
2026-08-25T03:42:11,567  INFO EventsManagerImpl:210     > org.matsim.api.core.v01.events.PersonDepartureEvent
2026-08-25T03:42:11,567  INFO EventsManagerImpl:139 === Logging of event-handlers skipped ===
2026-08-25T03:42:11,567  INFO EventsManagerImpl:140 To enable debug output, set an environment variable i.e. export LOG_LEVEL='debug', or set log.setLogLevel(Level.DEBUG) in your run class.
2026-08-25T03:42:11,567  INFO EventsManagerImpl:210     > org.matsim.contrib.dvrp.passenger.PassengerRequestRejectedEvent
2026-08-25T03:42:11,567  INFO EventsManagerImpl:210     > org.matsim.contrib.dvrp.passenger.PassengerRequestScheduledEvent
2026-08-25T03:42:11,567  INFO EventsManagerImpl:210     > org.matsim.contrib.drt.passenger.events.DrtRequestSubmittedEvent
2026-08-25T03:42:11,567  INFO EventsManagerImpl:210     > org.matsim.contrib.dvrp.passenger.PassengerWaitingEvent
2026-08-25T03:42:11,567  INFO EventsManagerImpl:210     > org.matsim.contrib.dvrp.passenger.PassengerPickedUpEvent
2026-08-25T03:42:11,567  INFO EventsManagerImpl:210     > org.matsim.contrib.dvrp.passenger.PassengerDroppedOffEvent
2026-08-25T03:42:11,567  INFO EventsManagerImpl:210     > org.matsim.api.core.v01.events.PersonMoneyEvent
2026-08-25T03:42:11,567  INFO EventsManagerImpl:210     > org.matsim.api.core.v01.events.PersonDepartureEvent
2026-08-25T03:42:11,567  INFO EventsManagerImpl:139 === Logging of event-handlers skipped ===
2026-08-25T03:42:11,567  INFO EventsManagerImpl:140 To enable debug output, set an environment variable i.e. export LOG_LEVEL='debug', or set log.setLogLevel(Level.DEBUG) in your run class.
2026-08-25T03:42:11,567  INFO EventsManagerImpl:210     > org.matsim.api.core.v01.events.PersonEntersVehicleEvent
2026-08-25T03:42:11,567  INFO EventsManagerImpl:210     > org.matsim.api.core.v01.events.PersonLeavesVehicleEvent
2026-08-25T03:42:11,567  INFO EventsManagerImpl:210     > org.matsim.contrib.dvrp.vrpagent.TaskStartedEvent
2026-08-25T03:42:11,567  INFO EventsManagerImpl:210     > org.matsim.contrib.dvrp.vrpagent.TaskEndedEvent
2026-08-25T03:42:11,567  INFO EventsManagerImpl:139 === Logging of event-handlers skipped ===
2026-08-25T03:42:11,567  INFO EventsManagerImpl:140 To enable debug output, set an environment variable i.e. export LOG_LEVEL='debug', or set log.setLogLevel(Level.DEBUG) in your run class.
2026-08-25T03:42:11,568  INFO EventsManagerImpl:210     > org.matsim.api.core.v01.events.PersonEntersVehicleEvent
2026-08-25T03:42:11,568  INFO EventsManagerImpl:210     > org.matsim.api.core.v01.events.PersonLeavesVehicleEvent
2026-08-25T03:42:11,568  INFO EventsManagerImpl:210     > org.matsim.contrib.dvrp.vrpagent.TaskStartedEvent
2026-08-25T03:42:11,568  INFO EventsManagerImpl:210     > org.matsim.contrib.dvrp.vrpagent.TaskEndedEvent
2026-08-25T03:42:11,568  INFO EventsManagerImpl:139 === Logging of event-handlers skipped ===
2026-08-25T03:42:11,568  INFO EventsManagerImpl:140 To enable debug output, set an environment variable i.e. export LOG_LEVEL='debug', or set log.setLogLevel(Level.DEBUG) in your run class.
2026-08-25T03:42:11,568  INFO EventsManagerImpl:210     > org.matsim.contrib.dvrp.vrpagent.TaskStartedEvent
2026-08-25T03:42:11,568  INFO EventsManagerImpl:210     > org.matsim.contrib.dvrp.vrpagent.TaskEndedEvent
2026-08-25T03:42:11,568  INFO EventsManagerImpl:139 === Logging of event-handlers skipped ===
2026-08-25T03:42:11,568  INFO EventsManagerImpl:140 To enable debug output, set an environment variable i.e. export LOG_LEVEL='debug', or set log.setLogLevel(Level.DEBUG) in your run class.
2026-08-25T03:42:11,568  INFO EventsManagerImpl:210     > org.matsim.contrib.dvrp.vrpagent.TaskStartedEvent
2026-08-25T03:42:11,568  INFO EventsManagerImpl:210     > org.matsim.contrib.dvrp.vrpagent.TaskEndedEvent
2026-08-25T03:42:11,568  INFO EventsManagerImpl:139 === Logging of event-handlers skipped ===
2026-08-25T03:42:11,568  INFO EventsManagerImpl:140 To enable debug output, set an environment variable i.e. export LOG_LEVEL='debug', or set log.setLogLevel(Level.DEBUG) in your run class.
2026-08-25T03:42:11,568  INFO EventsManagerImpl:210     > org.matsim.contrib.drt.passenger.events.DrtRequestSubmittedEvent
2026-08-25T03:42:11,568  INFO EventsManagerImpl:210     > org.matsim.contrib.dvrp.passenger.PassengerPickedUpEvent
2026-08-25T03:42:11,569  INFO EventsManagerImpl:210     > org.matsim.contrib.dvrp.passenger.PassengerDroppedOffEvent
2026-08-25T03:42:11,569  INFO EventsManagerImpl:139 === Logging of event-handlers skipped ===
2026-08-25T03:42:11,569  INFO EventsManagerImpl:140 To enable debug output, set an environment variable i.e. export LOG_LEVEL='debug', or set log.setLogLevel(Level.DEBUG) in your run class.
2026-08-25T03:42:11,569  INFO EventsManagerImpl:210     > org.matsim.contrib.drt.passenger.events.DrtRequestSubmittedEvent
2026-08-25T03:42:11,569  INFO EventsManagerImpl:210     > org.matsim.contrib.dvrp.passenger.PassengerPickedUpEvent
2026-08-25T03:42:11,569  INFO EventsManagerImpl:210     > org.matsim.contrib.dvrp.passenger.PassengerDroppedOffEvent
2026-08-25T03:42:11,569  INFO EventsManagerImpl:139 === Logging of event-handlers skipped ===
2026-08-25T03:42:11,569  INFO EventsManagerImpl:140 To enable debug output, set an environment variable i.e. export LOG_LEVEL='debug', or set log.setLogLevel(Level.DEBUG) in your run class.
2026-08-25T03:42:11,569  INFO EventsManagerImpl:210     > org.matsim.contrib.dvrp.vrpagent.TaskStartedEvent
2026-08-25T03:42:11,569  INFO EventsManagerImpl:210     > org.matsim.contrib.dvrp.vrpagent.TaskEndedEvent
2026-08-25T03:42:11,569  INFO EventsManagerImpl:139 === Logging of event-handlers skipped ===
2026-08-25T03:42:11,569  INFO EventsManagerImpl:140 To enable debug output, set an environment variable i.e. export LOG_LEVEL='debug', or set log.setLogLevel(Level.DEBUG) in your run class.
2026-08-25T03:42:11,569  INFO EventsManagerImpl:210     > org.matsim.contrib.dvrp.vrpagent.TaskStartedEvent
2026-08-25T03:42:11,569  INFO EventsManagerImpl:210     > org.matsim.contrib.dvrp.vrpagent.TaskEndedEvent
2026-08-25T03:42:11,570  INFO EventsManagerImpl:139 === Logging of event-handlers skipped ===
2026-08-25T03:42:11,570  INFO EventsManagerImpl:140 To enable debug output, set an environment variable i.e. export LOG_LEVEL='debug', or set log.setLogLevel(Level.DEBUG) in your run class.
2026-08-25T03:42:11,570  INFO EventsManagerImpl:210     > org.matsim.contrib.dvrp.vrpagent.TaskStartedEvent
2026-08-25T03:42:11,570  INFO EventsManagerImpl:210     > org.matsim.contrib.dvrp.vrpagent.TaskEndedEvent
2026-08-25T03:42:11,570  INFO EventsManagerImpl:139 === Logging of event-handlers skipped ===
2026-08-25T03:42:11,570  INFO EventsManagerImpl:140 To enable debug output, set an environment variable i.e. export LOG_LEVEL='debug', or set log.setLogLevel(Level.DEBUG) in your run class.
2026-08-25T03:42:11,570  INFO EventsManagerImpl:210     > org.matsim.contrib.dvrp.vrpagent.TaskStartedEvent
2026-08-25T03:42:11,570  INFO EventsManagerImpl:210     > org.matsim.contrib.dvrp.vrpagent.TaskEndedEvent
2026-08-25T03:42:11,570  INFO EventsManagerImpl:139 === Logging of event-handlers skipped ===
2026-08-25T03:42:11,570  INFO EventsManagerImpl:140 To enable debug output, set an environment variable i.e. export LOG_LEVEL='debug', or set log.setLogLevel(Level.DEBUG) in your run class.
2026-08-25T03:42:11,570  INFO EventsManagerImpl:210     > org.matsim.contrib.dvrp.passenger.PassengerPickedUpEvent
2026-08-25T03:42:11,571  INFO EventsManagerImpl:210     > org.matsim.api.core.v01.events.LinkEnterEvent
2026-08-25T03:42:11,571  INFO EventsManagerImpl:210     > org.matsim.contrib.dvrp.passenger.PassengerDroppedOffEvent
2026-08-25T03:42:11,572  INFO EventsManagerImpl:210     > org.matsim.core.api.experimental.events.TeleportationArrivalEvent
2026-08-25T03:42:11,572  INFO EventsManagerImpl:139 === Logging of event-handlers skipped ===
2026-08-25T03:42:11,572  INFO EventsManagerImpl:140 To enable debug output, set an environment variable i.e. export LOG_LEVEL='debug', or set log.setLogLevel(Level.DEBUG) in your run class.
2026-08-25T03:42:11,572  INFO EventsManagerImpl:210     > org.matsim.contrib.dvrp.passenger.PassengerPickedUpEvent
2026-08-25T03:42:11,572  INFO EventsManagerImpl:210     > org.matsim.api.core.v01.events.LinkEnterEvent
2026-08-25T03:42:11,572  INFO EventsManagerImpl:210     > org.matsim.contrib.dvrp.passenger.PassengerDroppedOffEvent
2026-08-25T03:42:11,574  INFO EventsManagerImpl:210     > org.matsim.core.api.experimental.events.TeleportationArrivalEvent
2026-08-25T03:42:11,574  INFO EventsManagerImpl:139 === Logging of event-handlers skipped ===
2026-08-25T03:42:11,574  INFO EventsManagerImpl:140 To enable debug output, set an environment variable i.e. export LOG_LEVEL='debug', or set log.setLogLevel(Level.DEBUG) in your run class.
2026-08-25T03:42:11,574  INFO EventsManagerImpl:210     > org.matsim.contrib.dvrp.passenger.PassengerRequestRejectedEvent
2026-08-25T03:42:11,574  INFO EventsManagerImpl:210     > org.matsim.contrib.dvrp.passenger.PassengerRequestScheduledEvent
2026-08-25T03:42:11,574  INFO EventsManagerImpl:210     > org.matsim.contrib.drt.passenger.events.DrtRequestSubmittedEvent
2026-08-25T03:42:11,574  INFO EventsManagerImpl:210     > org.matsim.contrib.dvrp.passenger.PassengerWaitingEvent
2026-08-25T03:42:11,574  INFO EventsManagerImpl:210     > org.matsim.contrib.dvrp.passenger.PassengerPickedUpEvent
2026-08-25T03:42:11,575  INFO EventsManagerImpl:210     > org.matsim.contrib.dvrp.passenger.PassengerDroppedOffEvent
2026-08-25T03:42:11,575  INFO EventsManagerImpl:210     > org.matsim.api.core.v01.events.PersonMoneyEvent
2026-08-25T03:42:11,575  INFO EventsManagerImpl:210     > org.matsim.api.core.v01.events.PersonDepartureEvent
2026-08-25T03:42:11,575  INFO EventsManagerImpl:139 === Logging of event-handlers skipped ===
2026-08-25T03:42:11,575  INFO EventsManagerImpl:140 To enable debug output, set an environment variable i.e. export LOG_LEVEL='debug', or set log.setLogLevel(Level.DEBUG) in your run class.
2026-08-25T03:42:11,575  INFO EventsManagerImpl:210     > org.matsim.contrib.dvrp.passenger.PassengerRequestRejectedEvent
2026-08-25T03:42:11,575  INFO EventsManagerImpl:210     > org.matsim.contrib.dvrp.passenger.PassengerRequestScheduledEvent
2026-08-25T03:42:11,575  INFO EventsManagerImpl:210     > org.matsim.contrib.drt.passenger.events.DrtRequestSubmittedEvent
2026-08-25T03:42:11,575  INFO EventsManagerImpl:210     > org.matsim.contrib.dvrp.passenger.PassengerWaitingEvent
2026-08-25T03:42:11,575  INFO EventsManagerImpl:210     > org.matsim.contrib.dvrp.passenger.PassengerPickedUpEvent
2026-08-25T03:42:11,575  INFO EventsManagerImpl:210     > org.matsim.contrib.dvrp.passenger.PassengerDroppedOffEvent
2026-08-25T03:42:11,575  INFO EventsManagerImpl:210     > org.matsim.api.core.v01.events.PersonMoneyEvent
2026-08-25T03:42:11,575  INFO EventsManagerImpl:210     > org.matsim.api.core.v01.events.PersonDepartureEvent
2026-08-25T03:42:11,575  INFO EventsManagerImpl:139 === Logging of event-handlers skipped ===
2026-08-25T03:42:11,575  INFO EventsManagerImpl:140 To enable debug output, set an environment variable i.e. export LOG_LEVEL='debug', or set log.setLogLevel(Level.DEBUG) in your run class.
2026-08-25T03:42:11,575  INFO EventsManagerImpl:210     > org.matsim.api.core.v01.events.PersonEntersVehicleEvent
2026-08-25T03:42:11,575  INFO EventsManagerImpl:210     > org.matsim.api.core.v01.events.PersonLeavesVehicleEvent
2026-08-25T03:42:11,575  INFO EventsManagerImpl:210     > org.matsim.contrib.dvrp.vrpagent.TaskStartedEvent
2026-08-25T03:42:11,575  INFO EventsManagerImpl:210     > org.matsim.contrib.dvrp.vrpagent.TaskEndedEvent
2026-08-25T03:42:11,575  INFO EventsManagerImpl:139 === Logging of event-handlers skipped ===
2026-08-25T03:42:11,576  INFO EventsManagerImpl:140 To enable debug output, set an environment variable i.e. export LOG_LEVEL='debug', or set log.setLogLevel(Level.DEBUG) in your run class.
2026-08-25T03:42:11,576  INFO EventsManagerImpl:210     > org.matsim.api.core.v01.events.PersonEntersVehicleEvent
2026-08-25T03:42:11,576  INFO EventsManagerImpl:210     > org.matsim.api.core.v01.events.PersonLeavesVehicleEvent
2026-08-25T03:42:11,576  INFO EventsManagerImpl:210     > org.matsim.contrib.dvrp.vrpagent.TaskStartedEvent
2026-08-25T03:42:11,576  INFO EventsManagerImpl:210     > org.matsim.contrib.dvrp.vrpagent.TaskEndedEvent
2026-08-25T03:42:11,576  INFO EventsManagerImpl:139 === Logging of event-handlers skipped ===
2026-08-25T03:42:11,576  INFO EventsManagerImpl:140 To enable debug output, set an environment variable i.e. export LOG_LEVEL='debug', or set log.setLogLevel(Level.DEBUG) in your run class.
2026-08-25T03:42:11,576  INFO EventsManagerImpl:210     > org.matsim.contrib.dvrp.vrpagent.TaskStartedEvent
2026-08-25T03:42:11,576  INFO EventsManagerImpl:210     > org.matsim.contrib.dvrp.vrpagent.TaskEndedEvent
2026-08-25T03:42:11,576  INFO EventsManagerImpl:139 === Logging of event-handlers skipped ===
2026-08-25T03:42:11,576  INFO EventsManagerImpl:140 To enable debug output, set an environment variable i.e. export LOG_LEVEL='debug', or set log.setLogLevel(Level.DEBUG) in your run class.
2026-08-25T03:42:11,576  INFO EventsManagerImpl:210     > org.matsim.contrib.dvrp.vrpagent.TaskStartedEvent
2026-08-25T03:42:11,576  INFO EventsManagerImpl:210     > org.matsim.contrib.dvrp.vrpagent.TaskEndedEvent
2026-08-25T03:42:11,576  INFO EventsManagerImpl:139 === Logging of event-handlers skipped ===
2026-08-25T03:42:11,576  INFO EventsManagerImpl:140 To enable debug output, set an environment variable i.e. export LOG_LEVEL='debug', or set log.setLogLevel(Level.DEBUG) in your run class.
2026-08-25T03:42:11,576  INFO EventsManagerImpl:210     > org.matsim.contrib.drt.passenger.events.DrtRequestSubmittedEvent
2026-08-25T03:42:11,576  INFO EventsManagerImpl:210     > org.matsim.contrib.dvrp.passenger.PassengerPickedUpEvent
2026-08-25T03:42:11,576  INFO EventsManagerImpl:210     > org.matsim.contrib.dvrp.passenger.PassengerDroppedOffEvent
2026-08-25T03:42:11,576  INFO EventsManagerImpl:139 === Logging of event-handlers skipped ===
2026-08-25T03:42:11,576  INFO EventsManagerImpl:140 To enable debug output, set an environment variable i.e. export LOG_LEVEL='debug', or set log.setLogLevel(Level.DEBUG) in your run class.
2026-08-25T03:42:11,576  INFO EventsManagerImpl:210     > org.matsim.contrib.drt.passenger.events.DrtRequestSubmittedEvent
2026-08-25T03:42:11,576  INFO EventsManagerImpl:210     > org.matsim.contrib.dvrp.passenger.PassengerPickedUpEvent
2026-08-25T03:42:11,576  INFO EventsManagerImpl:210     > org.matsim.contrib.dvrp.passenger.PassengerDroppedOffEvent
2026-08-25T03:42:11,576  INFO EventsManagerImpl:139 === Logging of event-handlers skipped ===
2026-08-25T03:42:11,576  INFO EventsManagerImpl:140 To enable debug output, set an environment variable i.e. export LOG_LEVEL='debug', or set log.setLogLevel(Level.DEBUG) in your run class.
2026-08-25T03:42:11,576  INFO EventsManagerImpl:210     > org.matsim.contrib.dvrp.vrpagent.TaskStartedEvent
2026-08-25T03:42:11,576  INFO EventsManagerImpl:210     > org.matsim.contrib.dvrp.vrpagent.TaskEndedEvent
2026-08-25T03:42:11,576  INFO EventsManagerImpl:139 === Logging of event-handlers skipped ===
2026-08-25T03:42:11,576  INFO EventsManagerImpl:140 To enable debug output, set an environment variable i.e. export LOG_LEVEL='debug', or set log.setLogLevel(Level.DEBUG) in your run class.
2026-08-25T03:42:11,576  INFO EventsManagerImpl:210     > org.matsim.contrib.dvrp.vrpagent.TaskStartedEvent
2026-08-25T03:42:11,576  INFO EventsManagerImpl:210     > org.matsim.contrib.dvrp.vrpagent.TaskEndedEvent
2026-08-25T03:42:11,576  INFO EventsManagerImpl:139 === Logging of event-handlers skipped ===
2026-08-25T03:42:11,576  INFO EventsManagerImpl:140 To enable debug output, set an environment variable i.e. export LOG_LEVEL='debug', or set log.setLogLevel(Level.DEBUG) in your run class.
2026-08-25T03:42:11,576  INFO EventsManagerImpl:210     > org.matsim.contrib.dvrp.vrpagent.TaskStartedEvent
2026-08-25T03:42:11,576  INFO EventsManagerImpl:210     > org.matsim.contrib.dvrp.vrpagent.TaskEndedEvent
2026-08-25T03:42:11,576  INFO EventsManagerImpl:139 === Logging of event-handlers skipped ===
2026-08-25T03:42:11,576  INFO EventsManagerImpl:140 To enable debug output, set an environment variable i.e. export LOG_LEVEL='debug', or set log.setLogLevel(Level.DEBUG) in your run class.
2026-08-25T03:42:11,576  INFO EventsManagerImpl:210     > org.matsim.contrib.dvrp.vrpagent.TaskStartedEvent
2026-08-25T03:42:11,576  INFO EventsManagerImpl:210     > org.matsim.contrib.dvrp.vrpagent.TaskEndedEvent
2026-08-25T03:42:11,576  INFO EventsManagerImpl:139 === Logging of event-handlers skipped ===
2026-08-25T03:42:11,576  INFO EventsManagerImpl:140 To enable debug output, set an environment variable i.e. export LOG_LEVEL='debug', or set log.setLogLevel(Level.DEBUG) in your run class.
2026-08-25T03:42:11,576  INFO EventsManagerImpl:210     > org.matsim.contrib.dvrp.passenger.PassengerPickedUpEvent
2026-08-25T03:42:11,576  INFO EventsManagerImpl:210     > org.matsim.api.core.v01.events.LinkEnterEvent
2026-08-25T03:42:11,576  INFO EventsManagerImpl:210     > org.matsim.contrib.dvrp.passenger.PassengerDroppedOffEvent
2026-08-25T03:42:11,576  INFO EventsManagerImpl:210     > org.matsim.core.api.experimental.events.TeleportationArrivalEvent
2026-08-25T03:42:11,576  INFO EventsManagerImpl:139 === Logging of event-handlers skipped ===
2026-08-25T03:42:11,576  INFO EventsManagerImpl:140 To enable debug output, set an environment variable i.e. export LOG_LEVEL='debug', or set log.setLogLevel(Level.DEBUG) in your run class.
2026-08-25T03:42:11,578  INFO EventsManagerImpl:210     > org.matsim.contrib.dvrp.passenger.PassengerPickedUpEvent
2026-08-25T03:42:11,578  INFO EventsManagerImpl:210     > org.matsim.api.core.v01.events.LinkEnterEvent
2026-08-25T03:42:11,578  INFO EventsManagerImpl:210     > org.matsim.contrib.dvrp.passenger.PassengerDroppedOffEvent
2026-08-25T03:42:11,578  INFO EventsManagerImpl:210     > org.matsim.core.api.experimental.events.TeleportationArrivalEvent
2026-08-25T03:42:11,578  INFO EventsManagerImpl:139 === Logging of event-handlers skipped ===
2026-08-25T03:42:11,578  INFO EventsManagerImpl:140 To enable debug output, set an environment variable i.e. export LOG_LEVEL='debug', or set log.setLogLevel(Level.DEBUG) in your run class.
2026-08-25T03:42:11,578  INFO EventsManagerImpl:210     > org.matsim.contrib.dvrp.passenger.PassengerRequestRejectedEvent
2026-08-25T03:42:11,578  INFO EventsManagerImpl:210     > org.matsim.contrib.dvrp.passenger.PassengerRequestScheduledEvent
2026-08-25T03:42:11,578  INFO EventsManagerImpl:210     > org.matsim.contrib.drt.passenger.events.DrtRequestSubmittedEvent
2026-08-25T03:42:11,578  INFO EventsManagerImpl:210     > org.matsim.contrib.dvrp.passenger.PassengerWaitingEvent
2026-08-25T03:42:11,578  INFO EventsManagerImpl:210     > org.matsim.contrib.dvrp.passenger.PassengerPickedUpEvent
2026-08-25T03:42:11,578  INFO EventsManagerImpl:210     > org.matsim.contrib.dvrp.passenger.PassengerDroppedOffEvent
2026-08-25T03:42:11,578  INFO EventsManagerImpl:210     > org.matsim.api.core.v01.events.PersonMoneyEvent
2026-08-25T03:42:11,578  INFO EventsManagerImpl:210     > org.matsim.api.core.v01.events.PersonDepartureEvent
2026-08-25T03:42:11,578  INFO EventsManagerImpl:139 === Logging of event-handlers skipped ===
2026-08-25T03:42:11,578  INFO EventsManagerImpl:140 To enable debug output, set an environment variable i.e. export LOG_LEVEL='debug', or set log.setLogLevel(Level.DEBUG) in your run class.
2026-08-25T03:42:11,578  INFO EventsManagerImpl:210     > org.matsim.contrib.dvrp.passenger.PassengerRequestRejectedEvent
2026-08-25T03:42:11,578  INFO EventsManagerImpl:210     > org.matsim.contrib.dvrp.passenger.PassengerRequestScheduledEvent
2026-08-25T03:42:11,578  INFO EventsManagerImpl:210     > org.matsim.contrib.drt.passenger.events.DrtRequestSubmittedEvent
2026-08-25T03:42:11,578  INFO EventsManagerImpl:210     > org.matsim.contrib.dvrp.passenger.PassengerWaitingEvent
2026-08-25T03:42:11,578  INFO EventsManagerImpl:210     > org.matsim.contrib.dvrp.passenger.PassengerPickedUpEvent
2026-08-25T03:42:11,578  INFO EventsManagerImpl:210     > org.matsim.contrib.dvrp.passenger.PassengerDroppedOffEvent
2026-08-25T03:42:11,578  INFO EventsManagerImpl:210     > org.matsim.api.core.v01.events.PersonMoneyEvent
2026-08-25T03:42:11,579  INFO EventsManagerImpl:210     > org.matsim.api.core.v01.events.PersonDepartureEvent
2026-08-25T03:42:11,579  INFO EventsManagerImpl:139 === Logging of event-handlers skipped ===
2026-08-25T03:42:11,579  INFO EventsManagerImpl:140 To enable debug output, set an environment variable i.e. export LOG_LEVEL='debug', or set log.setLogLevel(Level.DEBUG) in your run class.
2026-08-25T03:42:11,579  INFO EventsManagerImpl:210     > org.matsim.api.core.v01.events.PersonEntersVehicleEvent
2026-08-25T03:42:11,579  INFO EventsManagerImpl:210     > org.matsim.api.core.v01.events.PersonLeavesVehicleEvent
2026-08-25T03:42:11,579  INFO EventsManagerImpl:210     > org.matsim.contrib.dvrp.vrpagent.TaskStartedEvent
2026-08-25T03:42:11,579  INFO EventsManagerImpl:210     > org.matsim.contrib.dvrp.vrpagent.TaskEndedEvent
2026-08-25T03:42:11,579  INFO EventsManagerImpl:139 === Logging of event-handlers skipped ===
2026-08-25T03:42:11,579  INFO EventsManagerImpl:140 To enable debug output, set an environment variable i.e. export LOG_LEVEL='debug', or set log.setLogLevel(Level.DEBUG) in your run class.
2026-08-25T03:42:11,579  INFO EventsManagerImpl:210     > org.matsim.api.core.v01.events.PersonEntersVehicleEvent
2026-08-25T03:42:11,579  INFO EventsManagerImpl:210     > org.matsim.api.core.v01.events.PersonLeavesVehicleEvent
2026-08-25T03:42:11,579  INFO EventsManagerImpl:210     > org.matsim.contrib.dvrp.vrpagent.TaskStartedEvent
2026-08-25T03:42:11,579  INFO EventsManagerImpl:210     > org.matsim.contrib.dvrp.vrpagent.TaskEndedEvent
2026-08-25T03:42:11,579  INFO EventsManagerImpl:139 === Logging of event-handlers skipped ===
2026-08-25T03:42:11,579  INFO EventsManagerImpl:140 To enable debug output, set an environment variable i.e. export LOG_LEVEL='debug', or set log.setLogLevel(Level.DEBUG) in your run class.
2026-08-25T03:42:11,579  INFO EventsManagerImpl:210     > org.matsim.contrib.dvrp.vrpagent.TaskStartedEvent
2026-08-25T03:42:11,579  INFO EventsManagerImpl:210     > org.matsim.contrib.dvrp.vrpagent.TaskEndedEvent
2026-08-25T03:42:11,579  INFO EventsManagerImpl:139 === Logging of event-handlers skipped ===
2026-08-25T03:42:11,579  INFO EventsManagerImpl:140 To enable debug output, set an environment variable i.e. export LOG_LEVEL='debug', or set log.setLogLevel(Level.DEBUG) in your run class.
2026-08-25T03:42:11,579  INFO EventsManagerImpl:210     > org.matsim.contrib.dvrp.vrpagent.TaskStartedEvent
2026-08-25T03:42:11,579  INFO EventsManagerImpl:210     > org.matsim.contrib.dvrp.vrpagent.TaskEndedEvent
2026-08-25T03:42:11,579  INFO EventsManagerImpl:139 === Logging of event-handlers skipped ===
2026-08-25T03:42:11,579  INFO EventsManagerImpl:140 To enable debug output, set an environment variable i.e. export LOG_LEVEL='debug', or set log.setLogLevel(Level.DEBUG) in your run class.
2026-08-25T03:42:11,579  INFO EventsManagerImpl:210     > org.matsim.contrib.drt.passenger.events.DrtRequestSubmittedEvent
2026-08-25T03:42:11,579  INFO EventsManagerImpl:210     > org.matsim.contrib.dvrp.passenger.PassengerPickedUpEvent
2026-08-25T03:42:11,579  INFO EventsManagerImpl:210     > org.matsim.contrib.dvrp.passenger.PassengerDroppedOffEvent
2026-08-25T03:42:11,580  INFO EventsManagerImpl:139 === Logging of event-handlers skipped ===
2026-08-25T03:42:11,580  INFO EventsManagerImpl:140 To enable debug output, set an environment variable i.e. export LOG_LEVEL='debug', or set log.setLogLevel(Level.DEBUG) in your run class.
2026-08-25T03:42:11,580  INFO EventsManagerImpl:210     > org.matsim.contrib.drt.passenger.events.DrtRequestSubmittedEvent
2026-08-25T03:42:11,580  INFO EventsManagerImpl:210     > org.matsim.contrib.dvrp.passenger.PassengerPickedUpEvent
2026-08-25T03:42:11,580  INFO EventsManagerImpl:210     > org.matsim.contrib.dvrp.passenger.PassengerDroppedOffEvent
2026-08-25T03:42:11,580  INFO EventsManagerImpl:139 === Logging of event-handlers skipped ===
2026-08-25T03:42:11,580  INFO EventsManagerImpl:140 To enable debug output, set an environment variable i.e. export LOG_LEVEL='debug', or set log.setLogLevel(Level.DEBUG) in your run class.
2026-08-25T03:42:11,580  INFO EventsManagerImpl:210     > org.matsim.contrib.dvrp.vrpagent.TaskStartedEvent
2026-08-25T03:42:11,580  INFO EventsManagerImpl:210     > org.matsim.contrib.dvrp.vrpagent.TaskEndedEvent
2026-08-25T03:42:11,580  INFO EventsManagerImpl:139 === Logging of event-handlers skipped ===
2026-08-25T03:42:11,580  INFO EventsManagerImpl:140 To enable debug output, set an environment variable i.e. export LOG_LEVEL='debug', or set log.setLogLevel(Level.DEBUG) in your run class.
2026-08-25T03:42:11,580  INFO EventsManagerImpl:210     > org.matsim.contrib.dvrp.vrpagent.TaskStartedEvent
2026-08-25T03:42:11,580  INFO EventsManagerImpl:210     > org.matsim.contrib.dvrp.vrpagent.TaskEndedEvent
2026-08-25T03:42:11,580  INFO EventsManagerImpl:139 === Logging of event-handlers skipped ===
2026-08-25T03:42:11,580  INFO EventsManagerImpl:140 To enable debug output, set an environment variable i.e. export LOG_LEVEL='debug', or set log.setLogLevel(Level.DEBUG) in your run class.
2026-08-25T03:42:11,580  INFO EventsManagerImpl:210     > org.matsim.contrib.dvrp.vrpagent.TaskStartedEvent
2026-08-25T03:42:11,580  INFO EventsManagerImpl:210     > org.matsim.contrib.dvrp.vrpagent.TaskEndedEvent
2026-08-25T03:42:11,580  INFO EventsManagerImpl:139 === Logging of event-handlers skipped ===
2026-08-25T03:42:11,580  INFO EventsManagerImpl:140 To enable debug output, set an environment variable i.e. export LOG_LEVEL='debug', or set log.setLogLevel(Level.DEBUG) in your run class.
2026-08-25T03:42:11,580  INFO EventsManagerImpl:210     > org.matsim.contrib.dvrp.vrpagent.TaskStartedEvent
2026-08-25T03:42:11,580  INFO EventsManagerImpl:210     > org.matsim.contrib.dvrp.vrpagent.TaskEndedEvent
2026-08-25T03:42:11,580  INFO EventsManagerImpl:139 === Logging of event-handlers skipped ===
2026-08-25T03:42:11,580  INFO EventsManagerImpl:140 To enable debug output, set an environment variable i.e. export LOG_LEVEL='debug', or set log.setLogLevel(Level.DEBUG) in your run class.
2026-08-25T03:42:11,580  INFO EventsManagerImpl:210     > org.matsim.contrib.dvrp.passenger.PassengerPickedUpEvent
2026-08-25T03:42:11,580  INFO EventsManagerImpl:210     > org.matsim.api.core.v01.events.LinkEnterEvent
2026-08-25T03:42:11,580  INFO EventsManagerImpl:210     > org.matsim.contrib.dvrp.passenger.PassengerDroppedOffEvent
2026-08-25T03:42:11,580  INFO EventsManagerImpl:210     > org.matsim.core.api.experimental.events.TeleportationArrivalEvent
2026-08-25T03:42:11,580  INFO EventsManagerImpl:139 === Logging of event-handlers skipped ===
2026-08-25T03:42:11,580  INFO EventsManagerImpl:140 To enable debug output, set an environment variable i.e. export LOG_LEVEL='debug', or set log.setLogLevel(Level.DEBUG) in your run class.
2026-08-25T03:42:11,581  INFO EventsManagerImpl:210     > org.matsim.contrib.dvrp.passenger.PassengerPickedUpEvent
2026-08-25T03:42:11,581  INFO EventsManagerImpl:210     > org.matsim.api.core.v01.events.LinkEnterEvent
2026-08-25T03:42:11,581  INFO EventsManagerImpl:210     > org.matsim.contrib.dvrp.passenger.PassengerDroppedOffEvent
2026-08-25T03:42:11,581  INFO EventsManagerImpl:210     > org.matsim.core.api.experimental.events.TeleportationArrivalEvent
2026-08-25T03:42:11,581  INFO EventsManagerImpl:139 === Logging of event-handlers skipped ===
2026-08-25T03:42:11,581  INFO EventsManagerImpl:140 To enable debug output, set an environment variable i.e. export LOG_LEVEL='debug', or set log.setLogLevel(Level.DEBUG) in your run class.
2026-08-25T03:42:11,581  INFO EventsManagerImpl:210     > org.matsim.contrib.dvrp.passenger.PassengerRequestRejectedEvent
2026-08-25T03:42:11,581  INFO EventsManagerImpl:210     > org.matsim.contrib.dvrp.passenger.PassengerRequestScheduledEvent
2026-08-25T03:42:11,581  INFO EventsManagerImpl:210     > org.matsim.contrib.drt.passenger.events.DrtRequestSubmittedEvent
2026-08-25T03:42:11,581  INFO EventsManagerImpl:210     > org.matsim.contrib.dvrp.passenger.PassengerWaitingEvent
2026-08-25T03:42:11,581  INFO EventsManagerImpl:210     > org.matsim.contrib.dvrp.passenger.PassengerPickedUpEvent
2026-08-25T03:42:11,581  INFO EventsManagerImpl:210     > org.matsim.contrib.dvrp.passenger.PassengerDroppedOffEvent
2026-08-25T03:42:11,581  INFO EventsManagerImpl:210     > org.matsim.api.core.v01.events.PersonMoneyEvent
2026-08-25T03:42:11,581  INFO EventsManagerImpl:210     > org.matsim.api.core.v01.events.PersonDepartureEvent
2026-08-25T03:42:11,581  INFO EventsManagerImpl:139 === Logging of event-handlers skipped ===
2026-08-25T03:42:11,581  INFO EventsManagerImpl:140 To enable debug output, set an environment variable i.e. export LOG_LEVEL='debug', or set log.setLogLevel(Level.DEBUG) in your run class.
2026-08-25T03:42:11,581  INFO EventsManagerImpl:210     > org.matsim.contrib.dvrp.passenger.PassengerRequestRejectedEvent
2026-08-25T03:42:11,581  INFO EventsManagerImpl:210     > org.matsim.contrib.dvrp.passenger.PassengerRequestScheduledEvent
2026-08-25T03:42:11,581  INFO EventsManagerImpl:210     > org.matsim.contrib.drt.passenger.events.DrtRequestSubmittedEvent
2026-08-25T03:42:11,581  INFO EventsManagerImpl:210     > org.matsim.contrib.dvrp.passenger.PassengerWaitingEvent
2026-08-25T03:42:11,581  INFO EventsManagerImpl:210     > org.matsim.contrib.dvrp.passenger.PassengerPickedUpEvent
2026-08-25T03:42:11,581  INFO EventsManagerImpl:210     > org.matsim.contrib.dvrp.passenger.PassengerDroppedOffEvent
2026-08-25T03:42:11,581  INFO EventsManagerImpl:210     > org.matsim.api.core.v01.events.PersonMoneyEvent
2026-08-25T03:42:11,581  INFO EventsManagerImpl:210     > org.matsim.api.core.v01.events.PersonDepartureEvent
2026-08-25T03:42:11,581  INFO EventsManagerImpl:139 === Logging of event-handlers skipped ===
2026-08-25T03:42:11,581  INFO EventsManagerImpl:140 To enable debug output, set an environment variable i.e. export LOG_LEVEL='debug', or set log.setLogLevel(Level.DEBUG) in your run class.
2026-08-25T03:42:11,581  INFO EventsManagerImpl:210     > org.matsim.api.core.v01.events.PersonEntersVehicleEvent
2026-08-25T03:42:11,581  INFO EventsManagerImpl:210     > org.matsim.api.core.v01.events.PersonLeavesVehicleEvent
2026-08-25T03:42:11,581  INFO EventsManagerImpl:210     > org.matsim.contrib.dvrp.vrpagent.TaskStartedEvent
2026-08-25T03:42:11,582  INFO EventsManagerImpl:210     > org.matsim.contrib.dvrp.vrpagent.TaskEndedEvent
2026-08-25T03:42:11,582  INFO EventsManagerImpl:139 === Logging of event-handlers skipped ===
2026-08-25T03:42:11,582  INFO EventsManagerImpl:140 To enable debug output, set an environment variable i.e. export LOG_LEVEL='debug', or set log.setLogLevel(Level.DEBUG) in your run class.
2026-08-25T03:42:11,582  INFO EventsManagerImpl:210     > org.matsim.api.core.v01.events.PersonEntersVehicleEvent
2026-08-25T03:42:11,582  INFO EventsManagerImpl:210     > org.matsim.api.core.v01.events.PersonLeavesVehicleEvent
2026-08-25T03:42:11,582  INFO EventsManagerImpl:210     > org.matsim.contrib.dvrp.vrpagent.TaskStartedEvent
2026-08-25T03:42:11,582  INFO EventsManagerImpl:210     > org.matsim.contrib.dvrp.vrpagent.TaskEndedEvent
2026-08-25T03:42:11,582  INFO EventsManagerImpl:139 === Logging of event-handlers skipped ===
2026-08-25T03:42:11,582  INFO EventsManagerImpl:140 To enable debug output, set an environment variable i.e. export LOG_LEVEL='debug', or set log.setLogLevel(Level.DEBUG) in your run class.
2026-08-25T03:42:11,582  INFO EventsManagerImpl:210     > org.matsim.contrib.dvrp.vrpagent.TaskStartedEvent
2026-08-25T03:42:11,582  INFO EventsManagerImpl:210     > org.matsim.contrib.dvrp.vrpagent.TaskEndedEvent
2026-08-25T03:42:11,582  INFO EventsManagerImpl:139 === Logging of event-handlers skipped ===
2026-08-25T03:42:11,582  INFO EventsManagerImpl:140 To enable debug output, set an environment variable i.e. export LOG_LEVEL='debug', or set log.setLogLevel(Level.DEBUG) in your run class.
2026-08-25T03:42:11,582  INFO EventsManagerImpl:210     > org.matsim.contrib.dvrp.vrpagent.TaskStartedEvent
2026-08-25T03:42:11,582  INFO EventsManagerImpl:210     > org.matsim.contrib.dvrp.vrpagent.TaskEndedEvent
2026-08-25T03:42:11,582  INFO EventsManagerImpl:139 === Logging of event-handlers skipped ===
2026-08-25T03:42:11,582  INFO EventsManagerImpl:140 To enable debug output, set an environment variable i.e. export LOG_LEVEL='debug', or set log.setLogLevel(Level.DEBUG) in your run class.
2026-08-25T03:42:11,582  INFO EventsManagerImpl:210     > org.matsim.contrib.drt.passenger.events.DrtRequestSubmittedEvent
2026-08-25T03:42:11,582  INFO EventsManagerImpl:210     > org.matsim.contrib.dvrp.passenger.PassengerPickedUpEvent
2026-08-25T03:42:11,582  INFO EventsManagerImpl:210     > org.matsim.contrib.dvrp.passenger.PassengerDroppedOffEvent
2026-08-25T03:42:11,582  INFO EventsManagerImpl:139 === Logging of event-handlers skipped ===
2026-08-25T03:42:11,582  INFO EventsManagerImpl:140 To enable debug output, set an environment variable i.e. export LOG_LEVEL='debug', or set log.setLogLevel(Level.DEBUG) in your run class.
2026-08-25T03:42:11,582  INFO EventsManagerImpl:210     > org.matsim.contrib.drt.passenger.events.DrtRequestSubmittedEvent
2026-08-25T03:42:11,582  INFO EventsManagerImpl:210     > org.matsim.contrib.dvrp.passenger.PassengerPickedUpEvent
2026-08-25T03:42:11,582  INFO EventsManagerImpl:210     > org.matsim.contrib.dvrp.passenger.PassengerDroppedOffEvent
2026-08-25T03:42:11,582  INFO EventsManagerImpl:139 === Logging of event-handlers skipped ===
2026-08-25T03:42:11,582  INFO EventsManagerImpl:140 To enable debug output, set an environment variable i.e. export LOG_LEVEL='debug', or set log.setLogLevel(Level.DEBUG) in your run class.
2026-08-25T03:42:11,582  INFO EventsManagerImpl:210     > org.matsim.contrib.dvrp.vrpagent.TaskStartedEvent
2026-08-25T03:42:11,582  INFO EventsManagerImpl:210     > org.matsim.contrib.dvrp.vrpagent.TaskEndedEvent
2026-08-25T03:42:11,582  INFO EventsManagerImpl:139 === Logging of event-handlers skipped ===
2026-08-25T03:42:11,583  INFO EventsManagerImpl:140 To enable debug output, set an environment variable i.e. export LOG_LEVEL='debug', or set log.setLogLevel(Level.DEBUG) in your run class.
2026-08-25T03:42:11,583  INFO EventsManagerImpl:210     > org.matsim.contrib.dvrp.vrpagent.TaskStartedEvent
2026-08-25T03:42:11,583  INFO EventsManagerImpl:210     > org.matsim.contrib.dvrp.vrpagent.TaskEndedEvent
2026-08-25T03:42:11,583  INFO EventsManagerImpl:139 === Logging of event-handlers skipped ===
2026-08-25T03:42:11,583  INFO EventsManagerImpl:140 To enable debug output, set an environment variable i.e. export LOG_LEVEL='debug', or set log.setLogLevel(Level.DEBUG) in your run class.
2026-08-25T03:42:11,583  INFO EventsManagerImpl:210     > org.matsim.contrib.dvrp.vrpagent.TaskStartedEvent
2026-08-25T03:42:11,583  INFO EventsManagerImpl:210     > org.matsim.contrib.dvrp.vrpagent.TaskEndedEvent
2026-08-25T03:42:11,583  INFO EventsManagerImpl:139 === Logging of event-handlers skipped ===
2026-08-25T03:42:11,583  INFO EventsManagerImpl:140 To enable debug output, set an environment variable i.e. export LOG_LEVEL='debug', or set log.setLogLevel(Level.DEBUG) in your run class.
2026-08-25T03:42:11,583  INFO EventsManagerImpl:210     > org.matsim.contrib.dvrp.vrpagent.TaskStartedEvent
2026-08-25T03:42:11,583  INFO EventsManagerImpl:210     > org.matsim.contrib.dvrp.vrpagent.TaskEndedEvent
2026-08-25T03:42:11,583  INFO EventsManagerImpl:139 === Logging of event-handlers skipped ===
2026-08-25T03:42:11,583  INFO EventsManagerImpl:140 To enable debug output, set an environment variable i.e. export LOG_LEVEL='debug', or set log.setLogLevel(Level.DEBUG) in your run class.
2026-08-25T03:42:11,583  INFO EventsManagerImpl:210     > org.matsim.contrib.dvrp.passenger.PassengerPickedUpEvent
2026-08-25T03:42:11,583  INFO EventsManagerImpl:210     > org.matsim.api.core.v01.events.LinkEnterEvent
2026-08-25T03:42:11,583  INFO EventsManagerImpl:210     > org.matsim.contrib.dvrp.passenger.PassengerDroppedOffEvent
2026-08-25T03:42:11,583  INFO EventsManagerImpl:210     > org.matsim.core.api.experimental.events.TeleportationArrivalEvent
2026-08-25T03:42:11,583  INFO EventsManagerImpl:139 === Logging of event-handlers skipped ===
2026-08-25T03:42:11,583  INFO EventsManagerImpl:140 To enable debug output, set an environment variable i.e. export LOG_LEVEL='debug', or set log.setLogLevel(Level.DEBUG) in your run class.
2026-08-25T03:42:11,583  INFO EventsManagerImpl:210     > org.matsim.contrib.dvrp.passenger.PassengerPickedUpEvent
2026-08-25T03:42:11,583  INFO EventsManagerImpl:210     > org.matsim.api.core.v01.events.LinkEnterEvent
2026-08-25T03:42:11,583  INFO EventsManagerImpl:210     > org.matsim.contrib.dvrp.passenger.PassengerDroppedOffEvent
2026-08-25T03:42:11,583  INFO EventsManagerImpl:210     > org.matsim.core.api.experimental.events.TeleportationArrivalEvent
2026-08-25T03:42:11,583  INFO EventsManagerImpl:139 === Logging of event-handlers skipped ===
2026-08-25T03:42:11,583  INFO EventsManagerImpl:140 To enable debug output, set an environment variable i.e. export LOG_LEVEL='debug', or set log.setLogLevel(Level.DEBUG) in your run class.
2026-08-25T03:42:11,583  INFO EventsManagerImpl:210     > org.matsim.contrib.dvrp.passenger.PassengerRequestRejectedEvent
2026-08-25T03:42:11,583  INFO EventsManagerImpl:210     > org.matsim.contrib.dvrp.passenger.PassengerRequestScheduledEvent
2026-08-25T03:42:11,583  INFO EventsManagerImpl:210     > org.matsim.contrib.drt.passenger.events.DrtRequestSubmittedEvent
2026-08-25T03:42:11,583  INFO EventsManagerImpl:210     > org.matsim.contrib.dvrp.passenger.PassengerWaitingEvent
2026-08-25T03:42:11,583  INFO EventsManagerImpl:210     > org.matsim.contrib.dvrp.passenger.PassengerPickedUpEvent
2026-08-25T03:42:11,583  INFO EventsManagerImpl:210     > org.matsim.contrib.dvrp.passenger.PassengerDroppedOffEvent
2026-08-25T03:42:11,583  INFO EventsManagerImpl:210     > org.matsim.api.core.v01.events.PersonMoneyEvent
2026-08-25T03:42:11,583  INFO EventsManagerImpl:210     > org.matsim.api.core.v01.events.PersonDepartureEvent
2026-08-25T03:42:11,583  INFO EventsManagerImpl:139 === Logging of event-handlers skipped ===
2026-08-25T03:42:11,583  INFO EventsManagerImpl:140 To enable debug output, set an environment variable i.e. export LOG_LEVEL='debug', or set log.setLogLevel(Level.DEBUG) in your run class.
2026-08-25T03:42:11,583  INFO EventsManagerImpl:210     > org.matsim.contrib.dvrp.passenger.PassengerRequestRejectedEvent
2026-08-25T03:42:11,583  INFO EventsManagerImpl:210     > org.matsim.contrib.dvrp.passenger.PassengerRequestScheduledEvent
2026-08-25T03:42:11,585  INFO EventsManagerImpl:210     > org.matsim.contrib.drt.passenger.events.DrtRequestSubmittedEvent
2026-08-25T03:42:11,585  INFO EventsManagerImpl:210     > org.matsim.contrib.dvrp.passenger.PassengerWaitingEvent
2026-08-25T03:42:11,585  INFO EventsManagerImpl:210     > org.matsim.contrib.dvrp.passenger.PassengerPickedUpEvent
2026-08-25T03:42:11,585  INFO EventsManagerImpl:210     > org.matsim.contrib.dvrp.passenger.PassengerDroppedOffEvent
2026-08-25T03:42:11,585  INFO EventsManagerImpl:210     > org.matsim.api.core.v01.events.PersonMoneyEvent
2026-08-25T03:42:11,585  INFO EventsManagerImpl:210     > org.matsim.api.core.v01.events.PersonDepartureEvent
2026-08-25T03:42:11,585  INFO EventsManagerImpl:139 === Logging of event-handlers skipped ===
2026-08-25T03:42:11,585  INFO EventsManagerImpl:140 To enable debug output, set an environment variable i.e. export LOG_LEVEL='debug', or set log.setLogLevel(Level.DEBUG) in your run class.
2026-08-25T03:42:11,585  INFO EventsManagerImpl:210     > org.matsim.api.core.v01.events.PersonEntersVehicleEvent
2026-08-25T03:42:11,585  INFO EventsManagerImpl:210     > org.matsim.api.core.v01.events.PersonLeavesVehicleEvent
2026-08-25T03:42:11,585  INFO EventsManagerImpl:210     > org.matsim.contrib.dvrp.vrpagent.TaskStartedEvent
2026-08-25T03:42:11,585  INFO EventsManagerImpl:210     > org.matsim.contrib.dvrp.vrpagent.TaskEndedEvent
2026-08-25T03:42:11,585  INFO EventsManagerImpl:139 === Logging of event-handlers skipped ===
2026-08-25T03:42:11,585  INFO EventsManagerImpl:140 To enable debug output, set an environment variable i.e. export LOG_LEVEL='debug', or set log.setLogLevel(Level.DEBUG) in your run class.
2026-08-25T03:42:11,585  INFO EventsManagerImpl:210     > org.matsim.api.core.v01.events.PersonEntersVehicleEvent
2026-08-25T03:42:11,585  INFO EventsManagerImpl:210     > org.matsim.api.core.v01.events.PersonLeavesVehicleEvent
2026-08-25T03:42:11,585  INFO EventsManagerImpl:210     > org.matsim.contrib.dvrp.vrpagent.TaskStartedEvent
2026-08-25T03:42:11,585  INFO EventsManagerImpl:210     > org.matsim.contrib.dvrp.vrpagent.TaskEndedEvent
2026-08-25T03:42:11,585  INFO EventsManagerImpl:139 === Logging of event-handlers skipped ===
2026-08-25T03:42:11,585  INFO EventsManagerImpl:140 To enable debug output, set an environment variable i.e. export LOG_LEVEL='debug', or set log.setLogLevel(Level.DEBUG) in your run class.
2026-08-25T03:42:11,585  INFO EventsManagerImpl:210     > org.matsim.contrib.dvrp.vrpagent.TaskStartedEvent
2026-08-25T03:42:11,585  INFO EventsManagerImpl:210     > org.matsim.contrib.dvrp.vrpagent.TaskEndedEvent
2026-08-25T03:42:11,585  INFO EventsManagerImpl:139 === Logging of event-handlers skipped ===
2026-08-25T03:42:11,585  INFO EventsManagerImpl:140 To enable debug output, set an environment variable i.e. export LOG_LEVEL='debug', or set log.setLogLevel(Level.DEBUG) in your run class.
2026-08-25T03:42:11,585  INFO EventsManagerImpl:210     > org.matsim.contrib.dvrp.vrpagent.TaskStartedEvent
2026-08-25T03:42:11,585  INFO EventsManagerImpl:210     > org.matsim.contrib.dvrp.vrpagent.TaskEndedEvent
2026-08-25T03:42:11,585  INFO EventsManagerImpl:139 === Logging of event-handlers skipped ===
2026-08-25T03:42:11,585  INFO EventsManagerImpl:140 To enable debug output, set an environment variable i.e. export LOG_LEVEL='debug', or set log.setLogLevel(Level.DEBUG) in your run class.
2026-08-25T03:42:11,585  INFO EventsManagerImpl:210     > org.matsim.contrib.drt.passenger.events.DrtRequestSubmittedEvent
2026-08-25T03:42:11,585  INFO EventsManagerImpl:210     > org.matsim.contrib.dvrp.passenger.PassengerPickedUpEvent
2026-08-25T03:42:11,585  INFO EventsManagerImpl:210     > org.matsim.contrib.dvrp.passenger.PassengerDroppedOffEvent
2026-08-25T03:42:11,585  INFO EventsManagerImpl:139 === Logging of event-handlers skipped ===
2026-08-25T03:42:11,586  INFO EventsManagerImpl:140 To enable debug output, set an environment variable i.e. export LOG_LEVEL='debug', or set log.setLogLevel(Level.DEBUG) in your run class.
2026-08-25T03:42:11,586  INFO EventsManagerImpl:210     > org.matsim.contrib.drt.passenger.events.DrtRequestSubmittedEvent
2026-08-25T03:42:11,586  INFO EventsManagerImpl:210     > org.matsim.contrib.dvrp.passenger.PassengerPickedUpEvent
2026-08-25T03:42:11,586  INFO EventsManagerImpl:210     > org.matsim.contrib.dvrp.passenger.PassengerDroppedOffEvent
2026-08-25T03:42:11,586  INFO EventsManagerImpl:139 === Logging of event-handlers skipped ===
2026-08-25T03:42:11,586  INFO EventsManagerImpl:140 To enable debug output, set an environment variable i.e. export LOG_LEVEL='debug', or set log.setLogLevel(Level.DEBUG) in your run class.
2026-08-25T03:42:11,586  INFO EventsManagerImpl:210     > org.matsim.contrib.dvrp.vrpagent.TaskStartedEvent
2026-08-25T03:42:11,586  INFO EventsManagerImpl:210     > org.matsim.contrib.dvrp.vrpagent.TaskEndedEvent
2026-08-25T03:42:11,586  INFO EventsManagerImpl:139 === Logging of event-handlers skipped ===
2026-08-25T03:42:11,586  INFO EventsManagerImpl:140 To enable debug output, set an environment variable i.e. export LOG_LEVEL='debug', or set log.setLogLevel(Level.DEBUG) in your run class.
2026-08-25T03:42:11,586  INFO EventsManagerImpl:210     > org.matsim.contrib.dvrp.vrpagent.TaskStartedEvent
2026-08-25T03:42:11,587  INFO EventsManagerImpl:210     > org.matsim.contrib.dvrp.vrpagent.TaskEndedEvent
2026-08-25T03:42:11,587  INFO EventsManagerImpl:139 === Logging of event-handlers skipped ===
2026-08-25T03:42:11,587  INFO EventsManagerImpl:140 To enable debug output, set an environment variable i.e. export LOG_LEVEL='debug', or set log.setLogLevel(Level.DEBUG) in your run class.
2026-08-25T03:42:11,587  INFO EventsManagerImpl:210     > org.matsim.contrib.dvrp.vrpagent.TaskStartedEvent
2026-08-25T03:42:11,587  INFO EventsManagerImpl:210     > org.matsim.contrib.dvrp.vrpagent.TaskEndedEvent
2026-08-25T03:42:11,587  INFO EventsManagerImpl:139 === Logging of event-handlers skipped ===
2026-08-25T03:42:11,587  INFO EventsManagerImpl:140 To enable debug output, set an environment variable i.e. export LOG_LEVEL='debug', or set log.setLogLevel(Level.DEBUG) in your run class.
2026-08-25T03:42:11,587  INFO EventsManagerImpl:210     > org.matsim.contrib.dvrp.vrpagent.TaskStartedEvent
2026-08-25T03:42:11,587  INFO EventsManagerImpl:210     > org.matsim.contrib.dvrp.vrpagent.TaskEndedEvent
2026-08-25T03:42:11,587  INFO EventsManagerImpl:139 === Logging of event-handlers skipped ===
2026-08-25T03:42:11,587  INFO EventsManagerImpl:140 To enable debug output, set an environment variable i.e. export LOG_LEVEL='debug', or set log.setLogLevel(Level.DEBUG) in your run class.
2026-08-25T03:42:11,587  INFO EventsManagerImpl:210     > org.matsim.contrib.dvrp.passenger.PassengerPickedUpEvent
2026-08-25T03:42:11,587  INFO EventsManagerImpl:210     > org.matsim.api.core.v01.events.LinkEnterEvent
2026-08-25T03:42:11,587  INFO EventsManagerImpl:210     > org.matsim.contrib.dvrp.passenger.PassengerDroppedOffEvent
2026-08-25T03:42:11,587  INFO EventsManagerImpl:210     > org.matsim.core.api.experimental.events.TeleportationArrivalEvent
2026-08-25T03:42:11,587  INFO EventsManagerImpl:139 === Logging of event-handlers skipped ===
2026-08-25T03:42:11,587  INFO EventsManagerImpl:140 To enable debug output, set an environment variable i.e. export LOG_LEVEL='debug', or set log.setLogLevel(Level.DEBUG) in your run class.
2026-08-25T03:42:11,587  INFO EventsManagerImpl:210     > org.matsim.contrib.dvrp.passenger.PassengerPickedUpEvent
2026-08-25T03:42:11,587  INFO EventsManagerImpl:210     > org.matsim.api.core.v01.events.LinkEnterEvent
2026-08-25T03:42:11,587  INFO EventsManagerImpl:210     > org.matsim.contrib.dvrp.passenger.PassengerDroppedOffEvent
2026-08-25T03:42:11,587  INFO EventsManagerImpl:210     > org.matsim.core.api.experimental.events.TeleportationArrivalEvent
2026-08-25T03:42:11,587  INFO EventsManagerImpl:139 === Logging of event-handlers skipped ===
2026-08-25T03:42:11,587  INFO EventsManagerImpl:140 To enable debug output, set an environment variable i.e. export LOG_LEVEL='debug', or set log.setLogLevel(Level.DEBUG) in your run class.
2026-08-25T03:42:11,587  INFO EventsManagerImpl:210     > org.matsim.contrib.dvrp.passenger.PassengerRequestRejectedEvent
2026-08-25T03:42:11,587  INFO EventsManagerImpl:210     > org.matsim.contrib.dvrp.passenger.PassengerRequestScheduledEvent
2026-08-25T03:42:11,587  INFO EventsManagerImpl:210     > org.matsim.contrib.drt.passenger.events.DrtRequestSubmittedEvent
2026-08-25T03:42:11,587  INFO EventsManagerImpl:210     > org.matsim.contrib.dvrp.passenger.PassengerWaitingEvent
2026-08-25T03:42:11,587  INFO EventsManagerImpl:210     > org.matsim.contrib.dvrp.passenger.PassengerPickedUpEvent
2026-08-25T03:42:11,587  INFO EventsManagerImpl:210     > org.matsim.contrib.dvrp.passenger.PassengerDroppedOffEvent
2026-08-25T03:42:11,587  INFO EventsManagerImpl:210     > org.matsim.api.core.v01.events.PersonMoneyEvent
2026-08-25T03:42:11,587  INFO EventsManagerImpl:210     > org.matsim.api.core.v01.events.PersonDepartureEvent
2026-08-25T03:42:11,587  INFO EventsManagerImpl:139 === Logging of event-handlers skipped ===
2026-08-25T03:42:11,587  INFO EventsManagerImpl:140 To enable debug output, set an environment variable i.e. export LOG_LEVEL='debug', or set log.setLogLevel(Level.DEBUG) in your run class.
2026-08-25T03:42:11,587  INFO EventsManagerImpl:210     > org.matsim.contrib.dvrp.passenger.PassengerRequestRejectedEvent
2026-08-25T03:42:11,587  INFO EventsManagerImpl:210     > org.matsim.contrib.dvrp.passenger.PassengerRequestScheduledEvent
2026-08-25T03:42:11,587  INFO EventsManagerImpl:210     > org.matsim.contrib.drt.passenger.events.DrtRequestSubmittedEvent
2026-08-25T03:42:11,587  INFO EventsManagerImpl:210     > org.matsim.contrib.dvrp.passenger.PassengerWaitingEvent
2026-08-25T03:42:11,587  INFO EventsManagerImpl:210     > org.matsim.contrib.dvrp.passenger.PassengerPickedUpEvent
2026-08-25T03:42:11,587  INFO EventsManagerImpl:210     > org.matsim.contrib.dvrp.passenger.PassengerDroppedOffEvent
2026-08-25T03:42:11,589  INFO EventsManagerImpl:210     > org.matsim.api.core.v01.events.PersonMoneyEvent
2026-08-25T03:42:11,589  INFO EventsManagerImpl:210     > org.matsim.api.core.v01.events.PersonDepartureEvent
2026-08-25T03:42:11,589  INFO EventsManagerImpl:139 === Logging of event-handlers skipped ===
2026-08-25T03:42:11,589  INFO EventsManagerImpl:140 To enable debug output, set an environment variable i.e. export LOG_LEVEL='debug', or set log.setLogLevel(Level.DEBUG) in your run class.
2026-08-25T03:42:11,589  INFO EventsManagerImpl:210     > org.matsim.api.core.v01.events.PersonEntersVehicleEvent
2026-08-25T03:42:11,589  INFO EventsManagerImpl:210     > org.matsim.api.core.v01.events.PersonLeavesVehicleEvent
2026-08-25T03:42:11,589  INFO EventsManagerImpl:210     > org.matsim.contrib.dvrp.vrpagent.TaskStartedEvent
2026-08-25T03:42:11,589  INFO EventsManagerImpl:210     > org.matsim.contrib.dvrp.vrpagent.TaskEndedEvent
2026-08-25T03:42:11,589  INFO EventsManagerImpl:139 === Logging of event-handlers skipped ===
2026-08-25T03:42:11,589  INFO EventsManagerImpl:140 To enable debug output, set an environment variable i.e. export LOG_LEVEL='debug', or set log.setLogLevel(Level.DEBUG) in your run class.
2026-08-25T03:42:11,589  INFO EventsManagerImpl:210     > org.matsim.api.core.v01.events.PersonEntersVehicleEvent
2026-08-25T03:42:11,589  INFO EventsManagerImpl:210     > org.matsim.api.core.v01.events.PersonLeavesVehicleEvent
2026-08-25T03:42:11,589  INFO EventsManagerImpl:210     > org.matsim.contrib.dvrp.vrpagent.TaskStartedEvent
2026-08-25T03:42:11,589  INFO EventsManagerImpl:210     > org.matsim.contrib.dvrp.vrpagent.TaskEndedEvent
2026-08-25T03:42:11,589  INFO EventsManagerImpl:139 === Logging of event-handlers skipped ===
2026-08-25T03:42:11,589  INFO EventsManagerImpl:140 To enable debug output, set an environment variable i.e. export LOG_LEVEL='debug', or set log.setLogLevel(Level.DEBUG) in your run class.
2026-08-25T03:42:11,589  INFO EventsManagerImpl:210     > org.matsim.contrib.dvrp.vrpagent.TaskStartedEvent
2026-08-25T03:42:11,589  INFO EventsManagerImpl:210     > org.matsim.contrib.dvrp.vrpagent.TaskEndedEvent
2026-08-25T03:42:11,589  INFO EventsManagerImpl:139 === Logging of event-handlers skipped ===
2026-08-25T03:42:11,589  INFO EventsManagerImpl:140 To enable debug output, set an environment variable i.e. export LOG_LEVEL='debug', or set log.setLogLevel(Level.DEBUG) in your run class.
2026-08-25T03:42:11,590  INFO EventsManagerImpl:210     > org.matsim.contrib.dvrp.vrpagent.TaskStartedEvent
2026-08-25T03:42:11,590  INFO EventsManagerImpl:210     > org.matsim.contrib.dvrp.vrpagent.TaskEndedEvent
2026-08-25T03:42:11,590  INFO EventsManagerImpl:139 === Logging of event-handlers skipped ===
2026-08-25T03:42:11,590  INFO EventsManagerImpl:140 To enable debug output, set an environment variable i.e. export LOG_LEVEL='debug', or set log.setLogLevel(Level.DEBUG) in your run class.
2026-08-25T03:42:11,590  INFO EventsManagerImpl:210     > org.matsim.contrib.drt.passenger.events.DrtRequestSubmittedEvent
2026-08-25T03:42:11,590  INFO EventsManagerImpl:210     > org.matsim.contrib.dvrp.passenger.PassengerPickedUpEvent
2026-08-25T03:42:11,590  INFO EventsManagerImpl:210     > org.matsim.contrib.dvrp.passenger.PassengerDroppedOffEvent
2026-08-25T03:42:11,590  INFO EventsManagerImpl:139 === Logging of event-handlers skipped ===
2026-08-25T03:42:11,590  INFO EventsManagerImpl:140 To enable debug output, set an environment variable i.e. export LOG_LEVEL='debug', or set log.setLogLevel(Level.DEBUG) in your run class.
2026-08-25T03:42:11,590  INFO EventsManagerImpl:210     > org.matsim.contrib.drt.passenger.events.DrtRequestSubmittedEvent
2026-08-25T03:42:11,590  INFO EventsManagerImpl:210     > org.matsim.contrib.dvrp.passenger.PassengerPickedUpEvent
2026-08-25T03:42:11,590  INFO EventsManagerImpl:210     > org.matsim.contrib.dvrp.passenger.PassengerDroppedOffEvent
2026-08-25T03:42:11,590  INFO EventsManagerImpl:139 === Logging of event-handlers skipped ===
2026-08-25T03:42:11,590  INFO EventsManagerImpl:140 To enable debug output, set an environment variable i.e. export LOG_LEVEL='debug', or set log.setLogLevel(Level.DEBUG) in your run class.
2026-08-25T03:42:11,590  INFO EventsManagerImpl:210     > org.matsim.contrib.dvrp.vrpagent.TaskStartedEvent
2026-08-25T03:42:11,590  INFO EventsManagerImpl:210     > org.matsim.contrib.dvrp.vrpagent.TaskEndedEvent
2026-08-25T03:42:11,590  INFO EventsManagerImpl:139 === Logging of event-handlers skipped ===
2026-08-25T03:42:11,590  INFO EventsManagerImpl:140 To enable debug output, set an environment variable i.e. export LOG_LEVEL='debug', or set log.setLogLevel(Level.DEBUG) in your run class.
2026-08-25T03:42:11,590  INFO EventsManagerImpl:210     > org.matsim.contrib.dvrp.vrpagent.TaskStartedEvent
2026-08-25T03:42:11,590  INFO EventsManagerImpl:210     > org.matsim.contrib.dvrp.vrpagent.TaskEndedEvent
2026-08-25T03:42:11,590  INFO EventsManagerImpl:139 === Logging of event-handlers skipped ===
2026-08-25T03:42:11,590  INFO EventsManagerImpl:140 To enable debug output, set an environment variable i.e. export LOG_LEVEL='debug', or set log.setLogLevel(Level.DEBUG) in your run class.
2026-08-25T03:42:11,591  INFO EventsManagerImpl:210     > org.matsim.contrib.dvrp.vrpagent.TaskStartedEvent
2026-08-25T03:42:11,591  INFO EventsManagerImpl:210     > org.matsim.contrib.dvrp.vrpagent.TaskEndedEvent
2026-08-25T03:42:11,591  INFO EventsManagerImpl:139 === Logging of event-handlers skipped ===
2026-08-25T03:42:11,591  INFO EventsManagerImpl:140 To enable debug output, set an environment variable i.e. export LOG_LEVEL='debug', or set log.setLogLevel(Level.DEBUG) in your run class.
2026-08-25T03:42:11,591  INFO EventsManagerImpl:210     > org.matsim.contrib.dvrp.vrpagent.TaskStartedEvent
2026-08-25T03:42:11,591  INFO EventsManagerImpl:210     > org.matsim.contrib.dvrp.vrpagent.TaskEndedEvent
2026-08-25T03:42:11,591  INFO EventsManagerImpl:139 === Logging of event-handlers skipped ===
2026-08-25T03:42:11,591  INFO EventsManagerImpl:140 To enable debug output, set an environment variable i.e. export LOG_LEVEL='debug', or set log.setLogLevel(Level.DEBUG) in your run class.
2026-08-25T03:42:11,591  INFO EventsManagerImpl:210     > org.matsim.contrib.dvrp.passenger.PassengerPickedUpEvent
2026-08-25T03:42:11,591  INFO EventsManagerImpl:210     > org.matsim.api.core.v01.events.LinkEnterEvent
2026-08-25T03:42:11,591  INFO EventsManagerImpl:210     > org.matsim.contrib.dvrp.passenger.PassengerDroppedOffEvent
2026-08-25T03:42:11,591  INFO EventsManagerImpl:210     > org.matsim.core.api.experimental.events.TeleportationArrivalEvent
2026-08-25T03:42:11,591  INFO EventsManagerImpl:139 === Logging of event-handlers skipped ===
2026-08-25T03:42:11,591  INFO EventsManagerImpl:140 To enable debug output, set an environment variable i.e. export LOG_LEVEL='debug', or set log.setLogLevel(Level.DEBUG) in your run class.
2026-08-25T03:42:11,591  INFO EventsManagerImpl:210     > org.matsim.contrib.dvrp.passenger.PassengerPickedUpEvent
2026-08-25T03:42:11,591  INFO EventsManagerImpl:210     > org.matsim.api.core.v01.events.LinkEnterEvent
2026-08-25T03:42:11,591  INFO EventsManagerImpl:210     > org.matsim.contrib.dvrp.passenger.PassengerDroppedOffEvent
2026-08-25T03:42:11,591  INFO EventsManagerImpl:210     > org.matsim.core.api.experimental.events.TeleportationArrivalEvent
2026-08-25T03:42:11,591  INFO EventsManagerImpl:139 === Logging of event-handlers skipped ===
2026-08-25T03:42:11,591  INFO EventsManagerImpl:140 To enable debug output, set an environment variable i.e. export LOG_LEVEL='debug', or set log.setLogLevel(Level.DEBUG) in your run class.
2026-08-25T03:42:11,591  INFO EventsManagerImpl:210     > org.matsim.contrib.dvrp.passenger.PassengerRequestRejectedEvent
2026-08-25T03:42:11,591  INFO EventsManagerImpl:210     > org.matsim.contrib.dvrp.passenger.PassengerRequestScheduledEvent
2026-08-25T03:42:11,591  INFO EventsManagerImpl:210     > org.matsim.contrib.drt.passenger.events.DrtRequestSubmittedEvent
2026-08-25T03:42:11,591  INFO EventsManagerImpl:210     > org.matsim.contrib.dvrp.passenger.PassengerWaitingEvent
2026-08-25T03:42:11,591  INFO EventsManagerImpl:210     > org.matsim.contrib.dvrp.passenger.PassengerPickedUpEvent
2026-08-25T03:42:11,591  INFO EventsManagerImpl:210     > org.matsim.contrib.dvrp.passenger.PassengerDroppedOffEvent
2026-08-25T03:42:11,591  INFO EventsManagerImpl:210     > org.matsim.api.core.v01.events.PersonMoneyEvent
2026-08-25T03:42:11,591  INFO EventsManagerImpl:210     > org.matsim.api.core.v01.events.PersonDepartureEvent
2026-08-25T03:42:11,591  INFO EventsManagerImpl:139 === Logging of event-handlers skipped ===
2026-08-25T03:42:11,591  INFO EventsManagerImpl:140 To enable debug output, set an environment variable i.e. export LOG_LEVEL='debug', or set log.setLogLevel(Level.DEBUG) in your run class.
2026-08-25T03:42:11,591  INFO EventsManagerImpl:210     > org.matsim.contrib.dvrp.passenger.PassengerRequestRejectedEvent
2026-08-25T03:42:11,591  INFO EventsManagerImpl:210     > org.matsim.contrib.dvrp.passenger.PassengerRequestScheduledEvent
2026-08-25T03:42:11,591  INFO EventsManagerImpl:210     > org.matsim.contrib.drt.passenger.events.DrtRequestSubmittedEvent
2026-08-25T03:42:11,591  INFO EventsManagerImpl:210     > org.matsim.contrib.dvrp.passenger.PassengerWaitingEvent
2026-08-25T03:42:11,591  INFO EventsManagerImpl:210     > org.matsim.contrib.dvrp.passenger.PassengerPickedUpEvent
2026-08-25T03:42:11,591  INFO EventsManagerImpl:210     > org.matsim.contrib.dvrp.passenger.PassengerDroppedOffEvent
2026-08-25T03:42:11,591  INFO EventsManagerImpl:210     > org.matsim.api.core.v01.events.PersonMoneyEvent
2026-08-25T03:42:11,593  INFO EventsManagerImpl:210     > org.matsim.api.core.v01.events.PersonDepartureEvent
2026-08-25T03:42:11,593  INFO EventsManagerImpl:139 === Logging of event-handlers skipped ===
2026-08-25T03:42:11,593  INFO EventsManagerImpl:140 To enable debug output, set an environment variable i.e. export LOG_LEVEL='debug', or set log.setLogLevel(Level.DEBUG) in your run class.
2026-08-25T03:42:11,593  INFO EventsManagerImpl:210     > org.matsim.api.core.v01.events.PersonEntersVehicleEvent
2026-08-25T03:42:11,593  INFO EventsManagerImpl:210     > org.matsim.api.core.v01.events.PersonLeavesVehicleEvent
2026-08-25T03:42:11,593  INFO EventsManagerImpl:210     > org.matsim.contrib.dvrp.vrpagent.TaskStartedEvent
2026-08-25T03:42:11,593  INFO EventsManagerImpl:210     > org.matsim.contrib.dvrp.vrpagent.TaskEndedEvent
2026-08-25T03:42:11,593  INFO EventsManagerImpl:139 === Logging of event-handlers skipped ===
2026-08-25T03:42:11,593  INFO EventsManagerImpl:140 To enable debug output, set an environment variable i.e. export LOG_LEVEL='debug', or set log.setLogLevel(Level.DEBUG) in your run class.
2026-08-25T03:42:11,593  INFO EventsManagerImpl:210     > org.matsim.api.core.v01.events.PersonEntersVehicleEvent
2026-08-25T03:42:11,593  INFO EventsManagerImpl:210     > org.matsim.api.core.v01.events.PersonLeavesVehicleEvent
2026-08-25T03:42:11,593  INFO EventsManagerImpl:210     > org.matsim.contrib.dvrp.vrpagent.TaskStartedEvent
2026-08-25T03:42:11,593  INFO EventsManagerImpl:210     > org.matsim.contrib.dvrp.vrpagent.TaskEndedEvent
2026-08-25T03:42:11,593  INFO EventsManagerImpl:139 === Logging of event-handlers skipped ===
2026-08-25T03:42:11,593  INFO EventsManagerImpl:140 To enable debug output, set an environment variable i.e. export LOG_LEVEL='debug', or set log.setLogLevel(Level.DEBUG) in your run class.
2026-08-25T03:42:11,593  INFO EventsManagerImpl:210     > org.matsim.contrib.dvrp.vrpagent.TaskStartedEvent
2026-08-25T03:42:11,593  INFO EventsManagerImpl:210     > org.matsim.contrib.dvrp.vrpagent.TaskEndedEvent
2026-08-25T03:42:11,593  INFO EventsManagerImpl:139 === Logging of event-handlers skipped ===
2026-08-25T03:42:11,593  INFO EventsManagerImpl:140 To enable debug output, set an environment variable i.e. export LOG_LEVEL='debug', or set log.setLogLevel(Level.DEBUG) in your run class.
2026-08-25T03:42:11,593  INFO EventsManagerImpl:210     > org.matsim.contrib.dvrp.vrpagent.TaskStartedEvent
2026-08-25T03:42:11,593  INFO EventsManagerImpl:210     > org.matsim.contrib.dvrp.vrpagent.TaskEndedEvent
2026-08-25T03:42:11,593  INFO EventsManagerImpl:139 === Logging of event-handlers skipped ===
2026-08-25T03:42:11,593  INFO EventsManagerImpl:140 To enable debug output, set an environment variable i.e. export LOG_LEVEL='debug', or set log.setLogLevel(Level.DEBUG) in your run class.
2026-08-25T03:42:11,593  INFO EventsManagerImpl:210     > org.matsim.contrib.drt.passenger.events.DrtRequestSubmittedEvent
2026-08-25T03:42:11,593  INFO EventsManagerImpl:210     > org.matsim.contrib.dvrp.passenger.PassengerPickedUpEvent
2026-08-25T03:42:11,593  INFO EventsManagerImpl:210     > org.matsim.contrib.dvrp.passenger.PassengerDroppedOffEvent
2026-08-25T03:42:11,594  INFO EventsManagerImpl:139 === Logging of event-handlers skipped ===
2026-08-25T03:42:11,594  INFO EventsManagerImpl:140 To enable debug output, set an environment variable i.e. export LOG_LEVEL='debug', or set log.setLogLevel(Level.DEBUG) in your run class.
2026-08-25T03:42:11,594  INFO EventsManagerImpl:210     > org.matsim.contrib.drt.passenger.events.DrtRequestSubmittedEvent
2026-08-25T03:42:11,594  INFO EventsManagerImpl:210     > org.matsim.contrib.dvrp.passenger.PassengerPickedUpEvent
2026-08-25T03:42:11,594  INFO EventsManagerImpl:210     > org.matsim.contrib.dvrp.passenger.PassengerDroppedOffEvent
2026-08-25T03:42:11,594  INFO EventsManagerImpl:139 === Logging of event-handlers skipped ===
2026-08-25T03:42:11,594  INFO EventsManagerImpl:140 To enable debug output, set an environment variable i.e. export LOG_LEVEL='debug', or set log.setLogLevel(Level.DEBUG) in your run class.
2026-08-25T03:42:11,594  INFO EventsManagerImpl:210     > org.matsim.contrib.dvrp.vrpagent.TaskStartedEvent
2026-08-25T03:42:11,594  INFO EventsManagerImpl:210     > org.matsim.contrib.dvrp.vrpagent.TaskEndedEvent
2026-08-25T03:42:11,594  INFO EventsManagerImpl:139 === Logging of event-handlers skipped ===
2026-08-25T03:42:11,594  INFO EventsManagerImpl:140 To enable debug output, set an environment variable i.e. export LOG_LEVEL='debug', or set log.setLogLevel(Level.DEBUG) in your run class.
2026-08-25T03:42:11,594  INFO EventsManagerImpl:210     > org.matsim.contrib.dvrp.vrpagent.TaskStartedEvent
2026-08-25T03:42:11,594  INFO EventsManagerImpl:210     > org.matsim.contrib.dvrp.vrpagent.TaskEndedEvent
2026-08-25T03:42:11,594  INFO EventsManagerImpl:139 === Logging of event-handlers skipped ===
2026-08-25T03:42:11,594  INFO EventsManagerImpl:140 To enable debug output, set an environment variable i.e. export LOG_LEVEL='debug', or set log.setLogLevel(Level.DEBUG) in your run class.
2026-08-25T03:42:11,594  INFO EventsManagerImpl:210     > org.matsim.contrib.dvrp.vrpagent.TaskStartedEvent
2026-08-25T03:42:11,594  INFO EventsManagerImpl:210     > org.matsim.contrib.dvrp.vrpagent.TaskEndedEvent
2026-08-25T03:42:11,594  INFO EventsManagerImpl:139 === Logging of event-handlers skipped ===
2026-08-25T03:42:11,594  INFO EventsManagerImpl:140 To enable debug output, set an environment variable i.e. export LOG_LEVEL='debug', or set log.setLogLevel(Level.DEBUG) in your run class.
2026-08-25T03:42:11,595  INFO EventsManagerImpl:210     > org.matsim.contrib.dvrp.vrpagent.TaskStartedEvent
2026-08-25T03:42:11,595  INFO EventsManagerImpl:210     > org.matsim.contrib.dvrp.vrpagent.TaskEndedEvent
2026-08-25T03:42:11,595  INFO EventsManagerImpl:139 === Logging of event-handlers skipped ===
2026-08-25T03:42:11,595  INFO EventsManagerImpl:140 To enable debug output, set an environment variable i.e. export LOG_LEVEL='debug', or set log.setLogLevel(Level.DEBUG) in your run class.
2026-08-25T03:42:11,595  INFO EventsManagerImpl:210     > org.matsim.contrib.dvrp.passenger.PassengerPickedUpEvent
2026-08-25T03:42:11,595  INFO EventsManagerImpl:210     > org.matsim.api.core.v01.events.LinkEnterEvent
2026-08-25T03:42:11,595  INFO EventsManagerImpl:210     > org.matsim.contrib.dvrp.passenger.PassengerDroppedOffEvent
2026-08-25T03:42:11,595  INFO EventsManagerImpl:210     > org.matsim.core.api.experimental.events.TeleportationArrivalEvent
2026-08-25T03:42:11,595  INFO EventsManagerImpl:139 === Logging of event-handlers skipped ===
2026-08-25T03:42:11,595  INFO EventsManagerImpl:140 To enable debug output, set an environment variable i.e. export LOG_LEVEL='debug', or set log.setLogLevel(Level.DEBUG) in your run class.
2026-08-25T03:42:11,595  INFO EventsManagerImpl:210     > org.matsim.contrib.dvrp.passenger.PassengerPickedUpEvent
2026-08-25T03:42:11,595  INFO EventsManagerImpl:210     > org.matsim.api.core.v01.events.LinkEnterEvent
2026-08-25T03:42:11,595  INFO EventsManagerImpl:210     > org.matsim.contrib.dvrp.passenger.PassengerDroppedOffEvent
2026-08-25T03:42:11,595  INFO EventsManagerImpl:210     > org.matsim.core.api.experimental.events.TeleportationArrivalEvent
2026-08-25T03:42:11,595  INFO EventsManagerImpl:139 === Logging of event-handlers skipped ===
2026-08-25T03:42:11,595  INFO EventsManagerImpl:140 To enable debug output, set an environment variable i.e. export LOG_LEVEL='debug', or set log.setLogLevel(Level.DEBUG) in your run class.
2026-08-25T03:42:11,595  INFO EventsManagerImpl:210     > org.matsim.contrib.dvrp.passenger.PassengerRequestRejectedEvent
2026-08-25T03:42:11,595  INFO EventsManagerImpl:210     > org.matsim.contrib.dvrp.passenger.PassengerRequestScheduledEvent
2026-08-25T03:42:11,596  INFO EventsManagerImpl:210     > org.matsim.contrib.drt.passenger.events.DrtRequestSubmittedEvent
2026-08-25T03:42:11,596  INFO EventsManagerImpl:210     > org.matsim.contrib.dvrp.passenger.PassengerWaitingEvent
2026-08-25T03:42:11,596  INFO EventsManagerImpl:210     > org.matsim.contrib.dvrp.passenger.PassengerPickedUpEvent
2026-08-25T03:42:11,596  INFO EventsManagerImpl:210     > org.matsim.contrib.dvrp.passenger.PassengerDroppedOffEvent
2026-08-25T03:42:11,596  INFO EventsManagerImpl:210     > org.matsim.api.core.v01.events.PersonMoneyEvent
2026-08-25T03:42:11,596  INFO EventsManagerImpl:210     > org.matsim.api.core.v01.events.PersonDepartureEvent
2026-08-25T03:42:11,596  INFO EventsManagerImpl:139 === Logging of event-handlers skipped ===
2026-08-25T03:42:11,596  INFO EventsManagerImpl:140 To enable debug output, set an environment variable i.e. export LOG_LEVEL='debug', or set log.setLogLevel(Level.DEBUG) in your run class.
2026-08-25T03:42:11,596  INFO EventsManagerImpl:210     > org.matsim.contrib.dvrp.passenger.PassengerRequestRejectedEvent
2026-08-25T03:42:11,596  INFO EventsManagerImpl:210     > org.matsim.contrib.dvrp.passenger.PassengerRequestScheduledEvent
2026-08-25T03:42:11,596  INFO EventsManagerImpl:210     > org.matsim.contrib.drt.passenger.events.DrtRequestSubmittedEvent
2026-08-25T03:42:11,596  INFO EventsManagerImpl:210     > org.matsim.contrib.dvrp.passenger.PassengerWaitingEvent
2026-08-25T03:42:11,596  INFO EventsManagerImpl:210     > org.matsim.contrib.dvrp.passenger.PassengerPickedUpEvent
2026-08-25T03:42:11,596  INFO EventsManagerImpl:210     > org.matsim.contrib.dvrp.passenger.PassengerDroppedOffEvent
2026-08-25T03:42:11,596  INFO EventsManagerImpl:210     > org.matsim.api.core.v01.events.PersonMoneyEvent
2026-08-25T03:42:11,596  INFO EventsManagerImpl:210     > org.matsim.api.core.v01.events.PersonDepartureEvent
2026-08-25T03:42:11,596  INFO EventsManagerImpl:139 === Logging of event-handlers skipped ===
2026-08-25T03:42:11,596  INFO EventsManagerImpl:140 To enable debug output, set an environment variable i.e. export LOG_LEVEL='debug', or set log.setLogLevel(Level.DEBUG) in your run class.
2026-08-25T03:42:11,597  INFO EventsManagerImpl:210     > org.matsim.api.core.v01.events.PersonEntersVehicleEvent
2026-08-25T03:42:11,597  INFO EventsManagerImpl:210     > org.matsim.api.core.v01.events.PersonLeavesVehicleEvent
2026-08-25T03:42:11,597  INFO EventsManagerImpl:210     > org.matsim.contrib.dvrp.vrpagent.TaskStartedEvent
2026-08-25T03:42:11,597  INFO EventsManagerImpl:210     > org.matsim.contrib.dvrp.vrpagent.TaskEndedEvent
2026-08-25T03:42:11,597  INFO EventsManagerImpl:139 === Logging of event-handlers skipped ===
2026-08-25T03:42:11,597  INFO EventsManagerImpl:140 To enable debug output, set an environment variable i.e. export LOG_LEVEL='debug', or set log.setLogLevel(Level.DEBUG) in your run class.
2026-08-25T03:42:11,597  INFO EventsManagerImpl:210     > org.matsim.api.core.v01.events.PersonEntersVehicleEvent
2026-08-25T03:42:11,597  INFO EventsManagerImpl:210     > org.matsim.api.core.v01.events.PersonLeavesVehicleEvent
2026-08-25T03:42:11,597  INFO EventsManagerImpl:210     > org.matsim.contrib.dvrp.vrpagent.TaskStartedEvent
2026-08-25T03:42:11,597  INFO EventsManagerImpl:210     > org.matsim.contrib.dvrp.vrpagent.TaskEndedEvent
2026-08-25T03:42:11,597  INFO EventsManagerImpl:139 === Logging of event-handlers skipped ===
2026-08-25T03:42:11,597  INFO EventsManagerImpl:140 To enable debug output, set an environment variable i.e. export LOG_LEVEL='debug', or set log.setLogLevel(Level.DEBUG) in your run class.
2026-08-25T03:42:11,597  INFO EventsManagerImpl:210     > org.matsim.contrib.dvrp.vrpagent.TaskStartedEvent
2026-08-25T03:42:11,597  INFO EventsManagerImpl:210     > org.matsim.contrib.dvrp.vrpagent.TaskEndedEvent
2026-08-25T03:42:11,597  INFO EventsManagerImpl:139 === Logging of event-handlers skipped ===
2026-08-25T03:42:11,598  INFO EventsManagerImpl:140 To enable debug output, set an environment variable i.e. export LOG_LEVEL='debug', or set log.setLogLevel(Level.DEBUG) in your run class.
2026-08-25T03:42:11,598  INFO EventsManagerImpl:210     > org.matsim.contrib.dvrp.vrpagent.TaskStartedEvent
2026-08-25T03:42:11,598  INFO EventsManagerImpl:210     > org.matsim.contrib.dvrp.vrpagent.TaskEndedEvent
2026-08-25T03:42:11,598  INFO EventsManagerImpl:139 === Logging of event-handlers skipped ===
2026-08-25T03:42:11,598  INFO EventsManagerImpl:140 To enable debug output, set an environment variable i.e. export LOG_LEVEL='debug', or set log.setLogLevel(Level.DEBUG) in your run class.
2026-08-25T03:42:11,598  INFO EventsManagerImpl:210     > org.matsim.contrib.drt.passenger.events.DrtRequestSubmittedEvent
2026-08-25T03:42:11,598  INFO EventsManagerImpl:210     > org.matsim.contrib.dvrp.passenger.PassengerPickedUpEvent
2026-08-25T03:42:11,598  INFO EventsManagerImpl:210     > org.matsim.contrib.dvrp.passenger.PassengerDroppedOffEvent
2026-08-25T03:42:11,598  INFO EventsManagerImpl:139 === Logging of event-handlers skipped ===
2026-08-25T03:42:11,598  INFO EventsManagerImpl:140 To enable debug output, set an environment variable i.e. export LOG_LEVEL='debug', or set log.setLogLevel(Level.DEBUG) in your run class.
2026-08-25T03:42:11,598  INFO EventsManagerImpl:210     > org.matsim.contrib.drt.passenger.events.DrtRequestSubmittedEvent
2026-08-25T03:42:11,598  INFO EventsManagerImpl:210     > org.matsim.contrib.dvrp.passenger.PassengerPickedUpEvent
2026-08-25T03:42:11,598  INFO EventsManagerImpl:210     > org.matsim.contrib.dvrp.passenger.PassengerDroppedOffEvent
2026-08-25T03:42:11,598  INFO EventsManagerImpl:139 === Logging of event-handlers skipped ===
2026-08-25T03:42:11,598  INFO EventsManagerImpl:140 To enable debug output, set an environment variable i.e. export LOG_LEVEL='debug', or set log.setLogLevel(Level.DEBUG) in your run class.
2026-08-25T03:42:11,598  INFO EventsManagerImpl:210     > org.matsim.contrib.dvrp.vrpagent.TaskStartedEvent
2026-08-25T03:42:11,598  INFO EventsManagerImpl:210     > org.matsim.contrib.dvrp.vrpagent.TaskEndedEvent
2026-08-25T03:42:11,598  INFO EventsManagerImpl:139 === Logging of event-handlers skipped ===
2026-08-25T03:42:11,598  INFO EventsManagerImpl:140 To enable debug output, set an environment variable i.e. export LOG_LEVEL='debug', or set log.setLogLevel(Level.DEBUG) in your run class.
2026-08-25T03:42:11,599  INFO EventsManagerImpl:210     > org.matsim.contrib.dvrp.vrpagent.TaskStartedEvent
2026-08-25T03:42:11,599  INFO EventsManagerImpl:210     > org.matsim.contrib.dvrp.vrpagent.TaskEndedEvent
2026-08-25T03:42:11,599  INFO EventsManagerImpl:139 === Logging of event-handlers skipped ===
2026-08-25T03:42:11,599  INFO EventsManagerImpl:140 To enable debug output, set an environment variable i.e. export LOG_LEVEL='debug', or set log.setLogLevel(Level.DEBUG) in your run class.
2026-08-25T03:42:11,599  INFO EventsManagerImpl:210     > org.matsim.contrib.dvrp.vrpagent.TaskStartedEvent
2026-08-25T03:42:11,599  INFO EventsManagerImpl:210     > org.matsim.contrib.dvrp.vrpagent.TaskEndedEvent
2026-08-25T03:42:11,599  INFO EventsManagerImpl:139 === Logging of event-handlers skipped ===
2026-08-25T03:42:11,599  INFO EventsManagerImpl:140 To enable debug output, set an environment variable i.e. export LOG_LEVEL='debug', or set log.setLogLevel(Level.DEBUG) in your run class.
2026-08-25T03:42:11,599  INFO EventsManagerImpl:210     > org.matsim.contrib.dvrp.vrpagent.TaskStartedEvent
2026-08-25T03:42:11,599  INFO EventsManagerImpl:210     > org.matsim.contrib.dvrp.vrpagent.TaskEndedEvent
2026-08-25T03:42:11,599  INFO EventsManagerImpl:139 === Logging of event-handlers skipped ===
2026-08-25T03:42:11,599  INFO EventsManagerImpl:140 To enable debug output, set an environment variable i.e. export LOG_LEVEL='debug', or set log.setLogLevel(Level.DEBUG) in your run class.
2026-08-25T03:42:11,599  INFO EventsManagerImpl:210     > org.matsim.contrib.dvrp.passenger.PassengerPickedUpEvent
2026-08-25T03:42:11,599  INFO EventsManagerImpl:210     > org.matsim.api.core.v01.events.LinkEnterEvent
2026-08-25T03:42:11,599  INFO EventsManagerImpl:210     > org.matsim.contrib.dvrp.passenger.PassengerDroppedOffEvent
2026-08-25T03:42:11,599  INFO EventsManagerImpl:210     > org.matsim.core.api.experimental.events.TeleportationArrivalEvent
2026-08-25T03:42:11,599  INFO EventsManagerImpl:139 === Logging of event-handlers skipped ===
2026-08-25T03:42:11,600  INFO EventsManagerImpl:140 To enable debug output, set an environment variable i.e. export LOG_LEVEL='debug', or set log.setLogLevel(Level.DEBUG) in your run class.
2026-08-25T03:42:11,600  INFO EventsManagerImpl:210     > org.matsim.contrib.dvrp.passenger.PassengerPickedUpEvent
2026-08-25T03:42:11,600  INFO EventsManagerImpl:210     > org.matsim.api.core.v01.events.LinkEnterEvent
2026-08-25T03:42:11,600  INFO EventsManagerImpl:210     > org.matsim.contrib.dvrp.passenger.PassengerDroppedOffEvent
2026-08-25T03:42:11,600  INFO EventsManagerImpl:210     > org.matsim.core.api.experimental.events.TeleportationArrivalEvent
2026-08-25T03:42:11,600  INFO EventsManagerImpl:139 === Logging of event-handlers skipped ===
2026-08-25T03:42:11,600  INFO EventsManagerImpl:140 To enable debug output, set an environment variable i.e. export LOG_LEVEL='debug', or set log.setLogLevel(Level.DEBUG) in your run class.
2026-08-25T03:42:11,600  INFO EventsManagerImpl:210     > org.matsim.contrib.dvrp.passenger.PassengerRequestRejectedEvent
2026-08-25T03:42:11,600  INFO EventsManagerImpl:210     > org.matsim.contrib.dvrp.passenger.PassengerRequestScheduledEvent
2026-08-25T03:42:11,600  INFO EventsManagerImpl:210     > org.matsim.contrib.drt.passenger.events.DrtRequestSubmittedEvent
2026-08-25T03:42:11,600  INFO EventsManagerImpl:210     > org.matsim.contrib.dvrp.passenger.PassengerWaitingEvent
2026-08-25T03:42:11,600  INFO EventsManagerImpl:210     > org.matsim.contrib.dvrp.passenger.PassengerPickedUpEvent
2026-08-25T03:42:11,600  INFO EventsManagerImpl:210     > org.matsim.contrib.dvrp.passenger.PassengerDroppedOffEvent
2026-08-25T03:42:11,600  INFO EventsManagerImpl:210     > org.matsim.api.core.v01.events.PersonMoneyEvent
2026-08-25T03:42:11,600  INFO EventsManagerImpl:210     > org.matsim.api.core.v01.events.PersonDepartureEvent
2026-08-25T03:42:11,600  INFO EventsManagerImpl:139 === Logging of event-handlers skipped ===
2026-08-25T03:42:11,600  INFO EventsManagerImpl:140 To enable debug output, set an environment variable i.e. export LOG_LEVEL='debug', or set log.setLogLevel(Level.DEBUG) in your run class.
2026-08-25T03:42:11,600  INFO EventsManagerImpl:210     > org.matsim.contrib.dvrp.passenger.PassengerRequestRejectedEvent
2026-08-25T03:42:11,601  INFO EventsManagerImpl:210     > org.matsim.contrib.dvrp.passenger.PassengerRequestScheduledEvent
2026-08-25T03:42:11,601  INFO EventsManagerImpl:210     > org.matsim.contrib.drt.passenger.events.DrtRequestSubmittedEvent
2026-08-25T03:42:11,601  INFO EventsManagerImpl:210     > org.matsim.contrib.dvrp.passenger.PassengerWaitingEvent
2026-08-25T03:42:11,601  INFO EventsManagerImpl:210     > org.matsim.contrib.dvrp.passenger.PassengerPickedUpEvent
2026-08-25T03:42:11,601  INFO EventsManagerImpl:210     > org.matsim.contrib.dvrp.passenger.PassengerDroppedOffEvent
2026-08-25T03:42:11,601  INFO EventsManagerImpl:210     > org.matsim.api.core.v01.events.PersonMoneyEvent
2026-08-25T03:42:11,601  INFO EventsManagerImpl:210     > org.matsim.api.core.v01.events.PersonDepartureEvent
2026-08-25T03:42:11,601  INFO EventsManagerImpl:139 === Logging of event-handlers skipped ===
2026-08-25T03:42:11,601  INFO EventsManagerImpl:140 To enable debug output, set an environment variable i.e. export LOG_LEVEL='debug', or set log.setLogLevel(Level.DEBUG) in your run class.
2026-08-25T03:42:11,601  INFO EventsManagerImpl:210     > org.matsim.api.core.v01.events.PersonEntersVehicleEvent
2026-08-25T03:42:11,601  INFO EventsManagerImpl:210     > org.matsim.api.core.v01.events.PersonLeavesVehicleEvent
2026-08-25T03:42:11,601  INFO EventsManagerImpl:210     > org.matsim.contrib.dvrp.vrpagent.TaskStartedEvent
2026-08-25T03:42:11,601  INFO EventsManagerImpl:210     > org.matsim.contrib.dvrp.vrpagent.TaskEndedEvent
2026-08-25T03:42:11,601  INFO EventsManagerImpl:139 === Logging of event-handlers skipped ===
2026-08-25T03:42:11,601  INFO EventsManagerImpl:140 To enable debug output, set an environment variable i.e. export LOG_LEVEL='debug', or set log.setLogLevel(Level.DEBUG) in your run class.
2026-08-25T03:42:11,601  INFO EventsManagerImpl:210     > org.matsim.api.core.v01.events.PersonEntersVehicleEvent
2026-08-25T03:42:11,602  INFO EventsManagerImpl:210     > org.matsim.api.core.v01.events.PersonLeavesVehicleEvent
2026-08-25T03:42:11,602  INFO EventsManagerImpl:210     > org.matsim.contrib.dvrp.vrpagent.TaskStartedEvent
2026-08-25T03:42:11,602  INFO EventsManagerImpl:210     > org.matsim.contrib.dvrp.vrpagent.TaskEndedEvent
2026-08-25T03:42:11,602  INFO EventsManagerImpl:139 === Logging of event-handlers skipped ===
2026-08-25T03:42:11,602  INFO EventsManagerImpl:140 To enable debug output, set an environment variable i.e. export LOG_LEVEL='debug', or set log.setLogLevel(Level.DEBUG) in your run class.
2026-08-25T03:42:11,602  INFO EventsManagerImpl:210     > org.matsim.contrib.dvrp.vrpagent.TaskStartedEvent
2026-08-25T03:42:11,602  INFO EventsManagerImpl:210     > org.matsim.contrib.dvrp.vrpagent.TaskEndedEvent
2026-08-25T03:42:11,602  INFO EventsManagerImpl:139 === Logging of event-handlers skipped ===
2026-08-25T03:42:11,602  INFO EventsManagerImpl:140 To enable debug output, set an environment variable i.e. export LOG_LEVEL='debug', or set log.setLogLevel(Level.DEBUG) in your run class.
2026-08-25T03:42:11,602  INFO EventsManagerImpl:210     > org.matsim.contrib.dvrp.vrpagent.TaskStartedEvent
2026-08-25T03:42:11,602  INFO EventsManagerImpl:210     > org.matsim.contrib.dvrp.vrpagent.TaskEndedEvent
2026-08-25T03:42:11,602  INFO EventsManagerImpl:139 === Logging of event-handlers skipped ===
2026-08-25T03:42:11,602  INFO EventsManagerImpl:140 To enable debug output, set an environment variable i.e. export LOG_LEVEL='debug', or set log.setLogLevel(Level.DEBUG) in your run class.
2026-08-25T03:42:11,603  INFO EventsManagerImpl:210     > org.matsim.contrib.drt.passenger.events.DrtRequestSubmittedEvent
2026-08-25T03:42:11,603  INFO EventsManagerImpl:210     > org.matsim.contrib.dvrp.passenger.PassengerPickedUpEvent
2026-08-25T03:42:11,603  INFO EventsManagerImpl:210     > org.matsim.contrib.dvrp.passenger.PassengerDroppedOffEvent
2026-08-25T03:42:11,603  INFO EventsManagerImpl:139 === Logging of event-handlers skipped ===
2026-08-25T03:42:11,603  INFO EventsManagerImpl:140 To enable debug output, set an environment variable i.e. export LOG_LEVEL='debug', or set log.setLogLevel(Level.DEBUG) in your run class.
2026-08-25T03:42:11,603  INFO EventsManagerImpl:210     > org.matsim.contrib.drt.passenger.events.DrtRequestSubmittedEvent
2026-08-25T03:42:11,603  INFO EventsManagerImpl:210     > org.matsim.contrib.dvrp.passenger.PassengerPickedUpEvent
2026-08-25T03:42:11,603  INFO EventsManagerImpl:210     > org.matsim.contrib.dvrp.passenger.PassengerDroppedOffEvent
2026-08-25T03:42:11,603  INFO EventsManagerImpl:139 === Logging of event-handlers skipped ===
2026-08-25T03:42:11,603  INFO EventsManagerImpl:140 To enable debug output, set an environment variable i.e. export LOG_LEVEL='debug', or set log.setLogLevel(Level.DEBUG) in your run class.
2026-08-25T03:42:11,603  INFO EventsManagerImpl:210     > org.matsim.contrib.dvrp.vrpagent.TaskStartedEvent
2026-08-25T03:42:11,603  INFO EventsManagerImpl:210     > org.matsim.contrib.dvrp.vrpagent.TaskEndedEvent
2026-08-25T03:42:11,603  INFO EventsManagerImpl:139 === Logging of event-handlers skipped ===
2026-08-25T03:42:11,603  INFO EventsManagerImpl:140 To enable debug output, set an environment variable i.e. export LOG_LEVEL='debug', or set log.setLogLevel(Level.DEBUG) in your run class.
2026-08-25T03:42:11,603  INFO EventsManagerImpl:210     > org.matsim.contrib.dvrp.vrpagent.TaskStartedEvent
2026-08-25T03:42:11,603  INFO EventsManagerImpl:210     > org.matsim.contrib.dvrp.vrpagent.TaskEndedEvent
2026-08-25T03:42:11,603  INFO EventsManagerImpl:139 === Logging of event-handlers skipped ===
2026-08-25T03:42:11,603  INFO EventsManagerImpl:140 To enable debug output, set an environment variable i.e. export LOG_LEVEL='debug', or set log.setLogLevel(Level.DEBUG) in your run class.
2026-08-25T03:42:11,603  INFO EventsManagerImpl:210     > org.matsim.contrib.dvrp.vrpagent.TaskStartedEvent
2026-08-25T03:42:11,603  INFO EventsManagerImpl:210     > org.matsim.contrib.dvrp.vrpagent.TaskEndedEvent
2026-08-25T03:42:11,603  INFO EventsManagerImpl:139 === Logging of event-handlers skipped ===
2026-08-25T03:42:11,603  INFO EventsManagerImpl:140 To enable debug output, set an environment variable i.e. export LOG_LEVEL='debug', or set log.setLogLevel(Level.DEBUG) in your run class.
2026-08-25T03:42:11,603  INFO EventsManagerImpl:210     > org.matsim.contrib.dvrp.vrpagent.TaskStartedEvent
2026-08-25T03:42:11,603  INFO EventsManagerImpl:210     > org.matsim.contrib.dvrp.vrpagent.TaskEndedEvent
2026-08-25T03:42:11,604  INFO EventsManagerImpl:139 === Logging of event-handlers skipped ===
2026-08-25T03:42:11,604  INFO EventsManagerImpl:140 To enable debug output, set an environment variable i.e. export LOG_LEVEL='debug', or set log.setLogLevel(Level.DEBUG) in your run class.
2026-08-25T03:42:11,604  INFO EventsManagerImpl:210     > org.matsim.contrib.dvrp.passenger.PassengerPickedUpEvent
2026-08-25T03:42:11,604  INFO EventsManagerImpl:210     > org.matsim.api.core.v01.events.LinkEnterEvent
2026-08-25T03:42:11,604  INFO EventsManagerImpl:210     > org.matsim.contrib.dvrp.passenger.PassengerDroppedOffEvent
2026-08-25T03:42:11,604  INFO EventsManagerImpl:210     > org.matsim.core.api.experimental.events.TeleportationArrivalEvent
2026-08-25T03:42:11,604  INFO EventsManagerImpl:139 === Logging of event-handlers skipped ===
2026-08-25T03:42:11,604  INFO EventsManagerImpl:140 To enable debug output, set an environment variable i.e. export LOG_LEVEL='debug', or set log.setLogLevel(Level.DEBUG) in your run class.
2026-08-25T03:42:11,604  INFO EventsManagerImpl:210     > org.matsim.contrib.dvrp.passenger.PassengerPickedUpEvent
2026-08-25T03:42:11,604  INFO EventsManagerImpl:210     > org.matsim.api.core.v01.events.LinkEnterEvent
2026-08-25T03:42:11,604  INFO EventsManagerImpl:210     > org.matsim.contrib.dvrp.passenger.PassengerDroppedOffEvent
2026-08-25T03:42:11,604  INFO EventsManagerImpl:210     > org.matsim.core.api.experimental.events.TeleportationArrivalEvent
2026-08-25T03:42:11,604  INFO EventsManagerImpl:139 === Logging of event-handlers skipped ===
2026-08-25T03:42:11,604  INFO EventsManagerImpl:140 To enable debug output, set an environment variable i.e. export LOG_LEVEL='debug', or set log.setLogLevel(Level.DEBUG) in your run class.
2026-08-25T03:42:11,604  INFO EventsManagerImpl:210     > org.matsim.contrib.dvrp.passenger.PassengerRequestRejectedEvent
2026-08-25T03:42:11,604  INFO EventsManagerImpl:210     > org.matsim.contrib.dvrp.passenger.PassengerRequestScheduledEvent
2026-08-25T03:42:11,604  INFO EventsManagerImpl:210     > org.matsim.contrib.drt.passenger.events.DrtRequestSubmittedEvent
2026-08-25T03:42:11,604  INFO EventsManagerImpl:210     > org.matsim.contrib.dvrp.passenger.PassengerWaitingEvent
2026-08-25T03:42:11,604  INFO EventsManagerImpl:210     > org.matsim.contrib.dvrp.passenger.PassengerPickedUpEvent
2026-08-25T03:42:11,604  INFO EventsManagerImpl:210     > org.matsim.contrib.dvrp.passenger.PassengerDroppedOffEvent
2026-08-25T03:42:11,604  INFO EventsManagerImpl:210     > org.matsim.api.core.v01.events.PersonMoneyEvent
2026-08-25T03:42:11,604  INFO EventsManagerImpl:210     > org.matsim.api.core.v01.events.PersonDepartureEvent
2026-08-25T03:42:11,604  INFO EventsManagerImpl:139 === Logging of event-handlers skipped ===
2026-08-25T03:42:11,604  INFO EventsManagerImpl:140 To enable debug output, set an environment variable i.e. export LOG_LEVEL='debug', or set log.setLogLevel(Level.DEBUG) in your run class.
2026-08-25T03:42:11,604  INFO EventsManagerImpl:210     > org.matsim.contrib.dvrp.passenger.PassengerRequestRejectedEvent
2026-08-25T03:42:11,604  INFO EventsManagerImpl:210     > org.matsim.contrib.dvrp.passenger.PassengerRequestScheduledEvent
2026-08-25T03:42:11,604  INFO EventsManagerImpl:210     > org.matsim.contrib.drt.passenger.events.DrtRequestSubmittedEvent
2026-08-25T03:42:11,604  INFO EventsManagerImpl:210     > org.matsim.contrib.dvrp.passenger.PassengerWaitingEvent
2026-08-25T03:42:11,604  INFO EventsManagerImpl:210     > org.matsim.contrib.dvrp.passenger.PassengerPickedUpEvent
2026-08-25T03:42:11,605  INFO EventsManagerImpl:210     > org.matsim.contrib.dvrp.passenger.PassengerDroppedOffEvent
2026-08-25T03:42:11,605  INFO EventsManagerImpl:210     > org.matsim.api.core.v01.events.PersonMoneyEvent
2026-08-25T03:42:11,605  INFO EventsManagerImpl:210     > org.matsim.api.core.v01.events.PersonDepartureEvent
2026-08-25T03:42:11,605  INFO EventsManagerImpl:139 === Logging of event-handlers skipped ===
2026-08-25T03:42:11,605  INFO EventsManagerImpl:140 To enable debug output, set an environment variable i.e. export LOG_LEVEL='debug', or set log.setLogLevel(Level.DEBUG) in your run class.
2026-08-25T03:42:11,605  INFO EventsManagerImpl:210     > org.matsim.api.core.v01.events.PersonEntersVehicleEvent
2026-08-25T03:42:11,605  INFO EventsManagerImpl:210     > org.matsim.api.core.v01.events.PersonLeavesVehicleEvent
2026-08-25T03:42:11,605  INFO EventsManagerImpl:210     > org.matsim.contrib.dvrp.vrpagent.TaskStartedEvent
2026-08-25T03:42:11,605  INFO EventsManagerImpl:210     > org.matsim.contrib.dvrp.vrpagent.TaskEndedEvent
2026-08-25T03:42:11,605  INFO EventsManagerImpl:139 === Logging of event-handlers skipped ===
2026-08-25T03:42:11,605  INFO EventsManagerImpl:140 To enable debug output, set an environment variable i.e. export LOG_LEVEL='debug', or set log.setLogLevel(Level.DEBUG) in your run class.
2026-08-25T03:42:11,605  INFO EventsManagerImpl:210     > org.matsim.api.core.v01.events.PersonEntersVehicleEvent
2026-08-25T03:42:11,605  INFO EventsManagerImpl:210     > org.matsim.api.core.v01.events.PersonLeavesVehicleEvent
2026-08-25T03:42:11,605  INFO EventsManagerImpl:210     > org.matsim.contrib.dvrp.vrpagent.TaskStartedEvent
2026-08-25T03:42:11,605  INFO EventsManagerImpl:210     > org.matsim.contrib.dvrp.vrpagent.TaskEndedEvent
2026-08-25T03:42:11,605  INFO EventsManagerImpl:139 === Logging of event-handlers skipped ===
2026-08-25T03:42:11,605  INFO EventsManagerImpl:140 To enable debug output, set an environment variable i.e. export LOG_LEVEL='debug', or set log.setLogLevel(Level.DEBUG) in your run class.
2026-08-25T03:42:11,605  INFO EventsManagerImpl:210     > org.matsim.contrib.dvrp.vrpagent.TaskStartedEvent
2026-08-25T03:42:11,605  INFO EventsManagerImpl:210     > org.matsim.contrib.dvrp.vrpagent.TaskEndedEvent
2026-08-25T03:42:11,606  INFO EventsManagerImpl:139 === Logging of event-handlers skipped ===
2026-08-25T03:42:11,606  INFO EventsManagerImpl:140 To enable debug output, set an environment variable i.e. export LOG_LEVEL='debug', or set log.setLogLevel(Level.DEBUG) in your run class.
2026-08-25T03:42:11,606  INFO EventsManagerImpl:210     > org.matsim.contrib.dvrp.vrpagent.TaskStartedEvent
2026-08-25T03:42:11,606  INFO EventsManagerImpl:210     > org.matsim.contrib.dvrp.vrpagent.TaskEndedEvent
2026-08-25T03:42:11,606  INFO EventsManagerImpl:139 === Logging of event-handlers skipped ===
2026-08-25T03:42:11,606  INFO EventsManagerImpl:140 To enable debug output, set an environment variable i.e. export LOG_LEVEL='debug', or set log.setLogLevel(Level.DEBUG) in your run class.
2026-08-25T03:42:11,606  INFO EventsManagerImpl:210     > org.matsim.contrib.drt.passenger.events.DrtRequestSubmittedEvent
2026-08-25T03:42:11,606  INFO EventsManagerImpl:210     > org.matsim.contrib.dvrp.passenger.PassengerPickedUpEvent
2026-08-25T03:42:11,606  INFO EventsManagerImpl:210     > org.matsim.contrib.dvrp.passenger.PassengerDroppedOffEvent
2026-08-25T03:42:11,606  INFO EventsManagerImpl:139 === Logging of event-handlers skipped ===
2026-08-25T03:42:11,606  INFO EventsManagerImpl:140 To enable debug output, set an environment variable i.e. export LOG_LEVEL='debug', or set log.setLogLevel(Level.DEBUG) in your run class.
2026-08-25T03:42:11,606  INFO EventsManagerImpl:210     > org.matsim.contrib.drt.passenger.events.DrtRequestSubmittedEvent
2026-08-25T03:42:11,606  INFO EventsManagerImpl:210     > org.matsim.contrib.dvrp.passenger.PassengerPickedUpEvent
2026-08-25T03:42:11,606  INFO EventsManagerImpl:210     > org.matsim.contrib.dvrp.passenger.PassengerDroppedOffEvent
2026-08-25T03:42:11,606  INFO EventsManagerImpl:139 === Logging of event-handlers skipped ===
2026-08-25T03:42:11,606  INFO EventsManagerImpl:140 To enable debug output, set an environment variable i.e. export LOG_LEVEL='debug', or set log.setLogLevel(Level.DEBUG) in your run class.
2026-08-25T03:42:11,606  INFO EventsManagerImpl:210     > org.matsim.contrib.dvrp.vrpagent.TaskStartedEvent
2026-08-25T03:42:11,606  INFO EventsManagerImpl:210     > org.matsim.contrib.dvrp.vrpagent.TaskEndedEvent
2026-08-25T03:42:11,606  INFO EventsManagerImpl:139 === Logging of event-handlers skipped ===
2026-08-25T03:42:11,606  INFO EventsManagerImpl:140 To enable debug output, set an environment variable i.e. export LOG_LEVEL='debug', or set log.setLogLevel(Level.DEBUG) in your run class.
2026-08-25T03:42:11,606  INFO EventsManagerImpl:210     > org.matsim.contrib.dvrp.vrpagent.TaskStartedEvent
2026-08-25T03:42:11,606  INFO EventsManagerImpl:210     > org.matsim.contrib.dvrp.vrpagent.TaskEndedEvent
2026-08-25T03:42:11,606  INFO EventsManagerImpl:139 === Logging of event-handlers skipped ===
2026-08-25T03:42:11,606  INFO EventsManagerImpl:140 To enable debug output, set an environment variable i.e. export LOG_LEVEL='debug', or set log.setLogLevel(Level.DEBUG) in your run class.
2026-08-25T03:42:11,607  INFO EventsManagerImpl:210     > org.matsim.contrib.dvrp.vrpagent.TaskStartedEvent
2026-08-25T03:42:11,607  INFO EventsManagerImpl:210     > org.matsim.contrib.dvrp.vrpagent.TaskEndedEvent
2026-08-25T03:42:11,607  INFO EventsManagerImpl:139 === Logging of event-handlers skipped ===
2026-08-25T03:42:11,607  INFO EventsManagerImpl:140 To enable debug output, set an environment variable i.e. export LOG_LEVEL='debug', or set log.setLogLevel(Level.DEBUG) in your run class.
2026-08-25T03:42:11,607  INFO EventsManagerImpl:210     > org.matsim.contrib.dvrp.vrpagent.TaskStartedEvent
2026-08-25T03:42:11,607  INFO EventsManagerImpl:210     > org.matsim.contrib.dvrp.vrpagent.TaskEndedEvent
2026-08-25T03:42:11,607  INFO EventsManagerImpl:139 === Logging of event-handlers skipped ===
2026-08-25T03:42:11,607  INFO EventsManagerImpl:140 To enable debug output, set an environment variable i.e. export LOG_LEVEL='debug', or set log.setLogLevel(Level.DEBUG) in your run class.
2026-08-25T03:42:11,607  INFO EventsManagerImpl:210     > org.matsim.contrib.dvrp.passenger.PassengerPickedUpEvent
2026-08-25T03:42:11,607  INFO EventsManagerImpl:210     > org.matsim.api.core.v01.events.LinkEnterEvent
2026-08-25T03:42:11,607  INFO EventsManagerImpl:210     > org.matsim.contrib.dvrp.passenger.PassengerDroppedOffEvent
2026-08-25T03:42:11,607  INFO EventsManagerImpl:210     > org.matsim.core.api.experimental.events.TeleportationArrivalEvent
2026-08-25T03:42:11,607  INFO EventsManagerImpl:139 === Logging of event-handlers skipped ===
2026-08-25T03:42:11,607  INFO EventsManagerImpl:140 To enable debug output, set an environment variable i.e. export LOG_LEVEL='debug', or set log.setLogLevel(Level.DEBUG) in your run class.
2026-08-25T03:42:11,607  INFO EventsManagerImpl:210     > org.matsim.contrib.dvrp.passenger.PassengerPickedUpEvent
2026-08-25T03:42:11,607  INFO EventsManagerImpl:210     > org.matsim.api.core.v01.events.LinkEnterEvent
2026-08-25T03:42:11,607  INFO EventsManagerImpl:210     > org.matsim.contrib.dvrp.passenger.PassengerDroppedOffEvent
2026-08-25T03:42:11,607  INFO EventsManagerImpl:210     > org.matsim.core.api.experimental.events.TeleportationArrivalEvent
2026-08-25T03:42:11,607  INFO EventsManagerImpl:139 === Logging of event-handlers skipped ===
2026-08-25T03:42:11,607  INFO EventsManagerImpl:140 To enable debug output, set an environment variable i.e. export LOG_LEVEL='debug', or set log.setLogLevel(Level.DEBUG) in your run class.
2026-08-25T03:42:11,607  INFO EventsManagerImpl:210     > org.matsim.contrib.dvrp.passenger.PassengerRequestRejectedEvent
2026-08-25T03:42:11,607  INFO EventsManagerImpl:210     > org.matsim.contrib.dvrp.passenger.PassengerRequestScheduledEvent
2026-08-25T03:42:11,608  INFO EventsManagerImpl:210     > org.matsim.contrib.drt.passenger.events.DrtRequestSubmittedEvent
2026-08-25T03:42:11,608  INFO EventsManagerImpl:210     > org.matsim.contrib.dvrp.passenger.PassengerWaitingEvent
2026-08-25T03:42:11,608  INFO EventsManagerImpl:210     > org.matsim.contrib.dvrp.passenger.PassengerPickedUpEvent
2026-08-25T03:42:11,608  INFO EventsManagerImpl:210     > org.matsim.contrib.dvrp.passenger.PassengerDroppedOffEvent
2026-08-25T03:42:11,608  INFO EventsManagerImpl:210     > org.matsim.api.core.v01.events.PersonMoneyEvent
2026-08-25T03:42:11,608  INFO EventsManagerImpl:210     > org.matsim.api.core.v01.events.PersonDepartureEvent
2026-08-25T03:42:11,608  INFO EventsManagerImpl:139 === Logging of event-handlers skipped ===
2026-08-25T03:42:11,608  INFO EventsManagerImpl:140 To enable debug output, set an environment variable i.e. export LOG_LEVEL='debug', or set log.setLogLevel(Level.DEBUG) in your run class.
2026-08-25T03:42:11,608  INFO EventsManagerImpl:210     > org.matsim.contrib.dvrp.passenger.PassengerRequestRejectedEvent
2026-08-25T03:42:11,608  INFO EventsManagerImpl:210     > org.matsim.contrib.dvrp.passenger.PassengerRequestScheduledEvent
2026-08-25T03:42:11,608  INFO EventsManagerImpl:210     > org.matsim.contrib.drt.passenger.events.DrtRequestSubmittedEvent
2026-08-25T03:42:11,608  INFO EventsManagerImpl:210     > org.matsim.contrib.dvrp.passenger.PassengerWaitingEvent
2026-08-25T03:42:11,608  INFO EventsManagerImpl:210     > org.matsim.contrib.dvrp.passenger.PassengerPickedUpEvent
2026-08-25T03:42:11,608  INFO EventsManagerImpl:210     > org.matsim.contrib.dvrp.passenger.PassengerDroppedOffEvent
2026-08-25T03:42:11,608  INFO EventsManagerImpl:210     > org.matsim.api.core.v01.events.PersonMoneyEvent
2026-08-25T03:42:11,608  INFO EventsManagerImpl:210     > org.matsim.api.core.v01.events.PersonDepartureEvent
2026-08-25T03:42:11,608  INFO EventsManagerImpl:139 === Logging of event-handlers skipped ===
2026-08-25T03:42:11,608  INFO EventsManagerImpl:140 To enable debug output, set an environment variable i.e. export LOG_LEVEL='debug', or set log.setLogLevel(Level.DEBUG) in your run class.
2026-08-25T03:42:11,608  INFO EventsManagerImpl:210     > org.matsim.api.core.v01.events.PersonEntersVehicleEvent
2026-08-25T03:42:11,608  INFO EventsManagerImpl:210     > org.matsim.api.core.v01.events.PersonLeavesVehicleEvent
2026-08-25T03:42:11,608  INFO EventsManagerImpl:210     > org.matsim.contrib.dvrp.vrpagent.TaskStartedEvent
2026-08-25T03:42:11,608  INFO EventsManagerImpl:210     > org.matsim.contrib.dvrp.vrpagent.TaskEndedEvent
2026-08-25T03:42:11,608  INFO EventsManagerImpl:139 === Logging of event-handlers skipped ===
2026-08-25T03:42:11,608  INFO EventsManagerImpl:140 To enable debug output, set an environment variable i.e. export LOG_LEVEL='debug', or set log.setLogLevel(Level.DEBUG) in your run class.
2026-08-25T03:42:11,608  INFO EventsManagerImpl:210     > org.matsim.api.core.v01.events.PersonEntersVehicleEvent
2026-08-25T03:42:11,608  INFO EventsManagerImpl:210     > org.matsim.api.core.v01.events.PersonLeavesVehicleEvent
2026-08-25T03:42:11,608  INFO EventsManagerImpl:210     > org.matsim.contrib.dvrp.vrpagent.TaskStartedEvent
2026-08-25T03:42:11,608  INFO EventsManagerImpl:210     > org.matsim.contrib.dvrp.vrpagent.TaskEndedEvent
2026-08-25T03:42:11,609  INFO EventsManagerImpl:139 === Logging of event-handlers skipped ===
2026-08-25T03:42:11,609  INFO EventsManagerImpl:140 To enable debug output, set an environment variable i.e. export LOG_LEVEL='debug', or set log.setLogLevel(Level.DEBUG) in your run class.
2026-08-25T03:42:11,609  INFO EventsManagerImpl:210     > org.matsim.contrib.dvrp.vrpagent.TaskStartedEvent
2026-08-25T03:42:11,609  INFO EventsManagerImpl:210     > org.matsim.contrib.dvrp.vrpagent.TaskEndedEvent
2026-08-25T03:42:11,609  INFO EventsManagerImpl:139 === Logging of event-handlers skipped ===
2026-08-25T03:42:11,609  INFO EventsManagerImpl:140 To enable debug output, set an environment variable i.e. export LOG_LEVEL='debug', or set log.setLogLevel(Level.DEBUG) in your run class.
2026-08-25T03:42:11,609  INFO EventsManagerImpl:210     > org.matsim.contrib.dvrp.vrpagent.TaskStartedEvent
2026-08-25T03:42:11,609  INFO EventsManagerImpl:210     > org.matsim.contrib.dvrp.vrpagent.TaskEndedEvent
2026-08-25T03:42:11,609  INFO EventsManagerImpl:139 === Logging of event-handlers skipped ===
2026-08-25T03:42:11,609  INFO EventsManagerImpl:140 To enable debug output, set an environment variable i.e. export LOG_LEVEL='debug', or set log.setLogLevel(Level.DEBUG) in your run class.
2026-08-25T03:42:11,609  INFO EventsManagerImpl:210     > org.matsim.contrib.drt.passenger.events.DrtRequestSubmittedEvent
2026-08-25T03:42:11,609  INFO EventsManagerImpl:210     > org.matsim.contrib.dvrp.passenger.PassengerPickedUpEvent
2026-08-25T03:42:11,609  INFO EventsManagerImpl:210     > org.matsim.contrib.dvrp.passenger.PassengerDroppedOffEvent
2026-08-25T03:42:11,609  INFO EventsManagerImpl:139 === Logging of event-handlers skipped ===
2026-08-25T03:42:11,609  INFO EventsManagerImpl:140 To enable debug output, set an environment variable i.e. export LOG_LEVEL='debug', or set log.setLogLevel(Level.DEBUG) in your run class.
2026-08-25T03:42:11,609  INFO EventsManagerImpl:210     > org.matsim.contrib.drt.passenger.events.DrtRequestSubmittedEvent
2026-08-25T03:42:11,609  INFO EventsManagerImpl:210     > org.matsim.contrib.dvrp.passenger.PassengerPickedUpEvent
2026-08-25T03:42:11,609  INFO EventsManagerImpl:210     > org.matsim.contrib.dvrp.passenger.PassengerDroppedOffEvent
2026-08-25T03:42:11,609  INFO EventsManagerImpl:139 === Logging of event-handlers skipped ===
2026-08-25T03:42:11,609  INFO EventsManagerImpl:140 To enable debug output, set an environment variable i.e. export LOG_LEVEL='debug', or set log.setLogLevel(Level.DEBUG) in your run class.
2026-08-25T03:42:11,609  INFO EventsManagerImpl:210     > org.matsim.contrib.dvrp.vrpagent.TaskStartedEvent
2026-08-25T03:42:11,609  INFO EventsManagerImpl:210     > org.matsim.contrib.dvrp.vrpagent.TaskEndedEvent
2026-08-25T03:42:11,609  INFO EventsManagerImpl:139 === Logging of event-handlers skipped ===
2026-08-25T03:42:11,609  INFO EventsManagerImpl:140 To enable debug output, set an environment variable i.e. export LOG_LEVEL='debug', or set log.setLogLevel(Level.DEBUG) in your run class.
2026-08-25T03:42:11,609  INFO EventsManagerImpl:210     > org.matsim.contrib.dvrp.vrpagent.TaskStartedEvent
2026-08-25T03:42:11,609  INFO EventsManagerImpl:210     > org.matsim.contrib.dvrp.vrpagent.TaskEndedEvent
2026-08-25T03:42:11,609  INFO EventsManagerImpl:139 === Logging of event-handlers skipped ===
2026-08-25T03:42:11,609  INFO EventsManagerImpl:140 To enable debug output, set an environment variable i.e. export LOG_LEVEL='debug', or set log.setLogLevel(Level.DEBUG) in your run class.
2026-08-25T03:42:11,610  INFO EventsManagerImpl:210     > org.matsim.contrib.dvrp.vrpagent.TaskStartedEvent
2026-08-25T03:42:11,610  INFO EventsManagerImpl:210     > org.matsim.contrib.dvrp.vrpagent.TaskEndedEvent
2026-08-25T03:42:11,610  INFO EventsManagerImpl:139 === Logging of event-handlers skipped ===
2026-08-25T03:42:11,610  INFO EventsManagerImpl:140 To enable debug output, set an environment variable i.e. export LOG_LEVEL='debug', or set log.setLogLevel(Level.DEBUG) in your run class.
2026-08-25T03:42:11,610  INFO EventsManagerImpl:210     > org.matsim.contrib.dvrp.vrpagent.TaskStartedEvent
2026-08-25T03:42:11,610  INFO EventsManagerImpl:210     > org.matsim.contrib.dvrp.vrpagent.TaskEndedEvent
2026-08-25T03:42:11,610  INFO EventsManagerImpl:139 === Logging of event-handlers skipped ===
2026-08-25T03:42:11,610  INFO EventsManagerImpl:140 To enable debug output, set an environment variable i.e. export LOG_LEVEL='debug', or set log.setLogLevel(Level.DEBUG) in your run class.
2026-08-25T03:42:11,610  INFO EventsManagerImpl:210     > org.matsim.contrib.dvrp.passenger.PassengerPickedUpEvent
2026-08-25T03:42:11,610  INFO EventsManagerImpl:210     > org.matsim.api.core.v01.events.LinkEnterEvent
2026-08-25T03:42:11,610  INFO EventsManagerImpl:210     > org.matsim.contrib.dvrp.passenger.PassengerDroppedOffEvent
2026-08-25T03:42:11,610  INFO EventsManagerImpl:210     > org.matsim.core.api.experimental.events.TeleportationArrivalEvent
2026-08-25T03:42:11,610  INFO EventsManagerImpl:139 === Logging of event-handlers skipped ===
2026-08-25T03:42:11,610  INFO EventsManagerImpl:140 To enable debug output, set an environment variable i.e. export LOG_LEVEL='debug', or set log.setLogLevel(Level.DEBUG) in your run class.
2026-08-25T03:42:11,610  INFO EventsManagerImpl:210     > org.matsim.contrib.dvrp.passenger.PassengerPickedUpEvent
2026-08-25T03:42:11,610  INFO EventsManagerImpl:210     > org.matsim.api.core.v01.events.LinkEnterEvent
2026-08-25T03:42:11,610  INFO EventsManagerImpl:210     > org.matsim.contrib.dvrp.passenger.PassengerDroppedOffEvent
2026-08-25T03:42:11,610  INFO EventsManagerImpl:210     > org.matsim.core.api.experimental.events.TeleportationArrivalEvent
2026-08-25T03:42:11,610  INFO EventsManagerImpl:139 === Logging of event-handlers skipped ===
2026-08-25T03:42:11,610  INFO EventsManagerImpl:140 To enable debug output, set an environment variable i.e. export LOG_LEVEL='debug', or set log.setLogLevel(Level.DEBUG) in your run class.
2026-08-25T03:42:11,610  INFO EventsManagerImpl:210     > org.matsim.contrib.dvrp.passenger.PassengerRequestRejectedEvent
2026-08-25T03:42:11,610  INFO EventsManagerImpl:210     > org.matsim.contrib.dvrp.passenger.PassengerRequestScheduledEvent
2026-08-25T03:42:11,610  INFO EventsManagerImpl:210     > org.matsim.contrib.drt.passenger.events.DrtRequestSubmittedEvent
2026-08-25T03:42:11,610  INFO EventsManagerImpl:210     > org.matsim.contrib.dvrp.passenger.PassengerWaitingEvent
2026-08-25T03:42:11,610  INFO EventsManagerImpl:210     > org.matsim.contrib.dvrp.passenger.PassengerPickedUpEvent
2026-08-25T03:42:11,610  INFO EventsManagerImpl:210     > org.matsim.contrib.dvrp.passenger.PassengerDroppedOffEvent
2026-08-25T03:42:11,610  INFO EventsManagerImpl:210     > org.matsim.api.core.v01.events.PersonMoneyEvent
2026-08-25T03:42:11,610  INFO EventsManagerImpl:210     > org.matsim.api.core.v01.events.PersonDepartureEvent
2026-08-25T03:42:11,610  INFO EventsManagerImpl:139 === Logging of event-handlers skipped ===
2026-08-25T03:42:11,610  INFO EventsManagerImpl:140 To enable debug output, set an environment variable i.e. export LOG_LEVEL='debug', or set log.setLogLevel(Level.DEBUG) in your run class.
2026-08-25T03:42:11,611  INFO EventsManagerImpl:210     > org.matsim.contrib.dvrp.passenger.PassengerRequestRejectedEvent
2026-08-25T03:42:11,611  INFO EventsManagerImpl:210     > org.matsim.contrib.dvrp.passenger.PassengerRequestScheduledEvent
2026-08-25T03:42:11,611  INFO EventsManagerImpl:210     > org.matsim.contrib.drt.passenger.events.DrtRequestSubmittedEvent
2026-08-25T03:42:11,611  INFO EventsManagerImpl:210     > org.matsim.contrib.dvrp.passenger.PassengerWaitingEvent
2026-08-25T03:42:11,611  INFO EventsManagerImpl:210     > org.matsim.contrib.dvrp.passenger.PassengerPickedUpEvent
2026-08-25T03:42:11,611  INFO EventsManagerImpl:210     > org.matsim.contrib.dvrp.passenger.PassengerDroppedOffEvent
2026-08-25T03:42:11,611  INFO EventsManagerImpl:210     > org.matsim.api.core.v01.events.PersonMoneyEvent
2026-08-25T03:42:11,611  INFO EventsManagerImpl:210     > org.matsim.api.core.v01.events.PersonDepartureEvent
2026-08-25T03:42:11,611  INFO EventsManagerImpl:139 === Logging of event-handlers skipped ===
2026-08-25T03:42:11,611  INFO EventsManagerImpl:140 To enable debug output, set an environment variable i.e. export LOG_LEVEL='debug', or set log.setLogLevel(Level.DEBUG) in your run class.
2026-08-25T03:42:11,611  INFO EventsManagerImpl:210     > org.matsim.api.core.v01.events.PersonEntersVehicleEvent
2026-08-25T03:42:11,611  INFO EventsManagerImpl:210     > org.matsim.api.core.v01.events.PersonLeavesVehicleEvent
2026-08-25T03:42:11,611  INFO EventsManagerImpl:210     > org.matsim.contrib.dvrp.vrpagent.TaskStartedEvent
2026-08-25T03:42:11,611  INFO EventsManagerImpl:210     > org.matsim.contrib.dvrp.vrpagent.TaskEndedEvent
2026-08-25T03:42:11,611  INFO EventsManagerImpl:139 === Logging of event-handlers skipped ===
2026-08-25T03:42:11,611  INFO EventsManagerImpl:140 To enable debug output, set an environment variable i.e. export LOG_LEVEL='debug', or set log.setLogLevel(Level.DEBUG) in your run class.
2026-08-25T03:42:11,611  INFO EventsManagerImpl:210     > org.matsim.api.core.v01.events.PersonEntersVehicleEvent
2026-08-25T03:42:11,611  INFO EventsManagerImpl:210     > org.matsim.api.core.v01.events.PersonLeavesVehicleEvent
2026-08-25T03:42:11,611  INFO EventsManagerImpl:210     > org.matsim.contrib.dvrp.vrpagent.TaskStartedEvent
2026-08-25T03:42:11,611  INFO EventsManagerImpl:210     > org.matsim.contrib.dvrp.vrpagent.TaskEndedEvent
2026-08-25T03:42:11,611  INFO EventsManagerImpl:139 === Logging of event-handlers skipped ===
2026-08-25T03:42:11,611  INFO EventsManagerImpl:140 To enable debug output, set an environment variable i.e. export LOG_LEVEL='debug', or set log.setLogLevel(Level.DEBUG) in your run class.
2026-08-25T03:42:11,611  INFO EventsManagerImpl:210     > org.matsim.contrib.dvrp.vrpagent.TaskStartedEvent
2026-08-25T03:42:11,611  INFO EventsManagerImpl:210     > org.matsim.contrib.dvrp.vrpagent.TaskEndedEvent
2026-08-25T03:42:11,611  INFO EventsManagerImpl:139 === Logging of event-handlers skipped ===
2026-08-25T03:42:11,611  INFO EventsManagerImpl:140 To enable debug output, set an environment variable i.e. export LOG_LEVEL='debug', or set log.setLogLevel(Level.DEBUG) in your run class.
2026-08-25T03:42:11,611  INFO EventsManagerImpl:210     > org.matsim.contrib.dvrp.vrpagent.TaskStartedEvent
2026-08-25T03:42:11,611  INFO EventsManagerImpl:210     > org.matsim.contrib.dvrp.vrpagent.TaskEndedEvent
2026-08-25T03:42:11,611  INFO EventsManagerImpl:139 === Logging of event-handlers skipped ===
2026-08-25T03:42:11,611  INFO EventsManagerImpl:140 To enable debug output, set an environment variable i.e. export LOG_LEVEL='debug', or set log.setLogLevel(Level.DEBUG) in your run class.
2026-08-25T03:42:11,611  INFO EventsManagerImpl:210     > org.matsim.contrib.drt.passenger.events.DrtRequestSubmittedEvent
2026-08-25T03:42:11,613  INFO EventsManagerImpl:210     > org.matsim.contrib.dvrp.passenger.PassengerPickedUpEvent
2026-08-25T03:42:11,613  INFO EventsManagerImpl:210     > org.matsim.contrib.dvrp.passenger.PassengerDroppedOffEvent
2026-08-25T03:42:11,613  INFO EventsManagerImpl:139 === Logging of event-handlers skipped ===
2026-08-25T03:42:11,613  INFO EventsManagerImpl:140 To enable debug output, set an environment variable i.e. export LOG_LEVEL='debug', or set log.setLogLevel(Level.DEBUG) in your run class.
2026-08-25T03:42:11,613  INFO EventsManagerImpl:210     > org.matsim.contrib.drt.passenger.events.DrtRequestSubmittedEvent
2026-08-25T03:42:11,613  INFO EventsManagerImpl:210     > org.matsim.contrib.dvrp.passenger.PassengerPickedUpEvent
2026-08-25T03:42:11,613  INFO EventsManagerImpl:210     > org.matsim.contrib.dvrp.passenger.PassengerDroppedOffEvent
2026-08-25T03:42:11,613  INFO EventsManagerImpl:139 === Logging of event-handlers skipped ===
2026-08-25T03:42:11,613  INFO EventsManagerImpl:140 To enable debug output, set an environment variable i.e. export LOG_LEVEL='debug', or set log.setLogLevel(Level.DEBUG) in your run class.
2026-08-25T03:42:11,613  INFO EventsManagerImpl:210     > org.matsim.contrib.dvrp.vrpagent.TaskStartedEvent
2026-08-25T03:42:11,613  INFO EventsManagerImpl:210     > org.matsim.contrib.dvrp.vrpagent.TaskEndedEvent
2026-08-25T03:42:11,613  INFO EventsManagerImpl:139 === Logging of event-handlers skipped ===
2026-08-25T03:42:11,613  INFO EventsManagerImpl:140 To enable debug output, set an environment variable i.e. export LOG_LEVEL='debug', or set log.setLogLevel(Level.DEBUG) in your run class.
2026-08-25T03:42:11,613  INFO EventsManagerImpl:210     > org.matsim.contrib.dvrp.vrpagent.TaskStartedEvent
2026-08-25T03:42:11,613  INFO EventsManagerImpl:210     > org.matsim.contrib.dvrp.vrpagent.TaskEndedEvent
2026-08-25T03:42:11,613  INFO EventsManagerImpl:139 === Logging of event-handlers skipped ===
2026-08-25T03:42:11,613  INFO EventsManagerImpl:140 To enable debug output, set an environment variable i.e. export LOG_LEVEL='debug', or set log.setLogLevel(Level.DEBUG) in your run class.
2026-08-25T03:42:11,613  INFO EventsManagerImpl:210     > org.matsim.contrib.dvrp.vrpagent.TaskStartedEvent
2026-08-25T03:42:11,613  INFO EventsManagerImpl:210     > org.matsim.contrib.dvrp.vrpagent.TaskEndedEvent
2026-08-25T03:42:11,613  INFO EventsManagerImpl:139 === Logging of event-handlers skipped ===
2026-08-25T03:42:11,613  INFO EventsManagerImpl:140 To enable debug output, set an environment variable i.e. export LOG_LEVEL='debug', or set log.setLogLevel(Level.DEBUG) in your run class.
2026-08-25T03:42:11,613  INFO EventsManagerImpl:210     > org.matsim.contrib.dvrp.vrpagent.TaskStartedEvent
2026-08-25T03:42:11,613  INFO EventsManagerImpl:210     > org.matsim.contrib.dvrp.vrpagent.TaskEndedEvent
2026-08-25T03:42:11,613  INFO EventsManagerImpl:139 === Logging of event-handlers skipped ===
2026-08-25T03:42:11,613  INFO EventsManagerImpl:140 To enable debug output, set an environment variable i.e. export LOG_LEVEL='debug', or set log.setLogLevel(Level.DEBUG) in your run class.
2026-08-25T03:42:11,613  INFO EventsManagerImpl:210     > org.matsim.contrib.dvrp.passenger.PassengerPickedUpEvent
2026-08-25T03:42:11,613  INFO EventsManagerImpl:210     > org.matsim.api.core.v01.events.LinkEnterEvent
2026-08-25T03:42:11,613  INFO EventsManagerImpl:210     > org.matsim.contrib.dvrp.passenger.PassengerDroppedOffEvent
2026-08-25T03:42:11,613  INFO EventsManagerImpl:210     > org.matsim.core.api.experimental.events.TeleportationArrivalEvent
2026-08-25T03:42:11,613  INFO EventsManagerImpl:139 === Logging of event-handlers skipped ===
2026-08-25T03:42:11,614  INFO EventsManagerImpl:140 To enable debug output, set an environment variable i.e. export LOG_LEVEL='debug', or set log.setLogLevel(Level.DEBUG) in your run class.
2026-08-25T03:42:11,614  INFO EventsManagerImpl:210     > org.matsim.contrib.dvrp.passenger.PassengerPickedUpEvent
2026-08-25T03:42:11,614  INFO EventsManagerImpl:210     > org.matsim.api.core.v01.events.LinkEnterEvent
2026-08-25T03:42:11,614  INFO EventsManagerImpl:210     > org.matsim.contrib.dvrp.passenger.PassengerDroppedOffEvent
2026-08-25T03:42:11,614  INFO EventsManagerImpl:210     > org.matsim.core.api.experimental.events.TeleportationArrivalEvent
2026-08-25T03:42:11,614  INFO EventsManagerImpl:139 === Logging of event-handlers skipped ===
2026-08-25T03:42:11,614  INFO EventsManagerImpl:140 To enable debug output, set an environment variable i.e. export LOG_LEVEL='debug', or set log.setLogLevel(Level.DEBUG) in your run class.
2026-08-25T03:42:11,614  INFO EventsManagerImpl:210     > org.matsim.contrib.dvrp.passenger.PassengerRequestRejectedEvent
2026-08-25T03:42:11,614  INFO EventsManagerImpl:210     > org.matsim.contrib.dvrp.passenger.PassengerRequestScheduledEvent
2026-08-25T03:42:11,614  INFO EventsManagerImpl:210     > org.matsim.contrib.drt.passenger.events.DrtRequestSubmittedEvent
2026-08-25T03:42:11,614  INFO EventsManagerImpl:210     > org.matsim.contrib.dvrp.passenger.PassengerWaitingEvent
2026-08-25T03:42:11,614  INFO EventsManagerImpl:210     > org.matsim.contrib.dvrp.passenger.PassengerPickedUpEvent
2026-08-25T03:42:11,614  INFO EventsManagerImpl:210     > org.matsim.contrib.dvrp.passenger.PassengerDroppedOffEvent
2026-08-25T03:42:11,614  INFO EventsManagerImpl:210     > org.matsim.api.core.v01.events.PersonMoneyEvent
2026-08-25T03:42:11,614  INFO EventsManagerImpl:210     > org.matsim.api.core.v01.events.PersonDepartureEvent
2026-08-25T03:42:11,614  INFO EventsManagerImpl:139 === Logging of event-handlers skipped ===
2026-08-25T03:42:11,614  INFO EventsManagerImpl:140 To enable debug output, set an environment variable i.e. export LOG_LEVEL='debug', or set log.setLogLevel(Level.DEBUG) in your run class.
2026-08-25T03:42:11,614  INFO EventsManagerImpl:210     > org.matsim.contrib.dvrp.passenger.PassengerRequestRejectedEvent
2026-08-25T03:42:11,614  INFO EventsManagerImpl:210     > org.matsim.contrib.dvrp.passenger.PassengerRequestScheduledEvent
2026-08-25T03:42:11,614  INFO EventsManagerImpl:210     > org.matsim.contrib.drt.passenger.events.DrtRequestSubmittedEvent
2026-08-25T03:42:11,614  INFO EventsManagerImpl:210     > org.matsim.contrib.dvrp.passenger.PassengerWaitingEvent
2026-08-25T03:42:11,614  INFO EventsManagerImpl:210     > org.matsim.contrib.dvrp.passenger.PassengerPickedUpEvent
2026-08-25T03:42:11,614  INFO EventsManagerImpl:210     > org.matsim.contrib.dvrp.passenger.PassengerDroppedOffEvent
2026-08-25T03:42:11,614  INFO EventsManagerImpl:210     > org.matsim.api.core.v01.events.PersonMoneyEvent
2026-08-25T03:42:11,614  INFO EventsManagerImpl:210     > org.matsim.api.core.v01.events.PersonDepartureEvent
2026-08-25T03:42:11,614  INFO EventsManagerImpl:139 === Logging of event-handlers skipped ===
2026-08-25T03:42:11,614  INFO EventsManagerImpl:140 To enable debug output, set an environment variable i.e. export LOG_LEVEL='debug', or set log.setLogLevel(Level.DEBUG) in your run class.
2026-08-25T03:42:11,614  INFO EventsManagerImpl:210     > org.matsim.api.core.v01.events.PersonEntersVehicleEvent
2026-08-25T03:42:11,614  INFO EventsManagerImpl:210     > org.matsim.api.core.v01.events.PersonLeavesVehicleEvent
2026-08-25T03:42:11,614  INFO EventsManagerImpl:210     > org.matsim.contrib.dvrp.vrpagent.TaskStartedEvent
2026-08-25T03:42:11,615  INFO EventsManagerImpl:210     > org.matsim.contrib.dvrp.vrpagent.TaskEndedEvent
2026-08-25T03:42:11,615  INFO EventsManagerImpl:139 === Logging of event-handlers skipped ===
2026-08-25T03:42:11,615  INFO EventsManagerImpl:140 To enable debug output, set an environment variable i.e. export LOG_LEVEL='debug', or set log.setLogLevel(Level.DEBUG) in your run class.
2026-08-25T03:42:11,615  INFO EventsManagerImpl:210     > org.matsim.api.core.v01.events.PersonEntersVehicleEvent
2026-08-25T03:42:11,615  INFO EventsManagerImpl:210     > org.matsim.api.core.v01.events.PersonLeavesVehicleEvent
2026-08-25T03:42:11,615  INFO EventsManagerImpl:210     > org.matsim.contrib.dvrp.vrpagent.TaskStartedEvent
2026-08-25T03:42:11,615  INFO EventsManagerImpl:210     > org.matsim.contrib.dvrp.vrpagent.TaskEndedEvent
2026-08-25T03:42:11,615  INFO EventsManagerImpl:139 === Logging of event-handlers skipped ===
2026-08-25T03:42:11,615  INFO EventsManagerImpl:140 To enable debug output, set an environment variable i.e. export LOG_LEVEL='debug', or set log.setLogLevel(Level.DEBUG) in your run class.
2026-08-25T03:42:11,615  INFO EventsManagerImpl:210     > org.matsim.contrib.dvrp.vrpagent.TaskStartedEvent
2026-08-25T03:42:11,615  INFO EventsManagerImpl:210     > org.matsim.contrib.dvrp.vrpagent.TaskEndedEvent
2026-08-25T03:42:11,615  INFO EventsManagerImpl:139 === Logging of event-handlers skipped ===
2026-08-25T03:42:11,615  INFO EventsManagerImpl:140 To enable debug output, set an environment variable i.e. export LOG_LEVEL='debug', or set log.setLogLevel(Level.DEBUG) in your run class.
2026-08-25T03:42:11,615  INFO EventsManagerImpl:210     > org.matsim.contrib.dvrp.vrpagent.TaskStartedEvent
2026-08-25T03:42:11,615  INFO EventsManagerImpl:210     > org.matsim.contrib.dvrp.vrpagent.TaskEndedEvent
2026-08-25T03:42:11,615  INFO EventsManagerImpl:139 === Logging of event-handlers skipped ===
2026-08-25T03:42:11,615  INFO EventsManagerImpl:140 To enable debug output, set an environment variable i.e. export LOG_LEVEL='debug', or set log.setLogLevel(Level.DEBUG) in your run class.
2026-08-25T03:42:11,615  INFO EventsManagerImpl:210     > org.matsim.contrib.drt.passenger.events.DrtRequestSubmittedEvent
2026-08-25T03:42:11,615  INFO EventsManagerImpl:210     > org.matsim.contrib.dvrp.passenger.PassengerPickedUpEvent
2026-08-25T03:42:11,615  INFO EventsManagerImpl:210     > org.matsim.contrib.dvrp.passenger.PassengerDroppedOffEvent
2026-08-25T03:42:11,615  INFO EventsManagerImpl:139 === Logging of event-handlers skipped ===
2026-08-25T03:42:11,615  INFO EventsManagerImpl:140 To enable debug output, set an environment variable i.e. export LOG_LEVEL='debug', or set log.setLogLevel(Level.DEBUG) in your run class.
2026-08-25T03:42:11,615  INFO EventsManagerImpl:210     > org.matsim.contrib.drt.passenger.events.DrtRequestSubmittedEvent
2026-08-25T03:42:11,615  INFO EventsManagerImpl:210     > org.matsim.contrib.dvrp.passenger.PassengerPickedUpEvent
2026-08-25T03:42:11,615  INFO EventsManagerImpl:210     > org.matsim.contrib.dvrp.passenger.PassengerDroppedOffEvent
2026-08-25T03:42:11,615  INFO EventsManagerImpl:139 === Logging of event-handlers skipped ===
2026-08-25T03:42:11,615  INFO EventsManagerImpl:140 To enable debug output, set an environment variable i.e. export LOG_LEVEL='debug', or set log.setLogLevel(Level.DEBUG) in your run class.
2026-08-25T03:42:11,616  INFO EventsManagerImpl:210     > org.matsim.contrib.dvrp.vrpagent.TaskStartedEvent
2026-08-25T03:42:11,616  INFO EventsManagerImpl:210     > org.matsim.contrib.dvrp.vrpagent.TaskEndedEvent
2026-08-25T03:42:11,616  INFO EventsManagerImpl:139 === Logging of event-handlers skipped ===
2026-08-25T03:42:11,616  INFO EventsManagerImpl:140 To enable debug output, set an environment variable i.e. export LOG_LEVEL='debug', or set log.setLogLevel(Level.DEBUG) in your run class.
2026-08-25T03:42:11,616  INFO EventsManagerImpl:210     > org.matsim.contrib.dvrp.vrpagent.TaskStartedEvent
2026-08-25T03:42:11,616  INFO EventsManagerImpl:210     > org.matsim.contrib.dvrp.vrpagent.TaskEndedEvent
2026-08-25T03:42:11,616  INFO EventsManagerImpl:139 === Logging of event-handlers skipped ===
2026-08-25T03:42:11,616  INFO EventsManagerImpl:140 To enable debug output, set an environment variable i.e. export LOG_LEVEL='debug', or set log.setLogLevel(Level.DEBUG) in your run class.
2026-08-25T03:42:11,616  INFO EventsManagerImpl:210     > org.matsim.contrib.dvrp.vrpagent.TaskStartedEvent
2026-08-25T03:42:11,616  INFO EventsManagerImpl:210     > org.matsim.contrib.dvrp.vrpagent.TaskEndedEvent
2026-08-25T03:42:11,616  INFO EventsManagerImpl:139 === Logging of event-handlers skipped ===
2026-08-25T03:42:11,616  INFO EventsManagerImpl:140 To enable debug output, set an environment variable i.e. export LOG_LEVEL='debug', or set log.setLogLevel(Level.DEBUG) in your run class.
2026-08-25T03:42:11,616  INFO EventsManagerImpl:210     > org.matsim.contrib.dvrp.vrpagent.TaskStartedEvent
2026-08-25T03:42:11,616  INFO EventsManagerImpl:210     > org.matsim.contrib.dvrp.vrpagent.TaskEndedEvent
2026-08-25T03:42:11,616  INFO EventsManagerImpl:139 === Logging of event-handlers skipped ===
2026-08-25T03:42:11,616  INFO EventsManagerImpl:140 To enable debug output, set an environment variable i.e. export LOG_LEVEL='debug', or set log.setLogLevel(Level.DEBUG) in your run class.
2026-08-25T03:42:11,616  INFO EventsManagerImpl:210     > org.matsim.contrib.dvrp.passenger.PassengerPickedUpEvent
2026-08-25T03:42:11,616  INFO EventsManagerImpl:210     > org.matsim.api.core.v01.events.LinkEnterEvent
2026-08-25T03:42:11,616  INFO EventsManagerImpl:210     > org.matsim.contrib.dvrp.passenger.PassengerDroppedOffEvent
2026-08-25T03:42:11,616  INFO EventsManagerImpl:210     > org.matsim.core.api.experimental.events.TeleportationArrivalEvent
2026-08-25T03:42:11,616  INFO EventsManagerImpl:139 === Logging of event-handlers skipped ===
2026-08-25T03:42:11,616  INFO EventsManagerImpl:140 To enable debug output, set an environment variable i.e. export LOG_LEVEL='debug', or set log.setLogLevel(Level.DEBUG) in your run class.
2026-08-25T03:42:11,616  INFO EventsManagerImpl:210     > org.matsim.contrib.dvrp.passenger.PassengerPickedUpEvent
2026-08-25T03:42:11,616  INFO EventsManagerImpl:210     > org.matsim.api.core.v01.events.LinkEnterEvent
2026-08-25T03:42:11,616  INFO EventsManagerImpl:210     > org.matsim.contrib.dvrp.passenger.PassengerDroppedOffEvent
2026-08-25T03:42:11,616  INFO EventsManagerImpl:210     > org.matsim.core.api.experimental.events.TeleportationArrivalEvent
2026-08-25T03:42:11,616  INFO EventsManagerImpl:139 === Logging of event-handlers skipped ===
2026-08-25T03:42:11,616  INFO EventsManagerImpl:140 To enable debug output, set an environment variable i.e. export LOG_LEVEL='debug', or set log.setLogLevel(Level.DEBUG) in your run class.
2026-08-25T03:42:11,616  INFO EventsManagerImpl:210     > org.matsim.contrib.dvrp.passenger.PassengerRequestRejectedEvent
2026-08-25T03:42:11,616  INFO EventsManagerImpl:210     > org.matsim.contrib.dvrp.passenger.PassengerRequestScheduledEvent
2026-08-25T03:42:11,617  INFO EventsManagerImpl:210     > org.matsim.contrib.drt.passenger.events.DrtRequestSubmittedEvent
2026-08-25T03:42:11,617  INFO EventsManagerImpl:210     > org.matsim.contrib.dvrp.passenger.PassengerWaitingEvent
2026-08-25T03:42:11,617  INFO EventsManagerImpl:210     > org.matsim.contrib.dvrp.passenger.PassengerPickedUpEvent
2026-08-25T03:42:11,617  INFO EventsManagerImpl:210     > org.matsim.contrib.dvrp.passenger.PassengerDroppedOffEvent
2026-08-25T03:42:11,617  INFO EventsManagerImpl:210     > org.matsim.api.core.v01.events.PersonMoneyEvent
2026-08-25T03:42:11,617  INFO EventsManagerImpl:210     > org.matsim.api.core.v01.events.PersonDepartureEvent
2026-08-25T03:42:11,617  INFO EventsManagerImpl:139 === Logging of event-handlers skipped ===
2026-08-25T03:42:11,617  INFO EventsManagerImpl:140 To enable debug output, set an environment variable i.e. export LOG_LEVEL='debug', or set log.setLogLevel(Level.DEBUG) in your run class.
2026-08-25T03:42:11,617  INFO EventsManagerImpl:210     > org.matsim.contrib.dvrp.passenger.PassengerRequestRejectedEvent
2026-08-25T03:42:11,617  INFO EventsManagerImpl:210     > org.matsim.contrib.dvrp.passenger.PassengerRequestScheduledEvent
2026-08-25T03:42:11,617  INFO EventsManagerImpl:210     > org.matsim.contrib.drt.passenger.events.DrtRequestSubmittedEvent
2026-08-25T03:42:11,617  INFO EventsManagerImpl:210     > org.matsim.contrib.dvrp.passenger.PassengerWaitingEvent
2026-08-25T03:42:11,617  INFO EventsManagerImpl:210     > org.matsim.contrib.dvrp.passenger.PassengerPickedUpEvent
2026-08-25T03:42:11,617  INFO EventsManagerImpl:210     > org.matsim.contrib.dvrp.passenger.PassengerDroppedOffEvent
2026-08-25T03:42:11,617  INFO EventsManagerImpl:210     > org.matsim.api.core.v01.events.PersonMoneyEvent
2026-08-25T03:42:11,617  INFO EventsManagerImpl:210     > org.matsim.api.core.v01.events.PersonDepartureEvent
2026-08-25T03:42:11,617  INFO EventsManagerImpl:139 === Logging of event-handlers skipped ===
2026-08-25T03:42:11,617  INFO EventsManagerImpl:140 To enable debug output, set an environment variable i.e. export LOG_LEVEL='debug', or set log.setLogLevel(Level.DEBUG) in your run class.
2026-08-25T03:42:11,617  INFO EventsManagerImpl:210     > org.matsim.api.core.v01.events.PersonEntersVehicleEvent
2026-08-25T03:42:11,617  INFO EventsManagerImpl:210     > org.matsim.api.core.v01.events.PersonLeavesVehicleEvent
2026-08-25T03:42:11,617  INFO EventsManagerImpl:210     > org.matsim.contrib.dvrp.vrpagent.TaskStartedEvent
2026-08-25T03:42:11,617  INFO EventsManagerImpl:210     > org.matsim.contrib.dvrp.vrpagent.TaskEndedEvent
2026-08-25T03:42:11,617  INFO EventsManagerImpl:139 === Logging of event-handlers skipped ===
2026-08-25T03:42:11,617  INFO EventsManagerImpl:140 To enable debug output, set an environment variable i.e. export LOG_LEVEL='debug', or set log.setLogLevel(Level.DEBUG) in your run class.
2026-08-25T03:42:11,617  INFO EventsManagerImpl:210     > org.matsim.api.core.v01.events.PersonEntersVehicleEvent
2026-08-25T03:42:11,617  INFO EventsManagerImpl:210     > org.matsim.api.core.v01.events.PersonLeavesVehicleEvent
2026-08-25T03:42:11,618  INFO EventsManagerImpl:210     > org.matsim.contrib.dvrp.vrpagent.TaskStartedEvent
2026-08-25T03:42:11,618  INFO EventsManagerImpl:210     > org.matsim.contrib.dvrp.vrpagent.TaskEndedEvent
2026-08-25T03:42:11,618  INFO EventsManagerImpl:139 === Logging of event-handlers skipped ===
2026-08-25T03:42:11,618  INFO EventsManagerImpl:140 To enable debug output, set an environment variable i.e. export LOG_LEVEL='debug', or set log.setLogLevel(Level.DEBUG) in your run class.
2026-08-25T03:42:11,618  INFO EventsManagerImpl:210     > org.matsim.contrib.dvrp.vrpagent.TaskStartedEvent
2026-08-25T03:42:11,618  INFO EventsManagerImpl:210     > org.matsim.contrib.dvrp.vrpagent.TaskEndedEvent
2026-08-25T03:42:11,618  INFO EventsManagerImpl:139 === Logging of event-handlers skipped ===
2026-08-25T03:42:11,618  INFO EventsManagerImpl:140 To enable debug output, set an environment variable i.e. export LOG_LEVEL='debug', or set log.setLogLevel(Level.DEBUG) in your run class.
2026-08-25T03:42:11,618  INFO EventsManagerImpl:210     > org.matsim.contrib.dvrp.vrpagent.TaskStartedEvent
2026-08-25T03:42:11,618  INFO EventsManagerImpl:210     > org.matsim.contrib.dvrp.vrpagent.TaskEndedEvent
2026-08-25T03:42:11,618  INFO EventsManagerImpl:139 === Logging of event-handlers skipped ===
2026-08-25T03:42:11,618  INFO EventsManagerImpl:140 To enable debug output, set an environment variable i.e. export LOG_LEVEL='debug', or set log.setLogLevel(Level.DEBUG) in your run class.
2026-08-25T03:42:11,618  INFO EventsManagerImpl:210     > org.matsim.contrib.drt.passenger.events.DrtRequestSubmittedEvent
2026-08-25T03:42:11,618  INFO EventsManagerImpl:210     > org.matsim.contrib.dvrp.passenger.PassengerPickedUpEvent
2026-08-25T03:42:11,618  INFO EventsManagerImpl:210     > org.matsim.contrib.dvrp.passenger.PassengerDroppedOffEvent
2026-08-25T03:42:11,618  INFO EventsManagerImpl:139 === Logging of event-handlers skipped ===
2026-08-25T03:42:11,618  INFO EventsManagerImpl:140 To enable debug output, set an environment variable i.e. export LOG_LEVEL='debug', or set log.setLogLevel(Level.DEBUG) in your run class.
2026-08-25T03:42:11,618  INFO EventsManagerImpl:210     > org.matsim.contrib.drt.passenger.events.DrtRequestSubmittedEvent
2026-08-25T03:42:11,618  INFO EventsManagerImpl:210     > org.matsim.contrib.dvrp.passenger.PassengerPickedUpEvent
2026-08-25T03:42:11,618  INFO EventsManagerImpl:210     > org.matsim.contrib.dvrp.passenger.PassengerDroppedOffEvent
2026-08-25T03:42:11,618  INFO EventsManagerImpl:139 === Logging of event-handlers skipped ===
2026-08-25T03:42:11,618  INFO EventsManagerImpl:140 To enable debug output, set an environment variable i.e. export LOG_LEVEL='debug', or set log.setLogLevel(Level.DEBUG) in your run class.
2026-08-25T03:42:11,618  INFO EventsManagerImpl:210     > org.matsim.contrib.dvrp.vrpagent.TaskStartedEvent
2026-08-25T03:42:11,618  INFO EventsManagerImpl:210     > org.matsim.contrib.dvrp.vrpagent.TaskEndedEvent
2026-08-25T03:42:11,618  INFO EventsManagerImpl:139 === Logging of event-handlers skipped ===
2026-08-25T03:42:11,619  INFO EventsManagerImpl:140 To enable debug output, set an environment variable i.e. export LOG_LEVEL='debug', or set log.setLogLevel(Level.DEBUG) in your run class.
2026-08-25T03:42:11,619  INFO EventsManagerImpl:210     > org.matsim.contrib.dvrp.vrpagent.TaskStartedEvent
2026-08-25T03:42:11,619  INFO EventsManagerImpl:210     > org.matsim.contrib.dvrp.vrpagent.TaskEndedEvent
2026-08-25T03:42:11,619  INFO EventsManagerImpl:139 === Logging of event-handlers skipped ===
2026-08-25T03:42:11,619  INFO EventsManagerImpl:140 To enable debug output, set an environment variable i.e. export LOG_LEVEL='debug', or set log.setLogLevel(Level.DEBUG) in your run class.
2026-08-25T03:42:11,619  INFO EventsManagerImpl:210     > org.matsim.contrib.dvrp.vrpagent.TaskStartedEvent
2026-08-25T03:42:11,619  INFO EventsManagerImpl:210     > org.matsim.contrib.dvrp.vrpagent.TaskEndedEvent
2026-08-25T03:42:11,619  INFO EventsManagerImpl:139 === Logging of event-handlers skipped ===
2026-08-25T03:42:11,619  INFO EventsManagerImpl:140 To enable debug output, set an environment variable i.e. export LOG_LEVEL='debug', or set log.setLogLevel(Level.DEBUG) in your run class.
2026-08-25T03:42:11,619  INFO EventsManagerImpl:210     > org.matsim.contrib.dvrp.vrpagent.TaskStartedEvent
2026-08-25T03:42:11,619  INFO EventsManagerImpl:210     > org.matsim.contrib.dvrp.vrpagent.TaskEndedEvent
2026-08-25T03:42:11,619  INFO EventsManagerImpl:139 === Logging of event-handlers skipped ===
2026-08-25T03:42:11,619  INFO EventsManagerImpl:140 To enable debug output, set an environment variable i.e. export LOG_LEVEL='debug', or set log.setLogLevel(Level.DEBUG) in your run class.
2026-08-25T03:42:11,619  INFO EventsManagerImpl:210     > org.matsim.contrib.dvrp.passenger.PassengerPickedUpEvent
2026-08-25T03:42:11,619  INFO EventsManagerImpl:210     > org.matsim.api.core.v01.events.LinkEnterEvent
2026-08-25T03:42:11,619  INFO EventsManagerImpl:210     > org.matsim.contrib.dvrp.passenger.PassengerDroppedOffEvent
2026-08-25T03:42:11,619  INFO EventsManagerImpl:210     > org.matsim.core.api.experimental.events.TeleportationArrivalEvent
2026-08-25T03:42:11,619  INFO EventsManagerImpl:139 === Logging of event-handlers skipped ===
2026-08-25T03:42:11,619  INFO EventsManagerImpl:140 To enable debug output, set an environment variable i.e. export LOG_LEVEL='debug', or set log.setLogLevel(Level.DEBUG) in your run class.
2026-08-25T03:42:11,619  INFO EventsManagerImpl:210     > org.matsim.contrib.dvrp.passenger.PassengerPickedUpEvent
2026-08-25T03:42:11,619  INFO EventsManagerImpl:210     > org.matsim.api.core.v01.events.LinkEnterEvent
2026-08-25T03:42:11,619  INFO EventsManagerImpl:210     > org.matsim.contrib.dvrp.passenger.PassengerDroppedOffEvent
2026-08-25T03:42:11,619  INFO EventsManagerImpl:210     > org.matsim.core.api.experimental.events.TeleportationArrivalEvent
2026-08-25T03:42:11,619  INFO EventsManagerImpl:139 === Logging of event-handlers skipped ===
2026-08-25T03:42:11,619  INFO EventsManagerImpl:140 To enable debug output, set an environment variable i.e. export LOG_LEVEL='debug', or set log.setLogLevel(Level.DEBUG) in your run class.
2026-08-25T03:42:11,619  INFO EventsManagerImpl:210     > org.matsim.contrib.dvrp.passenger.PassengerRequestRejectedEvent
2026-08-25T03:42:11,619  INFO EventsManagerImpl:210     > org.matsim.contrib.dvrp.passenger.PassengerRequestScheduledEvent
2026-08-25T03:42:11,619  INFO EventsManagerImpl:210     > org.matsim.contrib.drt.passenger.events.DrtRequestSubmittedEvent
2026-08-25T03:42:11,619  INFO EventsManagerImpl:210     > org.matsim.contrib.dvrp.passenger.PassengerWaitingEvent
2026-08-25T03:42:11,619  INFO EventsManagerImpl:210     > org.matsim.contrib.dvrp.passenger.PassengerPickedUpEvent
2026-08-25T03:42:11,619  INFO EventsManagerImpl:210     > org.matsim.contrib.dvrp.passenger.PassengerDroppedOffEvent
2026-08-25T03:42:11,619  INFO EventsManagerImpl:210     > org.matsim.api.core.v01.events.PersonMoneyEvent
2026-08-25T03:42:11,620  INFO EventsManagerImpl:210     > org.matsim.api.core.v01.events.PersonDepartureEvent
2026-08-25T03:42:11,620  INFO EventsManagerImpl:139 === Logging of event-handlers skipped ===
2026-08-25T03:42:11,620  INFO EventsManagerImpl:140 To enable debug output, set an environment variable i.e. export LOG_LEVEL='debug', or set log.setLogLevel(Level.DEBUG) in your run class.
2026-08-25T03:42:11,620  INFO EventsManagerImpl:210     > org.matsim.contrib.dvrp.passenger.PassengerRequestRejectedEvent
2026-08-25T03:42:11,620  INFO EventsManagerImpl:210     > org.matsim.contrib.dvrp.passenger.PassengerRequestScheduledEvent
2026-08-25T03:42:11,620  INFO EventsManagerImpl:210     > org.matsim.contrib.drt.passenger.events.DrtRequestSubmittedEvent
2026-08-25T03:42:11,620  INFO EventsManagerImpl:210     > org.matsim.contrib.dvrp.passenger.PassengerWaitingEvent
2026-08-25T03:42:11,620  INFO EventsManagerImpl:210     > org.matsim.contrib.dvrp.passenger.PassengerPickedUpEvent
2026-08-25T03:42:11,620  INFO EventsManagerImpl:210     > org.matsim.contrib.dvrp.passenger.PassengerDroppedOffEvent
2026-08-25T03:42:11,620  INFO EventsManagerImpl:210     > org.matsim.api.core.v01.events.PersonMoneyEvent
2026-08-25T03:42:11,620  INFO EventsManagerImpl:210     > org.matsim.api.core.v01.events.PersonDepartureEvent
2026-08-25T03:42:11,620  INFO EventsManagerImpl:139 === Logging of event-handlers skipped ===
2026-08-25T03:42:11,620  INFO EventsManagerImpl:140 To enable debug output, set an environment variable i.e. export LOG_LEVEL='debug', or set log.setLogLevel(Level.DEBUG) in your run class.
2026-08-25T03:42:11,620  INFO EventsManagerImpl:210     > org.matsim.api.core.v01.events.PersonEntersVehicleEvent
2026-08-25T03:42:11,620  INFO EventsManagerImpl:210     > org.matsim.api.core.v01.events.PersonLeavesVehicleEvent
2026-08-25T03:42:11,620  INFO EventsManagerImpl:210     > org.matsim.contrib.dvrp.vrpagent.TaskStartedEvent
2026-08-25T03:42:11,620  INFO EventsManagerImpl:210     > org.matsim.contrib.dvrp.vrpagent.TaskEndedEvent
2026-08-25T03:42:11,620  INFO EventsManagerImpl:139 === Logging of event-handlers skipped ===
2026-08-25T03:42:11,620  INFO EventsManagerImpl:140 To enable debug output, set an environment variable i.e. export LOG_LEVEL='debug', or set log.setLogLevel(Level.DEBUG) in your run class.
2026-08-25T03:42:11,620  INFO EventsManagerImpl:210     > org.matsim.api.core.v01.events.PersonEntersVehicleEvent
2026-08-25T03:42:11,620  INFO EventsManagerImpl:210     > org.matsim.api.core.v01.events.PersonLeavesVehicleEvent
2026-08-25T03:42:11,620  INFO EventsManagerImpl:210     > org.matsim.contrib.dvrp.vrpagent.TaskStartedEvent
2026-08-25T03:42:11,620  INFO EventsManagerImpl:210     > org.matsim.contrib.dvrp.vrpagent.TaskEndedEvent
2026-08-25T03:42:11,620  INFO EventsManagerImpl:139 === Logging of event-handlers skipped ===
2026-08-25T03:42:11,620  INFO EventsManagerImpl:140 To enable debug output, set an environment variable i.e. export LOG_LEVEL='debug', or set log.setLogLevel(Level.DEBUG) in your run class.
2026-08-25T03:42:11,620  INFO EventsManagerImpl:210     > org.matsim.contrib.dvrp.vrpagent.TaskStartedEvent
2026-08-25T03:42:11,620  INFO EventsManagerImpl:210     > org.matsim.contrib.dvrp.vrpagent.TaskEndedEvent
2026-08-25T03:42:11,620  INFO EventsManagerImpl:139 === Logging of event-handlers skipped ===
2026-08-25T03:42:11,620  INFO EventsManagerImpl:140 To enable debug output, set an environment variable i.e. export LOG_LEVEL='debug', or set log.setLogLevel(Level.DEBUG) in your run class.
2026-08-25T03:42:11,620  INFO EventsManagerImpl:210     > org.matsim.contrib.dvrp.vrpagent.TaskStartedEvent
2026-08-25T03:42:11,621  INFO EventsManagerImpl:210     > org.matsim.contrib.dvrp.vrpagent.TaskEndedEvent
2026-08-25T03:42:11,621  INFO EventsManagerImpl:139 === Logging of event-handlers skipped ===
2026-08-25T03:42:11,621  INFO EventsManagerImpl:140 To enable debug output, set an environment variable i.e. export LOG_LEVEL='debug', or set log.setLogLevel(Level.DEBUG) in your run class.
2026-08-25T03:42:11,621  INFO EventsManagerImpl:210     > org.matsim.contrib.drt.passenger.events.DrtRequestSubmittedEvent
2026-08-25T03:42:11,621  INFO EventsManagerImpl:210     > org.matsim.contrib.dvrp.passenger.PassengerPickedUpEvent
2026-08-25T03:42:11,621  INFO EventsManagerImpl:210     > org.matsim.contrib.dvrp.passenger.PassengerDroppedOffEvent
2026-08-25T03:42:11,621  INFO EventsManagerImpl:139 === Logging of event-handlers skipped ===
2026-08-25T03:42:11,621  INFO EventsManagerImpl:140 To enable debug output, set an environment variable i.e. export LOG_LEVEL='debug', or set log.setLogLevel(Level.DEBUG) in your run class.
2026-08-25T03:42:11,621  INFO EventsManagerImpl:210     > org.matsim.contrib.drt.passenger.events.DrtRequestSubmittedEvent
2026-08-25T03:42:11,621  INFO EventsManagerImpl:210     > org.matsim.contrib.dvrp.passenger.PassengerPickedUpEvent
2026-08-25T03:42:11,621  INFO EventsManagerImpl:210     > org.matsim.contrib.dvrp.passenger.PassengerDroppedOffEvent
2026-08-25T03:42:11,621  INFO EventsManagerImpl:139 === Logging of event-handlers skipped ===
2026-08-25T03:42:11,621  INFO EventsManagerImpl:140 To enable debug output, set an environment variable i.e. export LOG_LEVEL='debug', or set log.setLogLevel(Level.DEBUG) in your run class.
2026-08-25T03:42:11,621  INFO EventsManagerImpl:210     > org.matsim.contrib.dvrp.vrpagent.TaskStartedEvent
2026-08-25T03:42:11,621  INFO EventsManagerImpl:210     > org.matsim.contrib.dvrp.vrpagent.TaskEndedEvent
2026-08-25T03:42:11,621  INFO EventsManagerImpl:139 === Logging of event-handlers skipped ===
2026-08-25T03:42:11,621  INFO EventsManagerImpl:140 To enable debug output, set an environment variable i.e. export LOG_LEVEL='debug', or set log.setLogLevel(Level.DEBUG) in your run class.
2026-08-25T03:42:11,621  INFO EventsManagerImpl:210     > org.matsim.contrib.dvrp.vrpagent.TaskStartedEvent
2026-08-25T03:42:11,621  INFO EventsManagerImpl:210     > org.matsim.contrib.dvrp.vrpagent.TaskEndedEvent
2026-08-25T03:42:11,621  INFO EventsManagerImpl:139 === Logging of event-handlers skipped ===
2026-08-25T03:42:11,621  INFO EventsManagerImpl:140 To enable debug output, set an environment variable i.e. export LOG_LEVEL='debug', or set log.setLogLevel(Level.DEBUG) in your run class.
2026-08-25T03:42:11,621  INFO EventsManagerImpl:210     > org.matsim.contrib.dvrp.vrpagent.TaskStartedEvent
2026-08-25T03:42:11,621  INFO EventsManagerImpl:210     > org.matsim.contrib.dvrp.vrpagent.TaskEndedEvent
2026-08-25T03:42:11,621  INFO EventsManagerImpl:139 === Logging of event-handlers skipped ===
2026-08-25T03:42:11,621  INFO EventsManagerImpl:140 To enable debug output, set an environment variable i.e. export LOG_LEVEL='debug', or set log.setLogLevel(Level.DEBUG) in your run class.
2026-08-25T03:42:11,621  INFO EventsManagerImpl:210     > org.matsim.contrib.dvrp.vrpagent.TaskStartedEvent
2026-08-25T03:42:11,621  INFO EventsManagerImpl:210     > org.matsim.contrib.dvrp.vrpagent.TaskEndedEvent
2026-08-25T03:42:11,621  INFO EventsManagerImpl:139 === Logging of event-handlers skipped ===
2026-08-25T03:42:11,621  INFO EventsManagerImpl:140 To enable debug output, set an environment variable i.e. export LOG_LEVEL='debug', or set log.setLogLevel(Level.DEBUG) in your run class.
2026-08-25T03:42:11,622  INFO EventsManagerImpl:210     > org.matsim.contrib.dvrp.passenger.PassengerPickedUpEvent
2026-08-25T03:42:11,622  INFO EventsManagerImpl:210     > org.matsim.api.core.v01.events.LinkEnterEvent
2026-08-25T03:42:11,622  INFO EventsManagerImpl:210     > org.matsim.contrib.dvrp.passenger.PassengerDroppedOffEvent
2026-08-25T03:42:11,622  INFO EventsManagerImpl:210     > org.matsim.core.api.experimental.events.TeleportationArrivalEvent
2026-08-25T03:42:11,622  INFO EventsManagerImpl:139 === Logging of event-handlers skipped ===
2026-08-25T03:42:11,622  INFO EventsManagerImpl:140 To enable debug output, set an environment variable i.e. export LOG_LEVEL='debug', or set log.setLogLevel(Level.DEBUG) in your run class.
2026-08-25T03:42:11,622  INFO EventsManagerImpl:210     > org.matsim.contrib.dvrp.passenger.PassengerPickedUpEvent
2026-08-25T03:42:11,622  INFO EventsManagerImpl:210     > org.matsim.api.core.v01.events.LinkEnterEvent
2026-08-25T03:42:11,622  INFO EventsManagerImpl:210     > org.matsim.contrib.dvrp.passenger.PassengerDroppedOffEvent
2026-08-25T03:42:11,622  INFO EventsManagerImpl:210     > org.matsim.core.api.experimental.events.TeleportationArrivalEvent
2026-08-25T03:42:11,622  INFO EventsManagerImpl:139 === Logging of event-handlers skipped ===
2026-08-25T03:42:11,622  INFO EventsManagerImpl:140 To enable debug output, set an environment variable i.e. export LOG_LEVEL='debug', or set log.setLogLevel(Level.DEBUG) in your run class.
2026-08-25T03:42:11,622  INFO EventsManagerImpl:210     > org.matsim.contrib.dvrp.passenger.PassengerRequestRejectedEvent
2026-08-25T03:42:11,623  INFO EventsManagerImpl:210     > org.matsim.contrib.dvrp.passenger.PassengerRequestScheduledEvent
2026-08-25T03:42:11,623  INFO EventsManagerImpl:210     > org.matsim.contrib.drt.passenger.events.DrtRequestSubmittedEvent
2026-08-25T03:42:11,623  INFO EventsManagerImpl:210     > org.matsim.contrib.dvrp.passenger.PassengerWaitingEvent
2026-08-25T03:42:11,623  INFO EventsManagerImpl:210     > org.matsim.contrib.dvrp.passenger.PassengerPickedUpEvent
2026-08-25T03:42:11,623  INFO EventsManagerImpl:210     > org.matsim.contrib.dvrp.passenger.PassengerDroppedOffEvent
2026-08-25T03:42:11,623  INFO EventsManagerImpl:210     > org.matsim.api.core.v01.events.PersonMoneyEvent
2026-08-25T03:42:11,623  INFO EventsManagerImpl:210     > org.matsim.api.core.v01.events.PersonDepartureEvent
2026-08-25T03:42:11,623  INFO EventsManagerImpl:139 === Logging of event-handlers skipped ===
2026-08-25T03:42:11,623  INFO EventsManagerImpl:140 To enable debug output, set an environment variable i.e. export LOG_LEVEL='debug', or set log.setLogLevel(Level.DEBUG) in your run class.
2026-08-25T03:42:11,623  INFO EventsManagerImpl:210     > org.matsim.contrib.dvrp.passenger.PassengerRequestRejectedEvent
2026-08-25T03:42:11,623  INFO EventsManagerImpl:210     > org.matsim.contrib.dvrp.passenger.PassengerRequestScheduledEvent
2026-08-25T03:42:11,623  INFO EventsManagerImpl:210     > org.matsim.contrib.drt.passenger.events.DrtRequestSubmittedEvent
2026-08-25T03:42:11,623  INFO EventsManagerImpl:210     > org.matsim.contrib.dvrp.passenger.PassengerWaitingEvent
2026-08-25T03:42:11,623  INFO EventsManagerImpl:210     > org.matsim.contrib.dvrp.passenger.PassengerPickedUpEvent
2026-08-25T03:42:11,623  INFO EventsManagerImpl:210     > org.matsim.contrib.dvrp.passenger.PassengerDroppedOffEvent
2026-08-25T03:42:11,623  INFO EventsManagerImpl:210     > org.matsim.api.core.v01.events.PersonMoneyEvent
2026-08-25T03:42:11,623  INFO EventsManagerImpl:210     > org.matsim.api.core.v01.events.PersonDepartureEvent
2026-08-25T03:42:11,623  INFO EventsManagerImpl:139 === Logging of event-handlers skipped ===
2026-08-25T03:42:11,623  INFO EventsManagerImpl:140 To enable debug output, set an environment variable i.e. export LOG_LEVEL='debug', or set log.setLogLevel(Level.DEBUG) in your run class.
2026-08-25T03:42:11,623  INFO EventsManagerImpl:210     > org.matsim.api.core.v01.events.PersonEntersVehicleEvent
2026-08-25T03:42:11,623  INFO EventsManagerImpl:210     > org.matsim.api.core.v01.events.PersonLeavesVehicleEvent
2026-08-25T03:42:11,623  INFO EventsManagerImpl:210     > org.matsim.contrib.dvrp.vrpagent.TaskStartedEvent
2026-08-25T03:42:11,623  INFO EventsManagerImpl:210     > org.matsim.contrib.dvrp.vrpagent.TaskEndedEvent
2026-08-25T03:42:11,625  INFO EventsManagerImpl:139 === Logging of event-handlers skipped ===
2026-08-25T03:42:11,625  INFO EventsManagerImpl:140 To enable debug output, set an environment variable i.e. export LOG_LEVEL='debug', or set log.setLogLevel(Level.DEBUG) in your run class.
2026-08-25T03:42:11,625  INFO EventsManagerImpl:210     > org.matsim.api.core.v01.events.PersonEntersVehicleEvent
2026-08-25T03:42:11,625  INFO EventsManagerImpl:210     > org.matsim.api.core.v01.events.PersonLeavesVehicleEvent
2026-08-25T03:42:11,625  INFO EventsManagerImpl:210     > org.matsim.contrib.dvrp.vrpagent.TaskStartedEvent
2026-08-25T03:42:11,625  INFO EventsManagerImpl:210     > org.matsim.contrib.dvrp.vrpagent.TaskEndedEvent
2026-08-25T03:42:11,625  INFO EventsManagerImpl:139 === Logging of event-handlers skipped ===
2026-08-25T03:42:11,625  INFO EventsManagerImpl:140 To enable debug output, set an environment variable i.e. export LOG_LEVEL='debug', or set log.setLogLevel(Level.DEBUG) in your run class.
2026-08-25T03:42:11,625  INFO EventsManagerImpl:210     > org.matsim.contrib.dvrp.vrpagent.TaskStartedEvent
2026-08-25T03:42:11,625  INFO EventsManagerImpl:210     > org.matsim.contrib.dvrp.vrpagent.TaskEndedEvent
2026-08-25T03:42:11,625  INFO EventsManagerImpl:139 === Logging of event-handlers skipped ===
2026-08-25T03:42:11,625  INFO EventsManagerImpl:140 To enable debug output, set an environment variable i.e. export LOG_LEVEL='debug', or set log.setLogLevel(Level.DEBUG) in your run class.
2026-08-25T03:42:11,625  INFO EventsManagerImpl:210     > org.matsim.contrib.dvrp.vrpagent.TaskStartedEvent
2026-08-25T03:42:11,625  INFO EventsManagerImpl:210     > org.matsim.contrib.dvrp.vrpagent.TaskEndedEvent
2026-08-25T03:42:11,625  INFO EventsManagerImpl:139 === Logging of event-handlers skipped ===
2026-08-25T03:42:11,625  INFO EventsManagerImpl:140 To enable debug output, set an environment variable i.e. export LOG_LEVEL='debug', or set log.setLogLevel(Level.DEBUG) in your run class.
2026-08-25T03:42:11,625  INFO EventsManagerImpl:210     > org.matsim.contrib.drt.passenger.events.DrtRequestSubmittedEvent
2026-08-25T03:42:11,625  INFO EventsManagerImpl:210     > org.matsim.contrib.dvrp.passenger.PassengerPickedUpEvent
2026-08-25T03:42:11,626  INFO EventsManagerImpl:210     > org.matsim.contrib.dvrp.passenger.PassengerDroppedOffEvent
2026-08-25T03:42:11,626  INFO EventsManagerImpl:139 === Logging of event-handlers skipped ===
2026-08-25T03:42:11,626  INFO EventsManagerImpl:140 To enable debug output, set an environment variable i.e. export LOG_LEVEL='debug', or set log.setLogLevel(Level.DEBUG) in your run class.
2026-08-25T03:42:11,626  INFO EventsManagerImpl:210     > org.matsim.contrib.drt.passenger.events.DrtRequestSubmittedEvent
2026-08-25T03:42:11,626  INFO EventsManagerImpl:210     > org.matsim.contrib.dvrp.passenger.PassengerPickedUpEvent
2026-08-25T03:42:11,626  INFO EventsManagerImpl:210     > org.matsim.contrib.dvrp.passenger.PassengerDroppedOffEvent
2026-08-25T03:42:11,626  INFO EventsManagerImpl:139 === Logging of event-handlers skipped ===
2026-08-25T03:42:11,626  INFO EventsManagerImpl:140 To enable debug output, set an environment variable i.e. export LOG_LEVEL='debug', or set log.setLogLevel(Level.DEBUG) in your run class.
2026-08-25T03:42:11,626  INFO EventsManagerImpl:210     > org.matsim.contrib.dvrp.vrpagent.TaskStartedEvent
2026-08-25T03:42:11,626  INFO EventsManagerImpl:210     > org.matsim.contrib.dvrp.vrpagent.TaskEndedEvent
2026-08-25T03:42:11,626  INFO EventsManagerImpl:139 === Logging of event-handlers skipped ===
2026-08-25T03:42:11,626  INFO EventsManagerImpl:140 To enable debug output, set an environment variable i.e. export LOG_LEVEL='debug', or set log.setLogLevel(Level.DEBUG) in your run class.
2026-08-25T03:42:11,626  INFO EventsManagerImpl:210     > org.matsim.contrib.dvrp.vrpagent.TaskStartedEvent
2026-08-25T03:42:11,626  INFO EventsManagerImpl:210     > org.matsim.contrib.dvrp.vrpagent.TaskEndedEvent
2026-08-25T03:42:11,626  INFO EventsManagerImpl:139 === Logging of event-handlers skipped ===
2026-08-25T03:42:11,626  INFO EventsManagerImpl:140 To enable debug output, set an environment variable i.e. export LOG_LEVEL='debug', or set log.setLogLevel(Level.DEBUG) in your run class.
2026-08-25T03:42:11,626  INFO EventsManagerImpl:210     > org.matsim.contrib.dvrp.vrpagent.TaskStartedEvent
2026-08-25T03:42:11,626  INFO EventsManagerImpl:210     > org.matsim.contrib.dvrp.vrpagent.TaskEndedEvent
2026-08-25T03:42:11,626  INFO EventsManagerImpl:139 === Logging of event-handlers skipped ===
2026-08-25T03:42:11,626  INFO EventsManagerImpl:140 To enable debug output, set an environment variable i.e. export LOG_LEVEL='debug', or set log.setLogLevel(Level.DEBUG) in your run class.
2026-08-25T03:42:11,626  INFO EventsManagerImpl:210     > org.matsim.contrib.dvrp.vrpagent.TaskStartedEvent
2026-08-25T03:42:11,626  INFO EventsManagerImpl:210     > org.matsim.contrib.dvrp.vrpagent.TaskEndedEvent
2026-08-25T03:42:11,626  INFO EventsManagerImpl:139 === Logging of event-handlers skipped ===
2026-08-25T03:42:11,626  INFO EventsManagerImpl:140 To enable debug output, set an environment variable i.e. export LOG_LEVEL='debug', or set log.setLogLevel(Level.DEBUG) in your run class.
2026-08-25T03:42:11,626  INFO EventsManagerImpl:210     > org.matsim.contrib.dvrp.passenger.PassengerPickedUpEvent
2026-08-25T03:42:11,626  INFO EventsManagerImpl:210     > org.matsim.api.core.v01.events.LinkEnterEvent
2026-08-25T03:42:11,626  INFO EventsManagerImpl:210     > org.matsim.contrib.dvrp.passenger.PassengerDroppedOffEvent
2026-08-25T03:42:11,626  INFO EventsManagerImpl:210     > org.matsim.core.api.experimental.events.TeleportationArrivalEvent
2026-08-25T03:42:11,627  INFO EventsManagerImpl:139 === Logging of event-handlers skipped ===
2026-08-25T03:42:11,627  INFO EventsManagerImpl:140 To enable debug output, set an environment variable i.e. export LOG_LEVEL='debug', or set log.setLogLevel(Level.DEBUG) in your run class.
2026-08-25T03:42:11,627  INFO EventsManagerImpl:210     > org.matsim.contrib.dvrp.passenger.PassengerPickedUpEvent
2026-08-25T03:42:11,627  INFO EventsManagerImpl:210     > org.matsim.api.core.v01.events.LinkEnterEvent
2026-08-25T03:42:11,627  INFO EventsManagerImpl:210     > org.matsim.contrib.dvrp.passenger.PassengerDroppedOffEvent
2026-08-25T03:42:11,627  INFO EventsManagerImpl:210     > org.matsim.core.api.experimental.events.TeleportationArrivalEvent
2026-08-25T03:42:11,627  INFO EventsManagerImpl:139 === Logging of event-handlers skipped ===
2026-08-25T03:42:11,627  INFO EventsManagerImpl:140 To enable debug output, set an environment variable i.e. export LOG_LEVEL='debug', or set log.setLogLevel(Level.DEBUG) in your run class.
2026-08-25T03:42:11,627  INFO EventsManagerImpl:210     > org.matsim.contrib.dvrp.passenger.PassengerRequestRejectedEvent
2026-08-25T03:42:11,627  INFO EventsManagerImpl:210     > org.matsim.contrib.dvrp.passenger.PassengerRequestScheduledEvent
2026-08-25T03:42:11,627  INFO EventsManagerImpl:210     > org.matsim.contrib.drt.passenger.events.DrtRequestSubmittedEvent
2026-08-25T03:42:11,627  INFO EventsManagerImpl:210     > org.matsim.contrib.dvrp.passenger.PassengerWaitingEvent
2026-08-25T03:42:11,627  INFO EventsManagerImpl:210     > org.matsim.contrib.dvrp.passenger.PassengerPickedUpEvent
2026-08-25T03:42:11,627  INFO EventsManagerImpl:210     > org.matsim.contrib.dvrp.passenger.PassengerDroppedOffEvent
2026-08-25T03:42:11,627  INFO EventsManagerImpl:210     > org.matsim.api.core.v01.events.PersonMoneyEvent
2026-08-25T03:42:11,627  INFO EventsManagerImpl:210     > org.matsim.api.core.v01.events.PersonDepartureEvent
2026-08-25T03:42:11,627  INFO EventsManagerImpl:139 === Logging of event-handlers skipped ===
2026-08-25T03:42:11,627  INFO EventsManagerImpl:140 To enable debug output, set an environment variable i.e. export LOG_LEVEL='debug', or set log.setLogLevel(Level.DEBUG) in your run class.
2026-08-25T03:42:11,627  INFO EventsManagerImpl:210     > org.matsim.contrib.dvrp.passenger.PassengerRequestRejectedEvent
2026-08-25T03:42:11,627  INFO EventsManagerImpl:210     > org.matsim.contrib.dvrp.passenger.PassengerRequestScheduledEvent
2026-08-25T03:42:11,627  INFO EventsManagerImpl:210     > org.matsim.contrib.drt.passenger.events.DrtRequestSubmittedEvent
2026-08-25T03:42:11,627  INFO EventsManagerImpl:210     > org.matsim.contrib.dvrp.passenger.PassengerWaitingEvent
2026-08-25T03:42:11,627  INFO EventsManagerImpl:210     > org.matsim.contrib.dvrp.passenger.PassengerPickedUpEvent
2026-08-25T03:42:11,627  INFO EventsManagerImpl:210     > org.matsim.contrib.dvrp.passenger.PassengerDroppedOffEvent
2026-08-25T03:42:11,627  INFO EventsManagerImpl:210     > org.matsim.api.core.v01.events.PersonMoneyEvent
2026-08-25T03:42:11,627  INFO EventsManagerImpl:210     > org.matsim.api.core.v01.events.PersonDepartureEvent
2026-08-25T03:42:11,627  INFO EventsManagerImpl:139 === Logging of event-handlers skipped ===
2026-08-25T03:42:11,627  INFO EventsManagerImpl:140 To enable debug output, set an environment variable i.e. export LOG_LEVEL='debug', or set log.setLogLevel(Level.DEBUG) in your run class.
2026-08-25T03:42:11,627  INFO EventsManagerImpl:210     > org.matsim.api.core.v01.events.PersonEntersVehicleEvent
2026-08-25T03:42:11,627  INFO EventsManagerImpl:210     > org.matsim.api.core.v01.events.PersonLeavesVehicleEvent
2026-08-25T03:42:11,627  INFO EventsManagerImpl:210     > org.matsim.contrib.dvrp.vrpagent.TaskStartedEvent
2026-08-25T03:42:11,628  INFO EventsManagerImpl:210     > org.matsim.contrib.dvrp.vrpagent.TaskEndedEvent
2026-08-25T03:42:11,628  INFO EventsManagerImpl:139 === Logging of event-handlers skipped ===
2026-08-25T03:42:11,628  INFO EventsManagerImpl:140 To enable debug output, set an environment variable i.e. export LOG_LEVEL='debug', or set log.setLogLevel(Level.DEBUG) in your run class.
2026-08-25T03:42:11,628  INFO EventsManagerImpl:210     > org.matsim.api.core.v01.events.PersonEntersVehicleEvent
2026-08-25T03:42:11,628  INFO EventsManagerImpl:210     > org.matsim.api.core.v01.events.PersonLeavesVehicleEvent
2026-08-25T03:42:11,628  INFO EventsManagerImpl:210     > org.matsim.contrib.dvrp.vrpagent.TaskStartedEvent
2026-08-25T03:42:11,628  INFO EventsManagerImpl:210     > org.matsim.contrib.dvrp.vrpagent.TaskEndedEvent
2026-08-25T03:42:11,628  INFO EventsManagerImpl:139 === Logging of event-handlers skipped ===
2026-08-25T03:42:11,628  INFO EventsManagerImpl:140 To enable debug output, set an environment variable i.e. export LOG_LEVEL='debug', or set log.setLogLevel(Level.DEBUG) in your run class.
2026-08-25T03:42:11,628  INFO EventsManagerImpl:210     > org.matsim.contrib.dvrp.vrpagent.TaskStartedEvent
2026-08-25T03:42:11,628  INFO EventsManagerImpl:210     > org.matsim.contrib.dvrp.vrpagent.TaskEndedEvent
2026-08-25T03:42:11,628  INFO EventsManagerImpl:139 === Logging of event-handlers skipped ===
2026-08-25T03:42:11,628  INFO EventsManagerImpl:140 To enable debug output, set an environment variable i.e. export LOG_LEVEL='debug', or set log.setLogLevel(Level.DEBUG) in your run class.
2026-08-25T03:42:11,628  INFO EventsManagerImpl:210     > org.matsim.contrib.dvrp.vrpagent.TaskStartedEvent
2026-08-25T03:42:11,628  INFO EventsManagerImpl:210     > org.matsim.contrib.dvrp.vrpagent.TaskEndedEvent
2026-08-25T03:42:11,628  INFO EventsManagerImpl:139 === Logging of event-handlers skipped ===
2026-08-25T03:42:11,628  INFO EventsManagerImpl:140 To enable debug output, set an environment variable i.e. export LOG_LEVEL='debug', or set log.setLogLevel(Level.DEBUG) in your run class.
2026-08-25T03:42:11,628  INFO EventsManagerImpl:210     > org.matsim.contrib.drt.passenger.events.DrtRequestSubmittedEvent
2026-08-25T03:42:11,628  INFO EventsManagerImpl:210     > org.matsim.contrib.dvrp.passenger.PassengerPickedUpEvent
2026-08-25T03:42:11,628  INFO EventsManagerImpl:210     > org.matsim.contrib.dvrp.passenger.PassengerDroppedOffEvent
2026-08-25T03:42:11,628  INFO EventsManagerImpl:139 === Logging of event-handlers skipped ===
2026-08-25T03:42:11,628  INFO EventsManagerImpl:140 To enable debug output, set an environment variable i.e. export LOG_LEVEL='debug', or set log.setLogLevel(Level.DEBUG) in your run class.
2026-08-25T03:42:11,628  INFO EventsManagerImpl:210     > org.matsim.contrib.drt.passenger.events.DrtRequestSubmittedEvent
2026-08-25T03:42:11,628  INFO EventsManagerImpl:210     > org.matsim.contrib.dvrp.passenger.PassengerPickedUpEvent
2026-08-25T03:42:11,628  INFO EventsManagerImpl:210     > org.matsim.contrib.dvrp.passenger.PassengerDroppedOffEvent
2026-08-25T03:42:11,628  INFO EventsManagerImpl:139 === Logging of event-handlers skipped ===
2026-08-25T03:42:11,628  INFO EventsManagerImpl:140 To enable debug output, set an environment variable i.e. export LOG_LEVEL='debug', or set log.setLogLevel(Level.DEBUG) in your run class.
2026-08-25T03:42:11,628  INFO EventsManagerImpl:210     > org.matsim.contrib.dvrp.vrpagent.TaskStartedEvent
2026-08-25T03:42:11,628  INFO EventsManagerImpl:210     > org.matsim.contrib.dvrp.vrpagent.TaskEndedEvent
2026-08-25T03:42:11,628  INFO EventsManagerImpl:139 === Logging of event-handlers skipped ===
2026-08-25T03:42:11,628  INFO EventsManagerImpl:140 To enable debug output, set an environment variable i.e. export LOG_LEVEL='debug', or set log.setLogLevel(Level.DEBUG) in your run class.
2026-08-25T03:42:11,628  INFO EventsManagerImpl:210     > org.matsim.contrib.dvrp.vrpagent.TaskStartedEvent
2026-08-25T03:42:11,629  INFO EventsManagerImpl:210     > org.matsim.contrib.dvrp.vrpagent.TaskEndedEvent
2026-08-25T03:42:11,629  INFO EventsManagerImpl:139 === Logging of event-handlers skipped ===
2026-08-25T03:42:11,629  INFO EventsManagerImpl:140 To enable debug output, set an environment variable i.e. export LOG_LEVEL='debug', or set log.setLogLevel(Level.DEBUG) in your run class.
2026-08-25T03:42:11,629  INFO EventsManagerImpl:210     > org.matsim.contrib.dvrp.vrpagent.TaskStartedEvent
2026-08-25T03:42:11,629  INFO EventsManagerImpl:210     > org.matsim.contrib.dvrp.vrpagent.TaskEndedEvent
2026-08-25T03:42:11,629  INFO EventsManagerImpl:139 === Logging of event-handlers skipped ===
2026-08-25T03:42:11,629  INFO EventsManagerImpl:140 To enable debug output, set an environment variable i.e. export LOG_LEVEL='debug', or set log.setLogLevel(Level.DEBUG) in your run class.
2026-08-25T03:42:11,629  INFO EventsManagerImpl:210     > org.matsim.contrib.dvrp.vrpagent.TaskStartedEvent
2026-08-25T03:42:11,629  INFO EventsManagerImpl:210     > org.matsim.contrib.dvrp.vrpagent.TaskEndedEvent
2026-08-25T03:42:11,629  INFO EventsManagerImpl:139 === Logging of event-handlers skipped ===
2026-08-25T03:42:11,629  INFO EventsManagerImpl:140 To enable debug output, set an environment variable i.e. export LOG_LEVEL='debug', or set log.setLogLevel(Level.DEBUG) in your run class.
2026-08-25T03:42:11,629  INFO EventsManagerImpl:210     > org.matsim.contrib.dvrp.passenger.PassengerPickedUpEvent
2026-08-25T03:42:11,629  INFO EventsManagerImpl:210     > org.matsim.api.core.v01.events.LinkEnterEvent
2026-08-25T03:42:11,629  INFO EventsManagerImpl:210     > org.matsim.contrib.dvrp.passenger.PassengerDroppedOffEvent
2026-08-25T03:42:11,629  INFO EventsManagerImpl:210     > org.matsim.core.api.experimental.events.TeleportationArrivalEvent
2026-08-25T03:42:11,629  INFO EventsManagerImpl:139 === Logging of event-handlers skipped ===
2026-08-25T03:42:11,629  INFO EventsManagerImpl:140 To enable debug output, set an environment variable i.e. export LOG_LEVEL='debug', or set log.setLogLevel(Level.DEBUG) in your run class.
2026-08-25T03:42:11,629  INFO EventsManagerImpl:210     > org.matsim.contrib.dvrp.passenger.PassengerPickedUpEvent
2026-08-25T03:42:11,629  INFO EventsManagerImpl:210     > org.matsim.api.core.v01.events.LinkEnterEvent
2026-08-25T03:42:11,629  INFO EventsManagerImpl:210     > org.matsim.contrib.dvrp.passenger.PassengerDroppedOffEvent
2026-08-25T03:42:11,629  INFO EventsManagerImpl:210     > org.matsim.core.api.experimental.events.TeleportationArrivalEvent
2026-08-25T03:42:11,629  INFO EventsManagerImpl:139 === Logging of event-handlers skipped ===
2026-08-25T03:42:11,629  INFO EventsManagerImpl:140 To enable debug output, set an environment variable i.e. export LOG_LEVEL='debug', or set log.setLogLevel(Level.DEBUG) in your run class.
2026-08-25T03:42:11,629  INFO EventsManagerImpl:210     > org.matsim.contrib.dvrp.passenger.PassengerRequestRejectedEvent
2026-08-25T03:42:11,629  INFO EventsManagerImpl:210     > org.matsim.contrib.dvrp.passenger.PassengerRequestScheduledEvent
2026-08-25T03:42:11,629  INFO EventsManagerImpl:210     > org.matsim.contrib.drt.passenger.events.DrtRequestSubmittedEvent
2026-08-25T03:42:11,629  INFO EventsManagerImpl:210     > org.matsim.contrib.dvrp.passenger.PassengerWaitingEvent
2026-08-25T03:42:11,629  INFO EventsManagerImpl:210     > org.matsim.contrib.dvrp.passenger.PassengerPickedUpEvent
2026-08-25T03:42:11,629  INFO EventsManagerImpl:210     > org.matsim.contrib.dvrp.passenger.PassengerDroppedOffEvent
2026-08-25T03:42:11,629  INFO EventsManagerImpl:210     > org.matsim.api.core.v01.events.PersonMoneyEvent
2026-08-25T03:42:11,630  INFO EventsManagerImpl:210     > org.matsim.api.core.v01.events.PersonDepartureEvent
2026-08-25T03:42:11,630  INFO EventsManagerImpl:139 === Logging of event-handlers skipped ===
2026-08-25T03:42:11,630  INFO EventsManagerImpl:140 To enable debug output, set an environment variable i.e. export LOG_LEVEL='debug', or set log.setLogLevel(Level.DEBUG) in your run class.
2026-08-25T03:42:11,630  INFO EventsManagerImpl:210     > org.matsim.contrib.dvrp.passenger.PassengerRequestRejectedEvent
2026-08-25T03:42:11,630  INFO EventsManagerImpl:210     > org.matsim.contrib.dvrp.passenger.PassengerRequestScheduledEvent
2026-08-25T03:42:11,630  INFO EventsManagerImpl:210     > org.matsim.contrib.drt.passenger.events.DrtRequestSubmittedEvent
2026-08-25T03:42:11,630  INFO EventsManagerImpl:210     > org.matsim.contrib.dvrp.passenger.PassengerWaitingEvent
2026-08-25T03:42:11,630  INFO EventsManagerImpl:210     > org.matsim.contrib.dvrp.passenger.PassengerPickedUpEvent
2026-08-25T03:42:11,630  INFO EventsManagerImpl:210     > org.matsim.contrib.dvrp.passenger.PassengerDroppedOffEvent
2026-08-25T03:42:11,630  INFO EventsManagerImpl:210     > org.matsim.api.core.v01.events.PersonMoneyEvent
2026-08-25T03:42:11,630  INFO EventsManagerImpl:210     > org.matsim.api.core.v01.events.PersonDepartureEvent
2026-08-25T03:42:11,630  INFO EventsManagerImpl:139 === Logging of event-handlers skipped ===
2026-08-25T03:42:11,630  INFO EventsManagerImpl:140 To enable debug output, set an environment variable i.e. export LOG_LEVEL='debug', or set log.setLogLevel(Level.DEBUG) in your run class.
2026-08-25T03:42:11,630  INFO EventsManagerImpl:210     > org.matsim.api.core.v01.events.PersonEntersVehicleEvent
2026-08-25T03:42:11,630  INFO EventsManagerImpl:210     > org.matsim.api.core.v01.events.PersonLeavesVehicleEvent
2026-08-25T03:42:11,630  INFO EventsManagerImpl:210     > org.matsim.contrib.dvrp.vrpagent.TaskStartedEvent
2026-08-25T03:42:11,630  INFO EventsManagerImpl:210     > org.matsim.contrib.dvrp.vrpagent.TaskEndedEvent
2026-08-25T03:42:11,630  INFO EventsManagerImpl:139 === Logging of event-handlers skipped ===
2026-08-25T03:42:11,630  INFO EventsManagerImpl:140 To enable debug output, set an environment variable i.e. export LOG_LEVEL='debug', or set log.setLogLevel(Level.DEBUG) in your run class.
2026-08-25T03:42:11,630  INFO EventsManagerImpl:210     > org.matsim.api.core.v01.events.PersonEntersVehicleEvent
2026-08-25T03:42:11,630  INFO EventsManagerImpl:210     > org.matsim.api.core.v01.events.PersonLeavesVehicleEvent
2026-08-25T03:42:11,630  INFO EventsManagerImpl:210     > org.matsim.contrib.dvrp.vrpagent.TaskStartedEvent
2026-08-25T03:42:11,630  INFO EventsManagerImpl:210     > org.matsim.contrib.dvrp.vrpagent.TaskEndedEvent
2026-08-25T03:42:11,630  INFO EventsManagerImpl:139 === Logging of event-handlers skipped ===
2026-08-25T03:42:11,630  INFO EventsManagerImpl:140 To enable debug output, set an environment variable i.e. export LOG_LEVEL='debug', or set log.setLogLevel(Level.DEBUG) in your run class.
2026-08-25T03:42:11,630  INFO EventsManagerImpl:210     > org.matsim.contrib.dvrp.vrpagent.TaskStartedEvent
2026-08-25T03:42:11,631  INFO EventsManagerImpl:210     > org.matsim.contrib.dvrp.vrpagent.TaskEndedEvent
2026-08-25T03:42:11,631  INFO EventsManagerImpl:139 === Logging of event-handlers skipped ===
2026-08-25T03:42:11,631  INFO EventsManagerImpl:140 To enable debug output, set an environment variable i.e. export LOG_LEVEL='debug', or set log.setLogLevel(Level.DEBUG) in your run class.
2026-08-25T03:42:11,631  INFO EventsManagerImpl:210     > org.matsim.contrib.dvrp.vrpagent.TaskStartedEvent
2026-08-25T03:42:11,631  INFO EventsManagerImpl:210     > org.matsim.contrib.dvrp.vrpagent.TaskEndedEvent
2026-08-25T03:42:11,631  INFO EventsManagerImpl:139 === Logging of event-handlers skipped ===
2026-08-25T03:42:11,631  INFO EventsManagerImpl:140 To enable debug output, set an environment variable i.e. export LOG_LEVEL='debug', or set log.setLogLevel(Level.DEBUG) in your run class.
2026-08-25T03:42:11,631  INFO EventsManagerImpl:210     > org.matsim.contrib.drt.passenger.events.DrtRequestSubmittedEvent
2026-08-25T03:42:11,631  INFO EventsManagerImpl:210     > org.matsim.contrib.dvrp.passenger.PassengerPickedUpEvent
2026-08-25T03:42:11,631  INFO EventsManagerImpl:210     > org.matsim.contrib.dvrp.passenger.PassengerDroppedOffEvent
2026-08-25T03:42:11,631  INFO EventsManagerImpl:139 === Logging of event-handlers skipped ===
2026-08-25T03:42:11,631  INFO EventsManagerImpl:140 To enable debug output, set an environment variable i.e. export LOG_LEVEL='debug', or set log.setLogLevel(Level.DEBUG) in your run class.
2026-08-25T03:42:11,631  INFO EventsManagerImpl:210     > org.matsim.contrib.drt.passenger.events.DrtRequestSubmittedEvent
2026-08-25T03:42:11,631  INFO EventsManagerImpl:210     > org.matsim.contrib.dvrp.passenger.PassengerPickedUpEvent
2026-08-25T03:42:11,631  INFO EventsManagerImpl:210     > org.matsim.contrib.dvrp.passenger.PassengerDroppedOffEvent
2026-08-25T03:42:11,631  INFO EventsManagerImpl:139 === Logging of event-handlers skipped ===
2026-08-25T03:42:11,631  INFO EventsManagerImpl:140 To enable debug output, set an environment variable i.e. export LOG_LEVEL='debug', or set log.setLogLevel(Level.DEBUG) in your run class.
2026-08-25T03:42:11,631  INFO EventsManagerImpl:210     > org.matsim.contrib.dvrp.vrpagent.TaskStartedEvent
2026-08-25T03:42:11,631  INFO EventsManagerImpl:210     > org.matsim.contrib.dvrp.vrpagent.TaskEndedEvent
2026-08-25T03:42:11,631  INFO EventsManagerImpl:139 === Logging of event-handlers skipped ===
2026-08-25T03:42:11,631  INFO EventsManagerImpl:140 To enable debug output, set an environment variable i.e. export LOG_LEVEL='debug', or set log.setLogLevel(Level.DEBUG) in your run class.
2026-08-25T03:42:11,631  INFO EventsManagerImpl:210     > org.matsim.contrib.dvrp.vrpagent.TaskStartedEvent
2026-08-25T03:42:11,631  INFO EventsManagerImpl:210     > org.matsim.contrib.dvrp.vrpagent.TaskEndedEvent
2026-08-25T03:42:11,631  INFO EventsManagerImpl:139 === Logging of event-handlers skipped ===
2026-08-25T03:42:11,631  INFO EventsManagerImpl:140 To enable debug output, set an environment variable i.e. export LOG_LEVEL='debug', or set log.setLogLevel(Level.DEBUG) in your run class.
2026-08-25T03:42:11,631  INFO EventsManagerImpl:210     > org.matsim.contrib.dvrp.vrpagent.TaskStartedEvent
2026-08-25T03:42:11,631  INFO EventsManagerImpl:210     > org.matsim.contrib.dvrp.vrpagent.TaskEndedEvent
2026-08-25T03:42:11,631  INFO EventsManagerImpl:139 === Logging of event-handlers skipped ===
2026-08-25T03:42:11,631  INFO EventsManagerImpl:140 To enable debug output, set an environment variable i.e. export LOG_LEVEL='debug', or set log.setLogLevel(Level.DEBUG) in your run class.
2026-08-25T03:42:11,631  INFO EventsManagerImpl:210     > org.matsim.contrib.dvrp.vrpagent.TaskStartedEvent
2026-08-25T03:42:11,631  INFO EventsManagerImpl:210     > org.matsim.contrib.dvrp.vrpagent.TaskEndedEvent
2026-08-25T03:42:11,632  INFO EventsManagerImpl:139 === Logging of event-handlers skipped ===
2026-08-25T03:42:11,632  INFO EventsManagerImpl:140 To enable debug output, set an environment variable i.e. export LOG_LEVEL='debug', or set log.setLogLevel(Level.DEBUG) in your run class.
2026-08-25T03:42:11,632  INFO EventsManagerImpl:210     > org.matsim.contrib.dvrp.passenger.PassengerPickedUpEvent
2026-08-25T03:42:11,632  INFO EventsManagerImpl:210     > org.matsim.api.core.v01.events.LinkEnterEvent
2026-08-25T03:42:11,632  INFO EventsManagerImpl:210     > org.matsim.contrib.dvrp.passenger.PassengerDroppedOffEvent
2026-08-25T03:42:11,632  INFO EventsManagerImpl:210     > org.matsim.core.api.experimental.events.TeleportationArrivalEvent
2026-08-25T03:42:11,632  INFO EventsManagerImpl:139 === Logging of event-handlers skipped ===
2026-08-25T03:42:11,632  INFO EventsManagerImpl:140 To enable debug output, set an environment variable i.e. export LOG_LEVEL='debug', or set log.setLogLevel(Level.DEBUG) in your run class.
2026-08-25T03:42:11,632  INFO EventsManagerImpl:210     > org.matsim.contrib.dvrp.passenger.PassengerPickedUpEvent
2026-08-25T03:42:11,632  INFO EventsManagerImpl:210     > org.matsim.api.core.v01.events.LinkEnterEvent
2026-08-25T03:42:11,632  INFO EventsManagerImpl:210     > org.matsim.contrib.dvrp.passenger.PassengerDroppedOffEvent
2026-08-25T03:42:11,632  INFO EventsManagerImpl:210     > org.matsim.core.api.experimental.events.TeleportationArrivalEvent
2026-08-25T03:42:11,632  INFO EventsManagerImpl:139 === Logging of event-handlers skipped ===
2026-08-25T03:42:11,632  INFO EventsManagerImpl:140 To enable debug output, set an environment variable i.e. export LOG_LEVEL='debug', or set log.setLogLevel(Level.DEBUG) in your run class.
2026-08-25T03:42:11,632  INFO EventsManagerImpl:210     > org.matsim.contrib.dvrp.passenger.PassengerRequestRejectedEvent
2026-08-25T03:42:11,632  INFO EventsManagerImpl:210     > org.matsim.contrib.dvrp.passenger.PassengerRequestScheduledEvent
2026-08-25T03:42:11,632  INFO EventsManagerImpl:210     > org.matsim.contrib.drt.passenger.events.DrtRequestSubmittedEvent
2026-08-25T03:42:11,632  INFO EventsManagerImpl:210     > org.matsim.contrib.dvrp.passenger.PassengerWaitingEvent
2026-08-25T03:42:11,632  INFO EventsManagerImpl:210     > org.matsim.contrib.dvrp.passenger.PassengerPickedUpEvent
2026-08-25T03:42:11,632  INFO EventsManagerImpl:210     > org.matsim.contrib.dvrp.passenger.PassengerDroppedOffEvent
2026-08-25T03:42:11,632  INFO EventsManagerImpl:210     > org.matsim.api.core.v01.events.PersonMoneyEvent
2026-08-25T03:42:11,632  INFO EventsManagerImpl:210     > org.matsim.api.core.v01.events.PersonDepartureEvent
2026-08-25T03:42:11,632  INFO EventsManagerImpl:139 === Logging of event-handlers skipped ===
2026-08-25T03:42:11,632  INFO EventsManagerImpl:140 To enable debug output, set an environment variable i.e. export LOG_LEVEL='debug', or set log.setLogLevel(Level.DEBUG) in your run class.
2026-08-25T03:42:11,632  INFO EventsManagerImpl:210     > org.matsim.contrib.dvrp.passenger.PassengerRequestRejectedEvent
2026-08-25T03:42:11,632  INFO EventsManagerImpl:210     > org.matsim.contrib.dvrp.passenger.PassengerRequestScheduledEvent
2026-08-25T03:42:11,632  INFO EventsManagerImpl:210     > org.matsim.contrib.drt.passenger.events.DrtRequestSubmittedEvent
2026-08-25T03:42:11,632  INFO EventsManagerImpl:210     > org.matsim.contrib.dvrp.passenger.PassengerWaitingEvent
2026-08-25T03:42:11,632  INFO EventsManagerImpl:210     > org.matsim.contrib.dvrp.passenger.PassengerPickedUpEvent
2026-08-25T03:42:11,632  INFO EventsManagerImpl:210     > org.matsim.contrib.dvrp.passenger.PassengerDroppedOffEvent
2026-08-25T03:42:11,632  INFO EventsManagerImpl:210     > org.matsim.api.core.v01.events.PersonMoneyEvent
2026-08-25T03:42:11,632  INFO EventsManagerImpl:210     > org.matsim.api.core.v01.events.PersonDepartureEvent
2026-08-25T03:42:11,633  INFO EventsManagerImpl:139 === Logging of event-handlers skipped ===
2026-08-25T03:42:11,633  INFO EventsManagerImpl:140 To enable debug output, set an environment variable i.e. export LOG_LEVEL='debug', or set log.setLogLevel(Level.DEBUG) in your run class.
2026-08-25T03:42:11,633  INFO EventsManagerImpl:210     > org.matsim.api.core.v01.events.PersonEntersVehicleEvent
2026-08-25T03:42:11,633  INFO EventsManagerImpl:210     > org.matsim.api.core.v01.events.PersonLeavesVehicleEvent
2026-08-25T03:42:11,633  INFO EventsManagerImpl:210     > org.matsim.contrib.dvrp.vrpagent.TaskStartedEvent
2026-08-25T03:42:11,633  INFO EventsManagerImpl:210     > org.matsim.contrib.dvrp.vrpagent.TaskEndedEvent
2026-08-25T03:42:11,633  INFO EventsManagerImpl:139 === Logging of event-handlers skipped ===
2026-08-25T03:42:11,633  INFO EventsManagerImpl:140 To enable debug output, set an environment variable i.e. export LOG_LEVEL='debug', or set log.setLogLevel(Level.DEBUG) in your run class.
2026-08-25T03:42:11,633  INFO EventsManagerImpl:210     > org.matsim.api.core.v01.events.PersonEntersVehicleEvent
2026-08-25T03:42:11,633  INFO EventsManagerImpl:210     > org.matsim.api.core.v01.events.PersonLeavesVehicleEvent
2026-08-25T03:42:11,633  INFO EventsManagerImpl:210     > org.matsim.contrib.dvrp.vrpagent.TaskStartedEvent
2026-08-25T03:42:11,633  INFO EventsManagerImpl:210     > org.matsim.contrib.dvrp.vrpagent.TaskEndedEvent
2026-08-25T03:42:11,633  INFO EventsManagerImpl:139 === Logging of event-handlers skipped ===
2026-08-25T03:42:11,633  INFO EventsManagerImpl:140 To enable debug output, set an environment variable i.e. export LOG_LEVEL='debug', or set log.setLogLevel(Level.DEBUG) in your run class.
2026-08-25T03:42:11,633  INFO EventsManagerImpl:210     > org.matsim.contrib.dvrp.vrpagent.TaskStartedEvent
2026-08-25T03:42:11,633  INFO EventsManagerImpl:210     > org.matsim.contrib.dvrp.vrpagent.TaskEndedEvent
2026-08-25T03:42:11,633  INFO EventsManagerImpl:139 === Logging of event-handlers skipped ===
2026-08-25T03:42:11,633  INFO EventsManagerImpl:140 To enable debug output, set an environment variable i.e. export LOG_LEVEL='debug', or set log.setLogLevel(Level.DEBUG) in your run class.
2026-08-25T03:42:11,633  INFO EventsManagerImpl:210     > org.matsim.contrib.dvrp.vrpagent.TaskStartedEvent
2026-08-25T03:42:11,633  INFO EventsManagerImpl:210     > org.matsim.contrib.dvrp.vrpagent.TaskEndedEvent
2026-08-25T03:42:11,634  INFO EventsManagerImpl:139 === Logging of event-handlers skipped ===
2026-08-25T03:42:11,634  INFO EventsManagerImpl:140 To enable debug output, set an environment variable i.e. export LOG_LEVEL='debug', or set log.setLogLevel(Level.DEBUG) in your run class.
2026-08-25T03:42:11,634  INFO EventsManagerImpl:210     > org.matsim.contrib.drt.passenger.events.DrtRequestSubmittedEvent
2026-08-25T03:42:11,634  INFO EventsManagerImpl:210     > org.matsim.contrib.dvrp.passenger.PassengerPickedUpEvent
2026-08-25T03:42:11,634  INFO EventsManagerImpl:210     > org.matsim.contrib.dvrp.passenger.PassengerDroppedOffEvent
2026-08-25T03:42:11,634  INFO EventsManagerImpl:139 === Logging of event-handlers skipped ===
2026-08-25T03:42:11,634  INFO EventsManagerImpl:140 To enable debug output, set an environment variable i.e. export LOG_LEVEL='debug', or set log.setLogLevel(Level.DEBUG) in your run class.
2026-08-25T03:42:11,634  INFO EventsManagerImpl:210     > org.matsim.contrib.drt.passenger.events.DrtRequestSubmittedEvent
2026-08-25T03:42:11,634  INFO EventsManagerImpl:210     > org.matsim.contrib.dvrp.passenger.PassengerPickedUpEvent
2026-08-25T03:42:11,634  INFO EventsManagerImpl:210     > org.matsim.contrib.dvrp.passenger.PassengerDroppedOffEvent
2026-08-25T03:42:11,634  INFO EventsManagerImpl:139 === Logging of event-handlers skipped ===
2026-08-25T03:42:11,634  INFO EventsManagerImpl:140 To enable debug output, set an environment variable i.e. export LOG_LEVEL='debug', or set log.setLogLevel(Level.DEBUG) in your run class.
2026-08-25T03:42:11,634  INFO EventsManagerImpl:210     > org.matsim.contrib.dvrp.vrpagent.TaskStartedEvent
2026-08-25T03:42:11,634  INFO EventsManagerImpl:210     > org.matsim.contrib.dvrp.vrpagent.TaskEndedEvent
2026-08-25T03:42:11,634  INFO EventsManagerImpl:139 === Logging of event-handlers skipped ===
2026-08-25T03:42:11,634  INFO EventsManagerImpl:140 To enable debug output, set an environment variable i.e. export LOG_LEVEL='debug', or set log.setLogLevel(Level.DEBUG) in your run class.
2026-08-25T03:42:11,634  INFO EventsManagerImpl:210     > org.matsim.contrib.dvrp.vrpagent.TaskStartedEvent
2026-08-25T03:42:11,634  INFO EventsManagerImpl:210     > org.matsim.contrib.dvrp.vrpagent.TaskEndedEvent
2026-08-25T03:42:11,634  INFO EventsManagerImpl:139 === Logging of event-handlers skipped ===
2026-08-25T03:42:11,634  INFO EventsManagerImpl:140 To enable debug output, set an environment variable i.e. export LOG_LEVEL='debug', or set log.setLogLevel(Level.DEBUG) in your run class.
2026-08-25T03:42:11,634  INFO EventsManagerImpl:210     > org.matsim.contrib.dvrp.vrpagent.TaskStartedEvent
2026-08-25T03:42:11,634  INFO EventsManagerImpl:210     > org.matsim.contrib.dvrp.vrpagent.TaskEndedEvent
2026-08-25T03:42:11,634  INFO EventsManagerImpl:139 === Logging of event-handlers skipped ===
2026-08-25T03:42:11,634  INFO EventsManagerImpl:140 To enable debug output, set an environment variable i.e. export LOG_LEVEL='debug', or set log.setLogLevel(Level.DEBUG) in your run class.
2026-08-25T03:42:11,634  INFO EventsManagerImpl:210     > org.matsim.contrib.dvrp.vrpagent.TaskStartedEvent
2026-08-25T03:42:11,634  INFO EventsManagerImpl:210     > org.matsim.contrib.dvrp.vrpagent.TaskEndedEvent
2026-08-25T03:42:11,634  INFO EventsManagerImpl:139 === Logging of event-handlers skipped ===
2026-08-25T03:42:11,634  INFO EventsManagerImpl:140 To enable debug output, set an environment variable i.e. export LOG_LEVEL='debug', or set log.setLogLevel(Level.DEBUG) in your run class.
2026-08-25T03:42:11,634  INFO EventsManagerImpl:210     > org.matsim.contrib.dvrp.passenger.PassengerPickedUpEvent
2026-08-25T03:42:11,634  INFO EventsManagerImpl:210     > org.matsim.api.core.v01.events.LinkEnterEvent
2026-08-25T03:42:11,634  INFO EventsManagerImpl:210     > org.matsim.contrib.dvrp.passenger.PassengerDroppedOffEvent
2026-08-25T03:42:11,634  INFO EventsManagerImpl:210     > org.matsim.core.api.experimental.events.TeleportationArrivalEvent
2026-08-25T03:42:11,635  INFO EventsManagerImpl:139 === Logging of event-handlers skipped ===
2026-08-25T03:42:11,635  INFO EventsManagerImpl:140 To enable debug output, set an environment variable i.e. export LOG_LEVEL='debug', or set log.setLogLevel(Level.DEBUG) in your run class.
2026-08-25T03:42:11,635  INFO EventsManagerImpl:210     > org.matsim.contrib.dvrp.passenger.PassengerPickedUpEvent
2026-08-25T03:42:11,635  INFO EventsManagerImpl:210     > org.matsim.api.core.v01.events.LinkEnterEvent
2026-08-25T03:42:11,635  INFO EventsManagerImpl:210     > org.matsim.contrib.dvrp.passenger.PassengerDroppedOffEvent
2026-08-25T03:42:11,635  INFO EventsManagerImpl:210     > org.matsim.core.api.experimental.events.TeleportationArrivalEvent
2026-08-25T03:42:11,635  INFO EventsManagerImpl:139 === Logging of event-handlers skipped ===
2026-08-25T03:42:11,635  INFO EventsManagerImpl:140 To enable debug output, set an environment variable i.e. export LOG_LEVEL='debug', or set log.setLogLevel(Level.DEBUG) in your run class.
2026-08-25T03:42:11,635  INFO EventsManagerImpl:210     > org.matsim.contrib.dvrp.passenger.PassengerRequestRejectedEvent
2026-08-25T03:42:11,635  INFO EventsManagerImpl:210     > org.matsim.contrib.dvrp.passenger.PassengerRequestScheduledEvent
2026-08-25T03:42:11,635  INFO EventsManagerImpl:210     > org.matsim.contrib.drt.passenger.events.DrtRequestSubmittedEvent
2026-08-25T03:42:11,635  INFO EventsManagerImpl:210     > org.matsim.contrib.dvrp.passenger.PassengerWaitingEvent
2026-08-25T03:42:11,635  INFO EventsManagerImpl:210     > org.matsim.contrib.dvrp.passenger.PassengerPickedUpEvent
2026-08-25T03:42:11,635  INFO EventsManagerImpl:210     > org.matsim.contrib.dvrp.passenger.PassengerDroppedOffEvent
2026-08-25T03:42:11,635  INFO EventsManagerImpl:210     > org.matsim.api.core.v01.events.PersonMoneyEvent
2026-08-25T03:42:11,635  INFO EventsManagerImpl:210     > org.matsim.api.core.v01.events.PersonDepartureEvent
2026-08-25T03:42:11,635  INFO EventsManagerImpl:139 === Logging of event-handlers skipped ===
2026-08-25T03:42:11,635  INFO EventsManagerImpl:140 To enable debug output, set an environment variable i.e. export LOG_LEVEL='debug', or set log.setLogLevel(Level.DEBUG) in your run class.
2026-08-25T03:42:11,635  INFO EventsManagerImpl:210     > org.matsim.contrib.dvrp.passenger.PassengerRequestRejectedEvent
2026-08-25T03:42:11,635  INFO EventsManagerImpl:210     > org.matsim.contrib.dvrp.passenger.PassengerRequestScheduledEvent
2026-08-25T03:42:11,635  INFO EventsManagerImpl:210     > org.matsim.contrib.drt.passenger.events.DrtRequestSubmittedEvent
2026-08-25T03:42:11,635  INFO EventsManagerImpl:210     > org.matsim.contrib.dvrp.passenger.PassengerWaitingEvent
2026-08-25T03:42:11,635  INFO EventsManagerImpl:210     > org.matsim.contrib.dvrp.passenger.PassengerPickedUpEvent
2026-08-25T03:42:11,635  INFO EventsManagerImpl:210     > org.matsim.contrib.dvrp.passenger.PassengerDroppedOffEvent
2026-08-25T03:42:11,635  INFO EventsManagerImpl:210     > org.matsim.api.core.v01.events.PersonMoneyEvent
2026-08-25T03:42:11,635  INFO EventsManagerImpl:210     > org.matsim.api.core.v01.events.PersonDepartureEvent
2026-08-25T03:42:11,635  INFO EventsManagerImpl:139 === Logging of event-handlers skipped ===
2026-08-25T03:42:11,635  INFO EventsManagerImpl:140 To enable debug output, set an environment variable i.e. export LOG_LEVEL='debug', or set log.setLogLevel(Level.DEBUG) in your run class.
2026-08-25T03:42:11,635  INFO EventsManagerImpl:210     > org.matsim.api.core.v01.events.PersonEntersVehicleEvent
2026-08-25T03:42:11,635  INFO EventsManagerImpl:210     > org.matsim.api.core.v01.events.PersonLeavesVehicleEvent
2026-08-25T03:42:11,635  INFO EventsManagerImpl:210     > org.matsim.contrib.dvrp.vrpagent.TaskStartedEvent
2026-08-25T03:42:11,636  INFO EventsManagerImpl:210     > org.matsim.contrib.dvrp.vrpagent.TaskEndedEvent
2026-08-25T03:42:11,636  INFO EventsManagerImpl:139 === Logging of event-handlers skipped ===
2026-08-25T03:42:11,636  INFO EventsManagerImpl:140 To enable debug output, set an environment variable i.e. export LOG_LEVEL='debug', or set log.setLogLevel(Level.DEBUG) in your run class.
2026-08-25T03:42:11,636  INFO EventsManagerImpl:210     > org.matsim.api.core.v01.events.PersonEntersVehicleEvent
2026-08-25T03:42:11,636  INFO EventsManagerImpl:210     > org.matsim.api.core.v01.events.PersonLeavesVehicleEvent
2026-08-25T03:42:11,636  INFO EventsManagerImpl:210     > org.matsim.contrib.dvrp.vrpagent.TaskStartedEvent
2026-08-25T03:42:11,636  INFO EventsManagerImpl:210     > org.matsim.contrib.dvrp.vrpagent.TaskEndedEvent
2026-08-25T03:42:11,636  INFO EventsManagerImpl:139 === Logging of event-handlers skipped ===
2026-08-25T03:42:11,636  INFO EventsManagerImpl:140 To enable debug output, set an environment variable i.e. export LOG_LEVEL='debug', or set log.setLogLevel(Level.DEBUG) in your run class.
2026-08-25T03:42:11,636  INFO EventsManagerImpl:210     > org.matsim.contrib.dvrp.vrpagent.TaskStartedEvent
2026-08-25T03:42:11,636  INFO EventsManagerImpl:210     > org.matsim.contrib.dvrp.vrpagent.TaskEndedEvent
2026-08-25T03:42:11,636  INFO EventsManagerImpl:139 === Logging of event-handlers skipped ===
2026-08-25T03:42:11,636  INFO EventsManagerImpl:140 To enable debug output, set an environment variable i.e. export LOG_LEVEL='debug', or set log.setLogLevel(Level.DEBUG) in your run class.
2026-08-25T03:42:11,636  INFO EventsManagerImpl:210     > org.matsim.contrib.dvrp.vrpagent.TaskStartedEvent
2026-08-25T03:42:11,636  INFO EventsManagerImpl:210     > org.matsim.contrib.dvrp.vrpagent.TaskEndedEvent
2026-08-25T03:42:11,636  INFO EventsManagerImpl:139 === Logging of event-handlers skipped ===
2026-08-25T03:42:11,636  INFO EventsManagerImpl:140 To enable debug output, set an environment variable i.e. export LOG_LEVEL='debug', or set log.setLogLevel(Level.DEBUG) in your run class.
2026-08-25T03:42:11,636  INFO EventsManagerImpl:210     > org.matsim.contrib.drt.passenger.events.DrtRequestSubmittedEvent
2026-08-25T03:42:11,636  INFO EventsManagerImpl:210     > org.matsim.contrib.dvrp.passenger.PassengerPickedUpEvent
2026-08-25T03:42:11,636  INFO EventsManagerImpl:210     > org.matsim.contrib.dvrp.passenger.PassengerDroppedOffEvent
2026-08-25T03:42:11,636  INFO EventsManagerImpl:139 === Logging of event-handlers skipped ===
2026-08-25T03:42:11,636  INFO EventsManagerImpl:140 To enable debug output, set an environment variable i.e. export LOG_LEVEL='debug', or set log.setLogLevel(Level.DEBUG) in your run class.
2026-08-25T03:42:11,636  INFO EventsManagerImpl:210     > org.matsim.contrib.drt.passenger.events.DrtRequestSubmittedEvent
2026-08-25T03:42:11,636  INFO EventsManagerImpl:210     > org.matsim.contrib.dvrp.passenger.PassengerPickedUpEvent
2026-08-25T03:42:11,636  INFO EventsManagerImpl:210     > org.matsim.contrib.dvrp.passenger.PassengerDroppedOffEvent
2026-08-25T03:42:11,636  INFO EventsManagerImpl:139 === Logging of event-handlers skipped ===
2026-08-25T03:42:11,636  INFO EventsManagerImpl:140 To enable debug output, set an environment variable i.e. export LOG_LEVEL='debug', or set log.setLogLevel(Level.DEBUG) in your run class.
2026-08-25T03:42:11,636  INFO EventsManagerImpl:210     > org.matsim.contrib.dvrp.vrpagent.TaskStartedEvent
2026-08-25T03:42:11,636  INFO EventsManagerImpl:210     > org.matsim.contrib.dvrp.vrpagent.TaskEndedEvent
2026-08-25T03:42:11,636  INFO EventsManagerImpl:139 === Logging of event-handlers skipped ===
2026-08-25T03:42:11,636  INFO EventsManagerImpl:140 To enable debug output, set an environment variable i.e. export LOG_LEVEL='debug', or set log.setLogLevel(Level.DEBUG) in your run class.
2026-08-25T03:42:11,636  INFO EventsManagerImpl:210     > org.matsim.contrib.dvrp.vrpagent.TaskStartedEvent
2026-08-25T03:42:11,636  INFO EventsManagerImpl:210     > org.matsim.contrib.dvrp.vrpagent.TaskEndedEvent
2026-08-25T03:42:11,637  INFO Injector:81 === printInjector output skipped ===
2026-08-25T03:42:11,637  INFO Injector:82 To enable debug output, set an environment variable i.e. export LOG_LEVEL='debug', or set log.setLogLevel(Level.DEBUG) in your run class.
2026-08-25T03:42:11,692  INFO Gbl:64 JVM: 25.0.3; Eclipse Adoptium; mixed mode, sharing; 64-bit
2026-08-25T03:42:11,692  INFO Gbl:68 OS: Windows 11; 10.0; amd64
2026-08-25T03:42:11,692  INFO Gbl:71 CPU cores: 16
2026-08-25T03:42:11,694  INFO Gbl:72 max. Memory: 3948.0MB (4139778048B)
2026-08-25T03:42:11,695  INFO Gbl:114 MATSim-Build: r7f2ea0d07d20e164b577066595eddc23e3659473 ({2025-04-11 08:55:36})
2026-08-25T03:42:11,695  INFO Gbl:76 Command: org.matsim.project.RunDrt C:\Users\Louise Maralit\Downloads\ppc-drt-downsampler\output\1pct\drt-run-config.xml
2026-08-25T03:42:11,700  INFO MemoryObserver:42 used RAM: 302 MB  free: 125 MB  total: 428 MB
2026-08-25T03:42:11,705  INFO ControlerListenerManagerImpl:112 calling notifyStartup on org.matsim.core.controler.ControlerDefaultsModule$1 with priority 0.0
2026-08-25T03:42:11,802  INFO ControlerListenerManagerImpl:112 calling notifyStartup on org.matsim.guice.DependencyGraphControlerListener with priority 0.0
2026-08-25T03:42:12,053  INFO ControlerListenerManagerImpl:112 calling notifyStartup on org.matsim.counts.CountsControlerListener with priority 0.0
2026-08-25T03:42:12,053  INFO ControlerListenerManagerImpl:112 calling notifyStartup on org.matsim.analysis.ModeChoiceCoverageControlerListener with priority 0.0
2026-08-25T03:42:12,053  INFO ControlerListenerManagerImpl:112 calling notifyStartup on org.matsim.analysis.ModeStatsControlerListener with priority 0.0
2026-08-25T03:42:12,054  INFO ControlerListenerManagerImpl:112 calling notifyStartup on org.matsim.analysis.ScoreStatsControlerListener with priority 0.0
2026-08-25T03:42:12,054  INFO ControlerListenerManagerImpl:112 calling notifyStartup on org.matsim.simwrapper.SimWrapperListener with priority -1000.0
2026-08-25T03:42:12,064  INFO SimWrapperListener:102 Creating dashboards for org.matsim.simwrapper.SimWrapperListener$$Lambda/0x0000000025595c68@1808513f
2026-08-25T03:42:12,067  INFO SimWrapperListener:102 Creating dashboards for org.matsim.simwrapper.DefaultDashboardProvider@34ec0ebf
2026-08-25T03:42:12,081  INFO SimWrapperListener:113 Adding dashboard org.matsim.simwrapper.dashboard.OverviewDashboard@617e89b5
2026-08-25T03:42:12,081  INFO SimWrapperListener:113 Adding dashboard org.matsim.simwrapper.dashboard.TripDashboard@495b3de0
2026-08-25T03:42:12,081  INFO SimWrapperListener:113 Adding dashboard org.matsim.simwrapper.dashboard.TrafficDashboard@52abfdca
2026-08-25T03:42:12,083  INFO SimWrapperListener:113 Adding dashboard org.matsim.simwrapper.dashboard.PublicTransitDashboard@4056f9e9
2026-08-25T03:42:12,083  INFO SimWrapperListener:113 Adding dashboard org.matsim.simwrapper.dashboard.StuckAgentDashboard@55f0e377
2026-08-25T03:42:12,434  INFO ControlerListenerManagerImpl:115 all ControlerStartupListeners called.
2026-08-25T03:42:12,436  INFO ControllerUtils:99 config dump before iterations start
2026-08-25T03:42:12,478  INFO ControllerUtils:105 === logging config.xml skipped ===
2026-08-25T03:42:12,478  INFO ControllerUtils:106 To enable debug output, set an environment variable i.e. export LOG_LEVEL='debug', or set log.setLogLevel(Level.DEBUG) in your run class.
2026-08-25T03:42:12,478  INFO ControllerUtils:110 Complete config dump done.
2026-08-25T03:42:12,479  INFO ControllerUtils:111 Checking consistency of config...
2026-08-25T03:42:12,480  INFO VspConfigConsistencyCheckerImpl:62 NOT running vsp config consistency check because vsp defaults checking level is set to IGNORE
2026-08-25T03:42:12,525  INFO ControllerUtils:113 Checking consistency of config done.
2026-08-25T03:42:12,525  INFO PrepareForSimImpl:125 Network seems to be multimodal. Create car-only network which is handed over to PersonPrepareForSim.
2026-08-25T03:42:12,525  INFO NetworkImpl:165  node # 1
2026-08-25T03:42:12,525  INFO NetworkImpl:165  node # 4
2026-08-25T03:42:12,525  INFO NetworkImpl:165  node # 16
2026-08-25T03:42:12,525  INFO NetworkImpl:165  node # 64
2026-08-25T03:42:12,526  INFO NetworkImpl:165  node # 256
2026-08-25T03:42:12,526  INFO NetworkImpl:165  node # 1024
2026-08-25T03:42:12,529  INFO NetworkImpl:165  node # 4096
2026-08-25T03:42:12,532  INFO NetworkImpl:161  link # 1
2026-08-25T03:42:12,532  INFO NetworkImpl:161  link # 4
2026-08-25T03:42:12,532  INFO NetworkImpl:161  link # 16
2026-08-25T03:42:12,533  INFO NetworkImpl:161  link # 64
2026-08-25T03:42:12,534  INFO NetworkImpl:161  link # 256
2026-08-25T03:42:12,537  INFO NetworkImpl:161  link # 1024
2026-08-25T03:42:12,550  INFO NetworkImpl:161  link # 4096
2026-08-25T03:42:12,591  INFO NetworkImpl:161  link # 16384
2026-08-25T03:42:12,604  WARN PrepareForSimImpl:265 'usePersonIdForMissingVehicleId' is deprecated. It will be removed soon.
2026-08-25T03:42:12,604  INFO Counter:70 [VehiclesImpl] added vehicle # 1
2026-08-25T03:42:12,604  INFO Counter:70 [VehiclesImpl] added vehicle # 2
2026-08-25T03:42:12,604  INFO Counter:70 [VehiclesImpl] added vehicle # 4
2026-08-25T03:42:12,604  INFO Counter:70 [VehiclesImpl] added vehicle # 8
2026-08-25T03:42:12,604  INFO Counter:70 [VehiclesImpl] added vehicle # 16
2026-08-25T03:42:12,604  INFO Counter:70 [VehiclesImpl] added vehicle # 32
2026-08-25T03:42:12,605  INFO Counter:70 [VehiclesImpl] added vehicle # 64
2026-08-25T03:42:12,605  INFO Counter:70 [VehiclesImpl] added vehicle # 128
2026-08-25T03:42:12,606  INFO Counter:70 [VehiclesImpl] added vehicle # 256
2026-08-25T03:42:12,607  INFO Counter:70 [VehiclesImpl] added vehicle # 512
2026-08-25T03:42:12,610  INFO Counter:70 [VehiclesImpl] added vehicle # 1024
2026-08-25T03:42:12,612  INFO Counter:70 [VehiclesImpl] added vehicle # 2048
2026-08-25T03:42:12,644  INFO EventsManagerImpl:139 === Logging of event-handlers skipped ===
2026-08-25T03:42:12,644  INFO EventsManagerImpl:140 To enable debug output, set an environment variable i.e. export LOG_LEVEL='debug', or set log.setLogLevel(Level.DEBUG) in your run class.
2026-08-25T03:42:12,645  INFO EventsManagerImpl:210     > org.matsim.pt.router.TransitScheduleChangedEvent
2026-08-25T03:42:12,645  INFO EventsManagerImpl:139 === Logging of event-handlers skipped ===
2026-08-25T03:42:12,645  INFO EventsManagerImpl:140 To enable debug output, set an environment variable i.e. export LOG_LEVEL='debug', or set log.setLogLevel(Level.DEBUG) in your run class.
2026-08-25T03:42:12,645  INFO EventsManagerImpl:210     > org.matsim.pt.router.TransitScheduleChangedEvent
2026-08-25T03:42:12,646  INFO SwissRailRaptorData:105 Preparing data for SwissRailRaptor...
2026-08-25T03:42:14,566  INFO SwissRailRaptorData:258 SwissRailRaptor data preparation done. Took 1 seconds.
2026-08-25T03:42:14,567  INFO SwissRailRaptorData:259 SwissRailRaptor statistics:  #routes = 133
2026-08-25T03:42:14,567  INFO SwissRailRaptorData:260 SwissRailRaptor statistics:  #departures = 3514
2026-08-25T03:42:14,567  INFO SwissRailRaptorData:261 SwissRailRaptor statistics:  #routeStops = 11234
2026-08-25T03:42:14,567  INFO SwissRailRaptorData:262 SwissRailRaptor statistics:  #stopFacilities = 1828
2026-08-25T03:42:14,567  INFO SwissRailRaptorData:263 SwissRailRaptor statistics:  #transfers (between routeStops) = 733198
2026-08-25T03:42:14,573  INFO NetworkImpl:165  node # 1
2026-08-25T03:42:14,573  INFO NetworkImpl:165  node # 4
2026-08-25T03:42:14,573  INFO NetworkImpl:165  node # 16
2026-08-25T03:42:14,573  INFO NetworkImpl:165  node # 64
2026-08-25T03:42:14,573  INFO NetworkImpl:165  node # 256
2026-08-25T03:42:14,575  INFO NetworkImpl:165  node # 1024
2026-08-25T03:42:14,577  INFO NetworkImpl:165  node # 4096
2026-08-25T03:42:14,579  INFO NetworkImpl:161  link # 1
2026-08-25T03:42:14,579  INFO NetworkImpl:161  link # 4
2026-08-25T03:42:14,579  INFO NetworkImpl:161  link # 16
2026-08-25T03:42:14,579  INFO NetworkImpl:161  link # 64
2026-08-25T03:42:14,580  INFO NetworkImpl:161  link # 256
2026-08-25T03:42:14,582  INFO NetworkImpl:161  link # 1024
2026-08-25T03:42:14,585  INFO NetworkImpl:161  link # 4096
2026-08-25T03:42:14,603  INFO NetworkImpl:161  link # 16384
2026-08-25T03:42:14,608  INFO NetworkRoutingProvider:151 Checking network for mode 'car' for consistency...
2026-08-25T03:42:14,631  INFO MultimodalNetworkCleaner:104 running org.matsim.core.network.algorithms.MultimodalNetworkCleaner algorithm for modes [car] with connectivity modes []...
2026-08-25T03:42:14,632  INFO MultimodalNetworkCleaner:108   checking 7538 nodes and 18748 links for dead-ends...
2026-08-25T03:42:14,713  INFO MultimodalNetworkCleaner:126     The biggest cluster consists of 18748 links.
2026-08-25T03:42:14,713  INFO MultimodalNetworkCleaner:127   done.
2026-08-25T03:42:14,723  INFO MultimodalNetworkCleaner:151   resulting network contains 7538 nodes and 18748 links.
2026-08-25T03:42:14,723  INFO MultimodalNetworkCleaner:153 done.
2026-08-25T03:42:14,734  WARN RandomizingTimeDistanceTravelDisutilityFactory:118 There will be no routing randomness. The randomization of the travel disutility requires the travel time cost rate to be different than zero. Continuing anyway.
2026-08-25T03:42:14,737  INFO RandomizingTimeDistanceTravelDisutilityFactory:86  sigma: 3.0; resulting normalization: 0.011108996538242306
2026-08-25T03:42:14,741  WARN TurnRestrictionsContext:144 No mode was specified, merging available DisallowedNextLinks from all modes.
2026-08-25T03:42:14,741  WARN TurnRestrictionsContext:145 This could result in a graph that is more restrictive than meant to be for routing.
2026-08-25T03:42:14,748  INFO SpeedyALTData:51 find dead ends...
2026-08-25T03:42:14,748  INFO SpeedyALTData:132 calculate landmarks...
2026-08-25T03:42:14,837  INFO SpeedyALTData:173 calculate min travelcost...
2026-08-25T03:42:14,842  WARN NetworkRoutingProvider:137 [mode: car; routingMode: car] Using deprecated routing module without access/egress. Consider using AccessEgressNetworkRouter instead.
2026-08-25T03:42:14,856  INFO RandomizingTimeDistanceTravelDisutilityFactory:86  sigma: 3.0; resulting normalization: 0.011108996538242306
2026-08-25T03:42:14,856  WARN NetworkRoutingProvider:137 [mode: car; routingMode: car] Using deprecated routing module without access/egress. Consider using AccessEgressNetworkRouter instead.
2026-08-25T03:42:14,869  INFO RandomizingTimeDistanceTravelDisutilityFactory:86  sigma: 3.0; resulting normalization: 0.011108996538242306
2026-08-25T03:42:14,869  WARN NetworkRoutingProvider:137 [mode: car; routingMode: car] Using deprecated routing module without access/egress. Consider using AccessEgressNetworkRouter instead.
2026-08-25T03:42:14,880  INFO RandomizingTimeDistanceTravelDisutilityFactory:86  sigma: 3.0; resulting normalization: 0.011108996538242306
2026-08-25T03:42:14,881  WARN NetworkRoutingProvider:137 [mode: car; routingMode: car] Using deprecated routing module without access/egress. Consider using AccessEgressNetworkRouter instead.
2026-08-25T03:42:14,897  INFO NetworkImpl:419 building QuadTree for nodes: xrange(660044.2387122003,747378.2433629687); yrange(1058897.8435464848,1133592.827693648)
2026-08-25T03:42:14,907  INFO NetworkImpl:428 Building QuadTree took 0.016 seconds.
2026-08-25T03:42:14,909  INFO Counter:70 [PersonPrepareForSim] handled person # 1
2026-08-25T03:42:14,914  INFO Counter:70 [PersonPrepareForSim] handled person # 2
2026-08-25T03:42:14,914  INFO Counter:70 [PersonPrepareForSim] handled person # 4
2026-08-25T03:42:14,921  INFO Counter:70 [PersonPrepareForSim] handled person # 8
2026-08-25T03:42:14,931  INFO Counter:70 [PersonPrepareForSim] handled person # 16
2026-08-25T03:42:14,933  INFO Counter:70 [PersonPrepareForSim] handled person # 32
2026-08-25T03:42:14,980  INFO Counter:70 [PersonPrepareForSim] handled person # 64
2026-08-25T03:42:15,009  INFO Counter:70 [PersonPrepareForSim] handled person # 128
2026-08-25T03:42:15,071  INFO Counter:70 [PersonPrepareForSim] handled person # 256
2026-08-25T03:42:15,199  INFO Counter:70 [PersonPrepareForSim] handled person # 512
2026-08-25T03:42:15,341  INFO Counter:70 [PersonPrepareForSim] handled person # 1024
2026-08-25T03:42:15,631  INFO Counter:70 [PersonPrepareForSim] handled person # 2048
2026-08-25T03:42:15,860  INFO Counter:75 [PersonPrepareForSim] handled person # 3068
2026-08-25T03:42:15,867  INFO AbstractController:136 ###################################################
2026-08-25T03:42:15,867  INFO AbstractController:137 ### ITERATION 0 BEGINS
2026-08-25T03:42:15,870  INFO ControlerListenerManagerImpl:156 calling notifyIterationStarts on org.matsim.analysis.LegTimesControlerListener with priority 0.0
2026-08-25T03:42:15,870  INFO EventsManagerImpl:139 === Logging of event-handlers skipped ===
2026-08-25T03:42:15,870  INFO EventsManagerImpl:140 To enable debug output, set an environment variable i.e. export LOG_LEVEL='debug', or set log.setLogLevel(Level.DEBUG) in your run class.
2026-08-25T03:42:15,870  INFO EventsManagerImpl:210     > org.matsim.api.core.v01.events.PersonDepartureEvent
2026-08-25T03:42:15,870  INFO EventsManagerImpl:210     > org.matsim.api.core.v01.events.PersonArrivalEvent
2026-08-25T03:42:15,870  INFO EventsManagerImpl:210     > org.matsim.api.core.v01.events.ActivityEndEvent
2026-08-25T03:42:15,870  INFO EventsManagerImpl:210     > org.matsim.api.core.v01.events.ActivityStartEvent
2026-08-25T03:42:15,870  INFO EventsManagerImpl:139 === Logging of event-handlers skipped ===
2026-08-25T03:42:15,870  INFO EventsManagerImpl:140 To enable debug output, set an environment variable i.e. export LOG_LEVEL='debug', or set log.setLogLevel(Level.DEBUG) in your run class.
2026-08-25T03:42:15,870  INFO EventsManagerImpl:210     > org.matsim.api.core.v01.events.PersonDepartureEvent
2026-08-25T03:42:15,870  INFO EventsManagerImpl:210     > org.matsim.api.core.v01.events.PersonArrivalEvent
2026-08-25T03:42:15,870  INFO EventsManagerImpl:210     > org.matsim.api.core.v01.events.ActivityEndEvent
2026-08-25T03:42:15,870  INFO EventsManagerImpl:210     > org.matsim.api.core.v01.events.ActivityStartEvent
2026-08-25T03:42:15,870  INFO ControlerListenerManagerImpl:156 calling notifyIterationStarts on org.matsim.analysis.LegHistogramListener with priority 0.0
2026-08-25T03:42:15,871  INFO EventsManagerImpl:139 === Logging of event-handlers skipped ===
2026-08-25T03:42:15,871  INFO EventsManagerImpl:140 To enable debug output, set an environment variable i.e. export LOG_LEVEL='debug', or set log.setLogLevel(Level.DEBUG) in your run class.
2026-08-25T03:42:15,871  INFO EventsManagerImpl:210     > org.matsim.api.core.v01.events.PersonDepartureEvent
2026-08-25T03:42:15,871  INFO EventsManagerImpl:210     > org.matsim.api.core.v01.events.PersonArrivalEvent
2026-08-25T03:42:15,871  INFO EventsManagerImpl:210     > org.matsim.api.core.v01.events.PersonStuckEvent
2026-08-25T03:42:15,871  INFO EventsManagerImpl:139 === Logging of event-handlers skipped ===
2026-08-25T03:42:15,871  INFO EventsManagerImpl:140 To enable debug output, set an environment variable i.e. export LOG_LEVEL='debug', or set log.setLogLevel(Level.DEBUG) in your run class.
2026-08-25T03:42:15,871  INFO EventsManagerImpl:210     > org.matsim.api.core.v01.events.PersonDepartureEvent
2026-08-25T03:42:15,871  INFO EventsManagerImpl:210     > org.matsim.api.core.v01.events.PersonArrivalEvent
2026-08-25T03:42:15,871  INFO EventsManagerImpl:210     > org.matsim.api.core.v01.events.PersonStuckEvent
2026-08-25T03:42:15,871  INFO ControlerListenerManagerImpl:156 calling notifyIterationStarts on org.matsim.analysis.LinkStatsControlerListener with priority 0.0
2026-08-25T03:42:15,871  INFO ControlerListenerManagerImpl:156 calling notifyIterationStarts on org.matsim.contrib.dvrp.analysis.CapacityLoadAnalysisHandler with priority 0.0
2026-08-25T03:42:15,871  INFO ControlerListenerManagerImpl:156 calling notifyIterationStarts on org.matsim.contrib.dvrp.analysis.CapacityLoadAnalysisHandler with priority 0.0
2026-08-25T03:42:15,871  INFO ControlerListenerManagerImpl:156 calling notifyIterationStarts on org.matsim.contrib.dvrp.analysis.CapacityLoadAnalysisHandler with priority 0.0
2026-08-25T03:42:15,872  INFO ControlerListenerManagerImpl:156 calling notifyIterationStarts on org.matsim.contrib.dvrp.analysis.CapacityLoadAnalysisHandler with priority 0.0
2026-08-25T03:42:15,872  INFO ControlerListenerManagerImpl:156 calling notifyIterationStarts on org.matsim.contrib.dvrp.analysis.CapacityLoadAnalysisHandler with priority 0.0
2026-08-25T03:42:15,872  INFO ControlerListenerManagerImpl:156 calling notifyIterationStarts on org.matsim.contrib.dvrp.analysis.CapacityLoadAnalysisHandler with priority 0.0
2026-08-25T03:42:15,872  INFO ControlerListenerManagerImpl:156 calling notifyIterationStarts on org.matsim.contrib.dvrp.analysis.CapacityLoadAnalysisHandler with priority 0.0
2026-08-25T03:42:15,872  INFO ControlerListenerManagerImpl:156 calling notifyIterationStarts on org.matsim.contrib.dvrp.analysis.CapacityLoadAnalysisHandler with priority 0.0
2026-08-25T03:42:15,872  INFO ControlerListenerManagerImpl:156 calling notifyIterationStarts on org.matsim.contrib.dvrp.analysis.CapacityLoadAnalysisHandler with priority 0.0
2026-08-25T03:42:15,872  INFO ControlerListenerManagerImpl:156 calling notifyIterationStarts on org.matsim.contrib.dvrp.analysis.CapacityLoadAnalysisHandler with priority 0.0
2026-08-25T03:42:15,872  INFO ControlerListenerManagerImpl:156 calling notifyIterationStarts on org.matsim.contrib.dvrp.analysis.CapacityLoadAnalysisHandler with priority 0.0
2026-08-25T03:42:15,872  INFO ControlerListenerManagerImpl:156 calling notifyIterationStarts on org.matsim.contrib.dvrp.analysis.CapacityLoadAnalysisHandler with priority 0.0
2026-08-25T03:42:15,872  INFO ControlerListenerManagerImpl:156 calling notifyIterationStarts on org.matsim.contrib.dvrp.analysis.CapacityLoadAnalysisHandler with priority 0.0
2026-08-25T03:42:15,872  INFO ControlerListenerManagerImpl:156 calling notifyIterationStarts on org.matsim.contrib.dvrp.analysis.CapacityLoadAnalysisHandler with priority 0.0
2026-08-25T03:42:15,872  INFO ControlerListenerManagerImpl:156 calling notifyIterationStarts on org.matsim.contrib.dvrp.analysis.CapacityLoadAnalysisHandler with priority 0.0
2026-08-25T03:42:15,872  INFO ControlerListenerManagerImpl:156 calling notifyIterationStarts on org.matsim.contrib.dvrp.analysis.CapacityLoadAnalysisHandler with priority 0.0
2026-08-25T03:42:15,872  INFO ControlerListenerManagerImpl:156 calling notifyIterationStarts on org.matsim.contrib.dvrp.analysis.CapacityLoadAnalysisHandler with priority 0.0
2026-08-25T03:42:15,872  INFO ControlerListenerManagerImpl:156 calling notifyIterationStarts on org.matsim.contrib.dvrp.analysis.CapacityLoadAnalysisHandler with priority 0.0
2026-08-25T03:42:15,872  INFO ControlerListenerManagerImpl:156 calling notifyIterationStarts on org.matsim.contrib.dvrp.analysis.CapacityLoadAnalysisHandler with priority 0.0
2026-08-25T03:42:15,872  INFO ControlerListenerManagerImpl:156 calling notifyIterationStarts on org.matsim.contrib.dvrp.analysis.CapacityLoadAnalysisHandler with priority 0.0
2026-08-25T03:42:15,872  INFO ControlerListenerManagerImpl:156 calling notifyIterationStarts on org.matsim.core.replanning.ReplanningContextImpl with priority 0.0
2026-08-25T03:42:15,872  INFO ControlerListenerManagerImpl:156 calling notifyIterationStarts on org.matsim.core.scoring.ScoringFunctionsForPopulation$$Lambda/0x0000000025542d70 with priority 0.0
2026-08-25T03:42:15,910  INFO ControlerListenerManagerImpl:156 calling notifyIterationStarts on org.matsim.core.scoring.ExperiencedPlansServiceImpl$1 with priority 0.0
2026-08-25T03:42:15,911  INFO ControlerListenerManagerImpl:159 [it.0] all ControlerIterationStartsListeners called.
2026-08-25T03:42:15,912  INFO ControlerListenerManagerImpl:242 calling notifyBeforeMobsim on org.matsim.core.controler.corelisteners.EventsHandlingImpl with priority 0.0
2026-08-25T03:42:15,912  INFO EventsManagerImpl:173 resetting Event-Handlers
2026-08-25T03:42:15,912  INFO EventsManagerImpl:180   org.matsim.core.trafficmonitoring.TravelTimeCalculator
2026-08-25T03:42:15,917  INFO EventsManagerImpl:180   org.matsim.project.drt.TricycleFareHandler
2026-08-25T03:42:15,918  INFO EventsManagerImpl:180   org.matsim.project.drt.JeepneyFareHandler
2026-08-25T03:42:15,918  INFO EventsManagerImpl:180   org.matsim.contrib.drt.analysis.DrtVehicleDistanceStats
2026-08-25T03:42:15,918  INFO EventsManagerImpl:180   org.matsim.contrib.drt.analysis.DrtVehicleDistanceStats
2026-08-25T03:42:15,918  INFO EventsManagerImpl:180   org.matsim.contrib.drt.analysis.DrtVehicleDistanceStats
2026-08-25T03:42:15,918  INFO EventsManagerImpl:180   org.matsim.contrib.drt.analysis.DrtVehicleDistanceStats
2026-08-25T03:42:15,918  INFO EventsManagerImpl:180   org.matsim.contrib.drt.analysis.DrtVehicleDistanceStats
2026-08-25T03:42:15,918  INFO EventsManagerImpl:180   org.matsim.contrib.drt.analysis.DrtVehicleDistanceStats
2026-08-25T03:42:15,918  INFO EventsManagerImpl:180   org.matsim.contrib.drt.analysis.DrtVehicleDistanceStats
2026-08-25T03:42:15,918  INFO EventsManagerImpl:180   org.matsim.contrib.drt.analysis.DrtVehicleDistanceStats
2026-08-25T03:42:15,918  INFO EventsManagerImpl:180   org.matsim.contrib.drt.analysis.DrtVehicleDistanceStats
2026-08-25T03:42:15,918  INFO EventsManagerImpl:180   org.matsim.contrib.drt.analysis.DrtVehicleDistanceStats
2026-08-25T03:42:15,918  INFO EventsManagerImpl:180   org.matsim.contrib.drt.analysis.DrtVehicleDistanceStats
2026-08-25T03:42:15,919  INFO EventsManagerImpl:180   org.matsim.contrib.drt.analysis.DrtVehicleDistanceStats
2026-08-25T03:42:15,919  INFO EventsManagerImpl:180   org.matsim.contrib.drt.analysis.DrtVehicleDistanceStats
2026-08-25T03:42:15,919  INFO EventsManagerImpl:180   org.matsim.contrib.drt.analysis.DrtVehicleDistanceStats
2026-08-25T03:42:15,919  INFO EventsManagerImpl:180   org.matsim.contrib.drt.analysis.DrtVehicleDistanceStats
2026-08-25T03:42:15,919  INFO EventsManagerImpl:180   org.matsim.contrib.drt.analysis.DrtVehicleDistanceStats
2026-08-25T03:42:15,919  INFO EventsManagerImpl:180   org.matsim.contrib.drt.analysis.DrtVehicleDistanceStats
2026-08-25T03:42:15,919  INFO EventsManagerImpl:180   org.matsim.contrib.drt.analysis.DrtVehicleDistanceStats
2026-08-25T03:42:15,919  INFO EventsManagerImpl:180   org.matsim.contrib.drt.analysis.DrtVehicleDistanceStats
2026-08-25T03:42:15,919  INFO EventsManagerImpl:180   org.matsim.contrib.drt.analysis.DrtVehicleDistanceStats
2026-08-25T03:42:15,919  INFO EventsManagerImpl:180   org.matsim.analysis.VolumesAnalyzer
2026-08-25T03:42:15,919  INFO EventsManagerImpl:180   org.matsim.core.scoring.ScoringFunctionsForPopulation
2026-08-25T03:42:15,919  INFO EventsManagerImpl:180   org.matsim.analysis.LegHistogram
2026-08-25T03:42:15,919  INFO EventsManagerImpl:180   org.matsim.contrib.drt.analysis.DrtEventSequenceCollector
2026-08-25T03:42:15,919  INFO EventsManagerImpl:180   org.matsim.contrib.drt.analysis.DrtEventSequenceCollector
2026-08-25T03:42:15,919  INFO EventsManagerImpl:180   org.matsim.contrib.drt.analysis.DrtEventSequenceCollector
2026-08-25T03:42:15,919  INFO EventsManagerImpl:180   org.matsim.contrib.drt.analysis.DrtEventSequenceCollector
2026-08-25T03:42:15,919  INFO EventsManagerImpl:180   org.matsim.contrib.drt.analysis.DrtEventSequenceCollector
2026-08-25T03:42:15,919  INFO EventsManagerImpl:180   org.matsim.contrib.drt.analysis.DrtEventSequenceCollector
2026-08-25T03:42:15,919  INFO EventsManagerImpl:180   org.matsim.contrib.drt.analysis.DrtEventSequenceCollector
2026-08-25T03:42:15,919  INFO EventsManagerImpl:180   org.matsim.contrib.drt.analysis.DrtEventSequenceCollector
2026-08-25T03:42:15,919  INFO EventsManagerImpl:180   org.matsim.contrib.drt.analysis.DrtEventSequenceCollector
2026-08-25T03:42:15,919  INFO EventsManagerImpl:180   org.matsim.contrib.drt.analysis.DrtEventSequenceCollector
2026-08-25T03:42:15,920  INFO EventsManagerImpl:180   org.matsim.contrib.drt.analysis.DrtEventSequenceCollector
2026-08-25T03:42:15,920  INFO EventsManagerImpl:180   org.matsim.contrib.drt.analysis.DrtEventSequenceCollector
2026-08-25T03:42:15,920  INFO EventsManagerImpl:180   org.matsim.contrib.drt.analysis.DrtEventSequenceCollector
2026-08-25T03:42:15,920  INFO EventsManagerImpl:180   org.matsim.contrib.drt.analysis.DrtEventSequenceCollector
2026-08-25T03:42:15,920  INFO EventsManagerImpl:180   org.matsim.contrib.drt.analysis.DrtEventSequenceCollector
2026-08-25T03:42:15,920  INFO EventsManagerImpl:180   org.matsim.contrib.drt.analysis.DrtEventSequenceCollector
2026-08-25T03:42:15,920  INFO EventsManagerImpl:180   org.matsim.contrib.drt.analysis.DrtEventSequenceCollector
2026-08-25T03:42:15,920  INFO EventsManagerImpl:180   org.matsim.contrib.drt.analysis.DrtEventSequenceCollector
2026-08-25T03:42:15,920  INFO EventsManagerImpl:180   org.matsim.contrib.drt.analysis.DrtEventSequenceCollector
2026-08-25T03:42:15,920  INFO EventsManagerImpl:180   org.matsim.contrib.drt.analysis.DrtEventSequenceCollector
2026-08-25T03:42:15,920  INFO EventsManagerImpl:180   org.matsim.analysis.CalcLegTimes
2026-08-25T03:42:15,920  INFO EventsManagerImpl:180   org.matsim.contrib.drt.sharingmetrics.SharingMetricsTracker
2026-08-25T03:42:15,920  INFO EventsManagerImpl:180   org.matsim.contrib.drt.sharingmetrics.SharingMetricsTracker
2026-08-25T03:42:15,920  INFO EventsManagerImpl:180   org.matsim.contrib.drt.sharingmetrics.SharingMetricsTracker
2026-08-25T03:42:15,920  INFO EventsManagerImpl:180   org.matsim.contrib.drt.sharingmetrics.SharingMetricsTracker
2026-08-25T03:42:15,920  INFO EventsManagerImpl:180   org.matsim.contrib.drt.sharingmetrics.SharingMetricsTracker
2026-08-25T03:42:15,920  INFO EventsManagerImpl:180   org.matsim.contrib.drt.sharingmetrics.SharingMetricsTracker
2026-08-25T03:42:15,920  INFO EventsManagerImpl:180   org.matsim.contrib.drt.sharingmetrics.SharingMetricsTracker
2026-08-25T03:42:15,920  INFO EventsManagerImpl:180   org.matsim.contrib.drt.sharingmetrics.SharingMetricsTracker
2026-08-25T03:42:15,920  INFO EventsManagerImpl:180   org.matsim.contrib.drt.sharingmetrics.SharingMetricsTracker
2026-08-25T03:42:15,920  INFO EventsManagerImpl:180   org.matsim.contrib.drt.sharingmetrics.SharingMetricsTracker
2026-08-25T03:42:15,921  INFO EventsManagerImpl:180   org.matsim.contrib.drt.sharingmetrics.SharingMetricsTracker
2026-08-25T03:42:15,921  INFO EventsManagerImpl:180   org.matsim.contrib.drt.sharingmetrics.SharingMetricsTracker
2026-08-25T03:42:15,921  INFO EventsManagerImpl:180   org.matsim.contrib.drt.sharingmetrics.SharingMetricsTracker
2026-08-25T03:42:15,921  INFO EventsManagerImpl:180   org.matsim.contrib.drt.sharingmetrics.SharingMetricsTracker
2026-08-25T03:42:15,921  INFO EventsManagerImpl:180   org.matsim.contrib.drt.sharingmetrics.SharingMetricsTracker
2026-08-25T03:42:15,921  INFO EventsManagerImpl:180   org.matsim.contrib.drt.sharingmetrics.SharingMetricsTracker
2026-08-25T03:42:15,921  INFO EventsManagerImpl:180   org.matsim.contrib.drt.sharingmetrics.SharingMetricsTracker
2026-08-25T03:42:15,921  INFO EventsManagerImpl:180   org.matsim.contrib.drt.sharingmetrics.SharingMetricsTracker
2026-08-25T03:42:15,921  INFO EventsManagerImpl:180   org.matsim.contrib.drt.sharingmetrics.SharingMetricsTracker
2026-08-25T03:42:15,921  INFO EventsManagerImpl:180   org.matsim.contrib.drt.sharingmetrics.SharingMetricsTracker
2026-08-25T03:42:15,921  INFO EventsManagerImpl:180   org.matsim.contrib.dvrp.analysis.VehicleOccupancyProfileCalculator
2026-08-25T03:42:15,922  INFO EventsManagerImpl:180   org.matsim.contrib.dvrp.analysis.VehicleOccupancyProfileCalculator
2026-08-25T03:42:15,922  INFO EventsManagerImpl:180   org.matsim.contrib.dvrp.analysis.VehicleOccupancyProfileCalculator
2026-08-25T03:42:15,922  INFO EventsManagerImpl:180   org.matsim.contrib.dvrp.analysis.VehicleOccupancyProfileCalculator
2026-08-25T03:42:15,922  INFO EventsManagerImpl:180   org.matsim.contrib.dvrp.analysis.VehicleOccupancyProfileCalculator
2026-08-25T03:42:15,922  INFO EventsManagerImpl:180   org.matsim.contrib.dvrp.analysis.VehicleOccupancyProfileCalculator
2026-08-25T03:42:15,922  INFO EventsManagerImpl:180   org.matsim.contrib.dvrp.analysis.VehicleOccupancyProfileCalculator
2026-08-25T03:42:15,922  INFO EventsManagerImpl:180   org.matsim.contrib.dvrp.analysis.VehicleOccupancyProfileCalculator
2026-08-25T03:42:15,922  INFO EventsManagerImpl:180   org.matsim.contrib.dvrp.analysis.VehicleOccupancyProfileCalculator
2026-08-25T03:42:15,923  INFO EventsManagerImpl:180   org.matsim.contrib.dvrp.analysis.VehicleOccupancyProfileCalculator
2026-08-25T03:42:15,923  INFO EventsManagerImpl:180   org.matsim.contrib.dvrp.analysis.VehicleOccupancyProfileCalculator
2026-08-25T03:42:15,923  INFO EventsManagerImpl:180   org.matsim.contrib.dvrp.analysis.VehicleOccupancyProfileCalculator
2026-08-25T03:42:15,923  INFO EventsManagerImpl:180   org.matsim.contrib.dvrp.analysis.VehicleOccupancyProfileCalculator
2026-08-25T03:42:15,923  INFO EventsManagerImpl:180   org.matsim.contrib.dvrp.analysis.VehicleOccupancyProfileCalculator
2026-08-25T03:42:15,923  INFO EventsManagerImpl:180   org.matsim.contrib.dvrp.analysis.VehicleOccupancyProfileCalculator
2026-08-25T03:42:15,923  INFO EventsManagerImpl:180   org.matsim.contrib.dvrp.analysis.VehicleOccupancyProfileCalculator
2026-08-25T03:42:15,923  INFO EventsManagerImpl:180   org.matsim.contrib.dvrp.analysis.VehicleOccupancyProfileCalculator
2026-08-25T03:42:15,923  INFO EventsManagerImpl:180   org.matsim.contrib.dvrp.analysis.VehicleOccupancyProfileCalculator
2026-08-25T03:42:15,923  INFO EventsManagerImpl:180   org.matsim.contrib.dvrp.analysis.VehicleOccupancyProfileCalculator
2026-08-25T03:42:15,923  INFO EventsManagerImpl:180   org.matsim.contrib.dvrp.analysis.VehicleOccupancyProfileCalculator
2026-08-25T03:42:15,923  INFO EventsManagerImpl:180   org.matsim.contrib.dvrp.analysis.ExecutedScheduleCollector
2026-08-25T03:42:15,923  INFO EventsManagerImpl:180   org.matsim.contrib.dvrp.analysis.VehicleTaskProfileCalculator
2026-08-25T03:42:15,923  INFO EventsManagerImpl:180   org.matsim.contrib.drt.analysis.zonal.ZonalIdleVehicleXYVisualiser
2026-08-25T03:42:15,924  INFO EventsManagerImpl:180   org.matsim.contrib.dvrp.analysis.ExecutedScheduleCollector
2026-08-25T03:42:15,924  INFO EventsManagerImpl:180   org.matsim.contrib.dvrp.analysis.VehicleTaskProfileCalculator
2026-08-25T03:42:15,924  INFO EventsManagerImpl:180   org.matsim.contrib.drt.analysis.zonal.ZonalIdleVehicleXYVisualiser
2026-08-25T03:42:15,927  INFO EventsManagerImpl:180   org.matsim.contrib.dvrp.analysis.ExecutedScheduleCollector
2026-08-25T03:42:15,927  INFO EventsManagerImpl:180   org.matsim.contrib.dvrp.analysis.VehicleTaskProfileCalculator
2026-08-25T03:42:15,927  INFO EventsManagerImpl:180   org.matsim.contrib.drt.analysis.zonal.ZonalIdleVehicleXYVisualiser
2026-08-25T03:42:15,928  INFO EventsManagerImpl:180   org.matsim.contrib.dvrp.analysis.ExecutedScheduleCollector
2026-08-25T03:42:15,928  INFO EventsManagerImpl:180   org.matsim.contrib.dvrp.analysis.VehicleTaskProfileCalculator
2026-08-25T03:42:15,928  INFO EventsManagerImpl:180   org.matsim.contrib.drt.analysis.zonal.ZonalIdleVehicleXYVisualiser
2026-08-25T03:42:15,930  INFO EventsManagerImpl:180   org.matsim.contrib.dvrp.analysis.ExecutedScheduleCollector
2026-08-25T03:42:15,930  INFO EventsManagerImpl:180   org.matsim.contrib.dvrp.analysis.VehicleTaskProfileCalculator
2026-08-25T03:42:15,930  INFO EventsManagerImpl:180   org.matsim.contrib.drt.analysis.zonal.ZonalIdleVehicleXYVisualiser
2026-08-25T03:42:15,931  INFO EventsManagerImpl:180   org.matsim.contrib.dvrp.analysis.ExecutedScheduleCollector
2026-08-25T03:42:15,931  INFO EventsManagerImpl:180   org.matsim.contrib.dvrp.analysis.VehicleTaskProfileCalculator
2026-08-25T03:42:15,931  INFO EventsManagerImpl:180   org.matsim.contrib.drt.analysis.zonal.ZonalIdleVehicleXYVisualiser
2026-08-25T03:42:15,931  INFO EventsManagerImpl:180   org.matsim.contrib.dvrp.analysis.ExecutedScheduleCollector
2026-08-25T03:42:15,931  INFO EventsManagerImpl:180   org.matsim.contrib.dvrp.analysis.VehicleTaskProfileCalculator
2026-08-25T03:42:15,932  INFO EventsManagerImpl:180   org.matsim.contrib.drt.analysis.zonal.ZonalIdleVehicleXYVisualiser
2026-08-25T03:42:15,932  INFO EventsManagerImpl:180   org.matsim.contrib.dvrp.analysis.ExecutedScheduleCollector
2026-08-25T03:42:15,932  INFO EventsManagerImpl:180   org.matsim.contrib.dvrp.analysis.VehicleTaskProfileCalculator
2026-08-25T03:42:15,932  INFO EventsManagerImpl:180   org.matsim.contrib.drt.analysis.zonal.ZonalIdleVehicleXYVisualiser
2026-08-25T03:42:15,933  INFO EventsManagerImpl:180   org.matsim.contrib.dvrp.analysis.ExecutedScheduleCollector
2026-08-25T03:42:15,933  INFO EventsManagerImpl:180   org.matsim.contrib.dvrp.analysis.VehicleTaskProfileCalculator
2026-08-25T03:42:15,933  INFO EventsManagerImpl:180   org.matsim.contrib.drt.analysis.zonal.ZonalIdleVehicleXYVisualiser
2026-08-25T03:42:15,934  INFO EventsManagerImpl:180   org.matsim.contrib.dvrp.analysis.ExecutedScheduleCollector
2026-08-25T03:42:15,934  INFO EventsManagerImpl:180   org.matsim.contrib.dvrp.analysis.VehicleTaskProfileCalculator
2026-08-25T03:42:15,934  INFO EventsManagerImpl:180   org.matsim.contrib.drt.analysis.zonal.ZonalIdleVehicleXYVisualiser
2026-08-25T03:42:15,935  INFO EventsManagerImpl:180   org.matsim.contrib.dvrp.analysis.ExecutedScheduleCollector
2026-08-25T03:42:15,935  INFO EventsManagerImpl:180   org.matsim.contrib.dvrp.analysis.VehicleTaskProfileCalculator
2026-08-25T03:42:15,935  INFO EventsManagerImpl:180   org.matsim.contrib.drt.analysis.zonal.ZonalIdleVehicleXYVisualiser
2026-08-25T03:42:15,936  INFO EventsManagerImpl:180   org.matsim.contrib.dvrp.analysis.ExecutedScheduleCollector
2026-08-25T03:42:15,936  INFO EventsManagerImpl:180   org.matsim.contrib.dvrp.analysis.VehicleTaskProfileCalculator
2026-08-25T03:42:15,936  INFO EventsManagerImpl:180   org.matsim.contrib.drt.analysis.zonal.ZonalIdleVehicleXYVisualiser
2026-08-25T03:42:15,936  INFO EventsManagerImpl:180   org.matsim.contrib.dvrp.analysis.ExecutedScheduleCollector
2026-08-25T03:42:15,936  INFO EventsManagerImpl:180   org.matsim.contrib.dvrp.analysis.VehicleTaskProfileCalculator
2026-08-25T03:42:15,936  INFO EventsManagerImpl:180   org.matsim.contrib.drt.analysis.zonal.ZonalIdleVehicleXYVisualiser
2026-08-25T03:42:15,937  INFO EventsManagerImpl:180   org.matsim.contrib.dvrp.analysis.ExecutedScheduleCollector
2026-08-25T03:42:15,937  INFO EventsManagerImpl:180   org.matsim.contrib.dvrp.analysis.VehicleTaskProfileCalculator
2026-08-25T03:42:15,937  INFO EventsManagerImpl:180   org.matsim.contrib.drt.analysis.zonal.ZonalIdleVehicleXYVisualiser
2026-08-25T03:42:15,940  INFO EventsManagerImpl:180   org.matsim.contrib.dvrp.analysis.ExecutedScheduleCollector
2026-08-25T03:42:15,940  INFO EventsManagerImpl:180   org.matsim.contrib.dvrp.analysis.VehicleTaskProfileCalculator
2026-08-25T03:42:15,940  INFO EventsManagerImpl:180   org.matsim.contrib.drt.analysis.zonal.ZonalIdleVehicleXYVisualiser
2026-08-25T03:42:15,940  INFO EventsManagerImpl:180   org.matsim.contrib.dvrp.analysis.ExecutedScheduleCollector
2026-08-25T03:42:15,940  INFO EventsManagerImpl:180   org.matsim.contrib.dvrp.analysis.VehicleTaskProfileCalculator
2026-08-25T03:42:15,940  INFO EventsManagerImpl:180   org.matsim.contrib.drt.analysis.zonal.ZonalIdleVehicleXYVisualiser
2026-08-25T03:42:15,941  INFO EventsManagerImpl:180   org.matsim.contrib.dvrp.analysis.ExecutedScheduleCollector
2026-08-25T03:42:15,941  INFO EventsManagerImpl:180   org.matsim.contrib.dvrp.analysis.VehicleTaskProfileCalculator
2026-08-25T03:42:15,941  INFO EventsManagerImpl:180   org.matsim.contrib.drt.analysis.zonal.ZonalIdleVehicleXYVisualiser
2026-08-25T03:42:15,942  INFO EventsManagerImpl:180   org.matsim.contrib.dvrp.analysis.ExecutedScheduleCollector
2026-08-25T03:42:15,942  INFO EventsManagerImpl:180   org.matsim.contrib.dvrp.analysis.VehicleTaskProfileCalculator
2026-08-25T03:42:15,942  INFO EventsManagerImpl:180   org.matsim.contrib.drt.analysis.zonal.ZonalIdleVehicleXYVisualiser
2026-08-25T03:42:15,942  INFO EventsManagerImpl:180   org.matsim.contrib.dvrp.analysis.ExecutedScheduleCollector
2026-08-25T03:42:15,942  INFO EventsManagerImpl:180   org.matsim.contrib.dvrp.analysis.VehicleTaskProfileCalculator
2026-08-25T03:42:15,942  INFO EventsManagerImpl:180   org.matsim.contrib.drt.analysis.zonal.ZonalIdleVehicleXYVisualiser
2026-08-25T03:42:15,943  INFO EventsManagerImpl:180   org.matsim.contrib.dvrp.analysis.ExecutedScheduleCollector
2026-08-25T03:42:15,943  INFO EventsManagerImpl:180   org.matsim.contrib.dvrp.analysis.VehicleTaskProfileCalculator
2026-08-25T03:42:15,943  INFO EventsManagerImpl:180   org.matsim.contrib.drt.analysis.zonal.ZonalIdleVehicleXYVisualiser
2026-08-25T03:42:15,944  INFO EventsManagerImpl:180   ch.sbb.matsim.routing.pt.raptor.SwissRailRaptorFactory$$Lambda/0x000000002560d200
2026-08-25T03:42:15,949  INFO EventsManagerImpl:139 === Logging of event-handlers skipped ===
2026-08-25T03:42:15,949  INFO EventsManagerImpl:140 To enable debug output, set an environment variable i.e. export LOG_LEVEL='debug', or set log.setLogLevel(Level.DEBUG) in your run class.
2026-08-25T03:42:15,949  INFO EventsManagerImpl:210     > org.matsim.api.core.v01.events.Event
2026-08-25T03:42:15,949  INFO EventsManagerImpl:139 === Logging of event-handlers skipped ===
2026-08-25T03:42:15,949  INFO EventsManagerImpl:140 To enable debug output, set an environment variable i.e. export LOG_LEVEL='debug', or set log.setLogLevel(Level.DEBUG) in your run class.
2026-08-25T03:42:15,949  INFO EventsManagerImpl:210     > org.matsim.api.core.v01.events.Event
2026-08-25T03:42:15,949  INFO ControlerListenerManagerImpl:242 calling notifyBeforeMobsim on org.matsim.core.controler.corelisteners.PlansDumpingImpl with priority 0.0
2026-08-25T03:42:15,949  INFO PlansDumpingImpl:77 dumping plans...
2026-08-25T03:42:16,055  INFO Counter:70 [PopulationWriter] dumped person # 1
2026-08-25T03:42:16,055  INFO Counter:70 [PopulationWriter] dumped person # 2
2026-08-25T03:42:16,055  INFO Counter:70 [PopulationWriter] dumped person # 4
2026-08-25T03:42:16,055  INFO Counter:70 [PopulationWriter] dumped person # 8
2026-08-25T03:42:16,055  INFO Counter:70 [PopulationWriter] dumped person # 16
2026-08-25T03:42:16,055  INFO Counter:70 [PopulationWriter] dumped person # 32
2026-08-25T03:42:16,056  INFO Counter:70 [PopulationWriter] dumped person # 64
2026-08-25T03:42:16,056  INFO Counter:70 [PopulationWriter] dumped person # 128
2026-08-25T03:42:16,056  INFO Counter:70 [PopulationWriter] dumped person # 256
2026-08-25T03:42:16,056  INFO Counter:70 [PopulationWriter] dumped person # 512
2026-08-25T03:42:16,061  INFO Counter:70 [ParallelPopulationWriterV6] dumped person # 1
2026-08-25T03:42:16,062  INFO Counter:70 [ParallelPopulationWriterV6] dumped person # 2
2026-08-25T03:42:16,062  INFO Counter:70 [ParallelPopulationWriterV6] dumped person # 4
2026-08-25T03:42:16,065  INFO Counter:70 [ParallelPopulationWriterV6] dumped person # 8
2026-08-25T03:42:16,069  INFO Counter:70 [ParallelPopulationWriterV6] dumped person # 16
2026-08-25T03:42:16,069  INFO Counter:70 [PopulationWriter] dumped person # 1024
2026-08-25T03:42:16,071  INFO Counter:70 [ParallelPopulationWriterV6] dumped person # 32
2026-08-25T03:42:16,074  INFO Counter:70 [ParallelPopulationWriterV6] dumped person # 64
2026-08-25T03:42:16,083  INFO Counter:70 [ParallelPopulationWriterV6] dumped person # 128
2026-08-25T03:42:16,090  INFO Counter:70 [ParallelPopulationWriterV6] dumped person # 256
2026-08-25T03:42:16,109  INFO Counter:70 [ParallelPopulationWriterV6] dumped person # 512
2026-08-25T03:42:16,141  INFO Counter:70 [ParallelPopulationWriterV6] dumped person # 1024
2026-08-25T03:42:16,143  INFO Counter:70 [PopulationWriter] dumped person # 2048
2026-08-25T03:42:16,212  INFO Counter:70 [ParallelPopulationWriterV6] dumped person # 2048
2026-08-25T03:42:16,269  INFO Counter:75 [ParallelPopulationWriterV6] dumped person # 3068
2026-08-25T03:42:16,270  INFO PopulationWriter:150 Population written to: ./output-downsampled-1pct-demo/ITERS/it.0/0.plans.xml.gz
2026-08-25T03:42:16,272  INFO Counter:75 [PopulationWriter] dumped person # 3068
2026-08-25T03:42:16,272  INFO PlansDumpingImpl:94 finished plans dump.
2026-08-25T03:42:16,273  INFO ControlerListenerManagerImpl:248 calling notifyBeforeMobsim on org.matsim.core.population.VspPlansCleaner with priority 0.0
2026-08-25T03:42:16,279  INFO ControlerListenerManagerImpl:251 [it.0] all ControlerBeforeMobsimListeners called.
2026-08-25T03:42:16,279  INFO PrepareForMobsimImpl:86 Network seems to be multimodal. Create car-only network which is handed over to PersonPrepareForSim.
2026-08-25T03:42:16,280  INFO NetworkImpl:165  node # 1
2026-08-25T03:42:16,280  INFO NetworkImpl:165  node # 4
2026-08-25T03:42:16,280  INFO NetworkImpl:165  node # 16
2026-08-25T03:42:16,280  INFO NetworkImpl:165  node # 64
2026-08-25T03:42:16,280  INFO NetworkImpl:165  node # 256
2026-08-25T03:42:16,280  INFO NetworkImpl:165  node # 1024
2026-08-25T03:42:16,281  INFO NetworkImpl:165  node # 4096
2026-08-25T03:42:16,283  INFO NetworkImpl:161  link # 1
2026-08-25T03:42:16,283  INFO NetworkImpl:161  link # 4
2026-08-25T03:42:16,283  INFO NetworkImpl:161  link # 16
2026-08-25T03:42:16,283  INFO NetworkImpl:161  link # 64
2026-08-25T03:42:16,284  INFO NetworkImpl:161  link # 256
2026-08-25T03:42:16,287  INFO NetworkImpl:161  link # 1024
2026-08-25T03:42:16,293  INFO NetworkImpl:161  link # 4096
2026-08-25T03:42:16,319  INFO NetworkImpl:161  link # 16384
2026-08-25T03:42:16,327  INFO RandomizingTimeDistanceTravelDisutilityFactory:86  sigma: 3.0; resulting normalization: 0.011108996538242306
2026-08-25T03:42:16,328  WARN NetworkRoutingProvider:137 [mode: car; routingMode: car] Using deprecated routing module without access/egress. Consider using AccessEgressNetworkRouter instead.
2026-08-25T03:42:16,332  INFO RandomizingTimeDistanceTravelDisutilityFactory:86  sigma: 3.0; resulting normalization: 0.011108996538242306
2026-08-25T03:42:16,332  WARN NetworkRoutingProvider:137 [mode: car; routingMode: car] Using deprecated routing module without access/egress. Consider using AccessEgressNetworkRouter instead.
2026-08-25T03:42:16,336  INFO RandomizingTimeDistanceTravelDisutilityFactory:86  sigma: 3.0; resulting normalization: 0.011108996538242306
2026-08-25T03:42:16,337  WARN NetworkRoutingProvider:137 [mode: car; routingMode: car] Using deprecated routing module without access/egress. Consider using AccessEgressNetworkRouter instead.
2026-08-25T03:42:16,342  INFO RandomizingTimeDistanceTravelDisutilityFactory:86  sigma: 3.0; resulting normalization: 0.011108996538242306
2026-08-25T03:42:16,342  WARN NetworkRoutingProvider:137 [mode: car; routingMode: car] Using deprecated routing module without access/egress. Consider using AccessEgressNetworkRouter instead.
2026-08-25T03:42:16,349  INFO Counter:70 [PersonPrepareForSim] handled person # 2
2026-08-25T03:42:16,349  INFO Counter:70 [PersonPrepareForSim] handled person # 1
2026-08-25T03:42:16,349  INFO Counter:70 [PersonPrepareForSim] handled person # 8
2026-08-25T03:42:16,349  INFO Counter:70 [PersonPrepareForSim] handled person # 4
2026-08-25T03:42:16,349  INFO Counter:70 [PersonPrepareForSim] handled person # 16
2026-08-25T03:42:16,349  INFO Counter:70 [PersonPrepareForSim] handled person # 32
2026-08-25T03:42:16,349  INFO Counter:70 [PersonPrepareForSim] handled person # 64
2026-08-25T03:42:16,350  INFO Counter:70 [PersonPrepareForSim] handled person # 128
2026-08-25T03:42:16,350  INFO Counter:70 [PersonPrepareForSim] handled person # 256
2026-08-25T03:42:16,352  INFO Counter:70 [PersonPrepareForSim] handled person # 512
2026-08-25T03:42:16,354  INFO Counter:70 [PersonPrepareForSim] handled person # 1024
2026-08-25T03:42:16,357  INFO Counter:70 [PersonPrepareForSim] handled person # 2048
2026-08-25T03:42:16,362  INFO Counter:75 [PersonPrepareForSim] handled person # 3068
2026-08-25T03:42:17,614  INFO MobsimListenerManager:50 calling addQueueSimulationListener
2026-08-25T03:42:17,615  INFO MobsimListenerManager:54   assigned class org.matsim.core.mobsim.framework.listeners.MobsimListener to interface org.matsim.contrib.dvrp.trafficmonitoring.DvrpOfflineTravelTimeEstimator
2026-08-25T03:42:17,615  INFO MobsimListenerManager:54   assigned class org.matsim.core.mobsim.framework.listeners.MobsimListener to interface org.matsim.core.mobsim.framework.listeners.MobsimBeforeCleanupListener
2026-08-25T03:42:17,615  INFO MobsimListenerManager:54   assigned class org.matsim.core.mobsim.framework.listeners.MobsimListener to interface org.matsim.core.mobsim.framework.listeners.MobsimListener
2026-08-25T03:42:17,615  INFO MobsimListenerManager:50 calling addQueueSimulationListener
2026-08-25T03:42:17,615  INFO MobsimListenerManager:54   assigned class org.matsim.core.mobsim.framework.listeners.MobsimListener to interface org.matsim.core.mobsim.framework.listeners.MobsimAfterSimStepListener
2026-08-25T03:42:17,615  INFO MobsimListenerManager:54   assigned class org.matsim.core.mobsim.framework.listeners.MobsimListener to interface org.matsim.vis.snapshotwriters.SnapshotWriterManager
2026-08-25T03:42:17,615  INFO MobsimListenerManager:54   assigned class org.matsim.core.mobsim.framework.listeners.MobsimListener to interface org.matsim.core.mobsim.framework.listeners.MobsimBeforeCleanupListener
2026-08-25T03:42:17,615  INFO MobsimListenerManager:54   assigned class org.matsim.core.mobsim.framework.listeners.MobsimListener to interface org.matsim.core.mobsim.framework.listeners.MobsimInitializedListener
2026-08-25T03:42:17,615  INFO MobsimListenerManager:54   assigned class org.matsim.core.mobsim.framework.listeners.MobsimListener to interface org.matsim.core.mobsim.framework.listeners.MobsimListener
2026-08-25T03:42:17,621  WARN TurnRestrictionsContext:144 No mode was specified, merging available DisallowedNextLinks from all modes.
2026-08-25T03:42:17,621  WARN TurnRestrictionsContext:145 This could result in a graph that is more restrictive than meant to be for routing.
2026-08-25T03:42:17,642  INFO SpeedyALTData:51 find dead ends...
2026-08-25T03:42:17,643  INFO SpeedyALTData:132 calculate landmarks...
2026-08-25T03:42:17,676  INFO SpeedyALTData:173 calculate min travelcost...
2026-08-25T03:42:17,760  WARN TurnRestrictionsContext:144 No mode was specified, merging available DisallowedNextLinks from all modes.
2026-08-25T03:42:17,760  WARN TurnRestrictionsContext:145 This could result in a graph that is more restrictive than meant to be for routing.
2026-08-25T03:42:17,771  WARN TurnRestrictionsContext:144 No mode was specified, merging available DisallowedNextLinks from all modes.
2026-08-25T03:42:17,772  WARN TurnRestrictionsContext:145 This could result in a graph that is more restrictive than meant to be for routing.
2026-08-25T03:42:17,783  WARN TurnRestrictionsContext:144 No mode was specified, merging available DisallowedNextLinks from all modes.
2026-08-25T03:42:17,784  WARN TurnRestrictionsContext:145 This could result in a graph that is more restrictive than meant to be for routing.
2026-08-25T03:42:17,794  WARN TurnRestrictionsContext:144 No mode was specified, merging available DisallowedNextLinks from all modes.
2026-08-25T03:42:17,794  WARN TurnRestrictionsContext:145 This could result in a graph that is more restrictive than meant to be for routing.
2026-08-25T03:42:17,806  INFO Counter:70 DVRP free-speed TT matrix: zone 1 / 2523
2026-08-25T03:42:17,806  INFO Counter:70 DVRP free-speed TT matrix: zone 2 / 2523
2026-08-25T03:42:17,807  INFO Counter:70 DVRP free-speed TT matrix: zone 4 / 2523
2026-08-25T03:42:17,849  INFO Counter:70 DVRP free-speed TT matrix: zone 8 / 2523
2026-08-25T03:42:17,927  INFO Counter:70 DVRP free-speed TT matrix: zone 16 / 2523
2026-08-25T03:42:18,053  INFO Counter:70 DVRP free-speed TT matrix: zone 32 / 2523
2026-08-25T03:42:18,223  INFO Counter:70 DVRP free-speed TT matrix: zone 64 / 2523
2026-08-25T03:42:18,328  INFO Counter:70 DVRP free-speed TT matrix: zone 128 / 2523
2026-08-25T03:42:18,504  INFO Counter:70 DVRP free-speed TT matrix: zone 256 / 2523
2026-08-25T03:42:18,873  INFO Counter:70 DVRP free-speed TT matrix: zone 512 / 2523
2026-08-25T03:42:19,594  INFO Counter:70 DVRP free-speed TT matrix: zone 1024 / 2523
2026-08-25T03:42:21,059  INFO Counter:70 DVRP free-speed TT matrix: zone 2048 / 2523
2026-08-25T03:42:21,746  INFO Counter:75 DVRP free-speed TT matrix: zone 2523 / 2523
2026-08-25T03:42:21,751  WARN TurnRestrictionsContext:144 No mode was specified, merging available DisallowedNextLinks from all modes.
2026-08-25T03:42:21,752  WARN TurnRestrictionsContext:145 This could result in a graph that is more restrictive than meant to be for routing.
2026-08-25T03:42:21,759  WARN TurnRestrictionsContext:144 No mode was specified, merging available DisallowedNextLinks from all modes.
2026-08-25T03:42:21,759  WARN TurnRestrictionsContext:145 This could result in a graph that is more restrictive than meant to be for routing.
2026-08-25T03:42:21,765  WARN TurnRestrictionsContext:144 No mode was specified, merging available DisallowedNextLinks from all modes.
2026-08-25T03:42:21,765  WARN TurnRestrictionsContext:145 This could result in a graph that is more restrictive than meant to be for routing.
2026-08-25T03:42:21,770  WARN TurnRestrictionsContext:144 No mode was specified, merging available DisallowedNextLinks from all modes.
2026-08-25T03:42:21,771  WARN TurnRestrictionsContext:145 This could result in a graph that is more restrictive than meant to be for routing.
2026-08-25T03:42:21,777  INFO Counter:70 DVRP free-speed TT sparse matrix: node 2 / 7527
2026-08-25T03:42:21,777  INFO Counter:70 DVRP free-speed TT sparse matrix: node 1 / 7527
2026-08-25T03:42:21,777  INFO Counter:70 DVRP free-speed TT sparse matrix: node 4 / 7527
2026-08-25T03:42:21,795  INFO Counter:70 DVRP free-speed TT sparse matrix: node 8 / 7527
2026-08-25T03:42:21,803  INFO Counter:70 DVRP free-speed TT sparse matrix: node 16 / 7527
2026-08-25T03:42:21,822  INFO Counter:70 DVRP free-speed TT sparse matrix: node 32 / 7527
2026-08-25T03:42:21,862  INFO Counter:70 DVRP free-speed TT sparse matrix: node 64 / 7527
2026-08-25T03:42:21,919  INFO Counter:70 DVRP free-speed TT sparse matrix: node 128 / 7527
2026-08-25T03:42:21,963  INFO Counter:70 DVRP free-speed TT sparse matrix: node 256 / 7527
2026-08-25T03:42:22,048  INFO Counter:70 DVRP free-speed TT sparse matrix: node 512 / 7527
2026-08-25T03:42:22,157  INFO Counter:70 DVRP free-speed TT sparse matrix: node 1024 / 7527
2026-08-25T03:42:22,384  INFO Counter:70 DVRP free-speed TT sparse matrix: node 2048 / 7527
2026-08-25T03:42:22,793  INFO Counter:70 DVRP free-speed TT sparse matrix: node 4096 / 7527
2026-08-25T03:42:23,447  INFO Counter:75 DVRP free-speed TT sparse matrix: node 7527 / 7527
2026-08-25T03:42:23,461  WARN TurnRestrictionsContext:144 No mode was specified, merging available DisallowedNextLinks from all modes.
2026-08-25T03:42:23,461  WARN TurnRestrictionsContext:145 This could result in a graph that is more restrictive than meant to be for routing.
2026-08-25T03:42:23,488  INFO SpeedyALTData:51 find dead ends...
2026-08-25T03:42:23,489  INFO SpeedyALTData:132 calculate landmarks...
2026-08-25T03:42:23,527  INFO SpeedyALTData:173 calculate min travelcost...
2026-08-25T03:42:23,529  WARN TurnRestrictionsContext:144 No mode was specified, merging available DisallowedNextLinks from all modes.
2026-08-25T03:42:23,529  WARN TurnRestrictionsContext:145 This could result in a graph that is more restrictive than meant to be for routing.
2026-08-25T03:42:23,549  INFO SpeedyALTData:51 find dead ends...
2026-08-25T03:42:23,550  INFO SpeedyALTData:132 calculate landmarks...
2026-08-25T03:42:23,587  INFO SpeedyALTData:173 calculate min travelcost...
2026-08-25T03:42:23,590  WARN TurnRestrictionsContext:144 No mode was specified, merging available DisallowedNextLinks from all modes.
2026-08-25T03:42:23,590  WARN TurnRestrictionsContext:145 This could result in a graph that is more restrictive than meant to be for routing.
2026-08-25T03:42:23,595  INFO SpeedyALTData:51 find dead ends...
2026-08-25T03:42:23,596  INFO SpeedyALTData:132 calculate landmarks...
2026-08-25T03:42:23,634  INFO SpeedyALTData:173 calculate min travelcost...
2026-08-25T03:42:23,637  WARN TurnRestrictionsContext:144 No mode was specified, merging available DisallowedNextLinks from all modes.
2026-08-25T03:42:23,637  WARN TurnRestrictionsContext:145 This could result in a graph that is more restrictive than meant to be for routing.
2026-08-25T03:42:23,643  INFO SpeedyALTData:51 find dead ends...
2026-08-25T03:42:23,644  INFO SpeedyALTData:132 calculate landmarks...
2026-08-25T03:42:23,679  INFO SpeedyALTData:173 calculate min travelcost...
2026-08-25T03:42:23,684  WARN TurnRestrictionsContext:144 No mode was specified, merging available DisallowedNextLinks from all modes.
2026-08-25T03:42:23,685  WARN TurnRestrictionsContext:145 This could result in a graph that is more restrictive than meant to be for routing.
2026-08-25T03:42:23,691  INFO SpeedyALTData:51 find dead ends...
2026-08-25T03:42:23,692  INFO SpeedyALTData:132 calculate landmarks...
2026-08-25T03:42:23,731  INFO SpeedyALTData:173 calculate min travelcost...
2026-08-25T03:42:23,734  WARN TurnRestrictionsContext:144 No mode was specified, merging available DisallowedNextLinks from all modes.
2026-08-25T03:42:23,734  WARN TurnRestrictionsContext:145 This could result in a graph that is more restrictive than meant to be for routing.
2026-08-25T03:42:23,739  INFO SpeedyALTData:51 find dead ends...
2026-08-25T03:42:23,741  INFO SpeedyALTData:132 calculate landmarks...
2026-08-25T03:42:23,778  INFO SpeedyALTData:173 calculate min travelcost...
2026-08-25T03:42:23,780  WARN TurnRestrictionsContext:144 No mode was specified, merging available DisallowedNextLinks from all modes.
2026-08-25T03:42:23,780  WARN TurnRestrictionsContext:145 This could result in a graph that is more restrictive than meant to be for routing.
2026-08-25T03:42:23,785  INFO SpeedyALTData:51 find dead ends...
2026-08-25T03:42:23,786  INFO SpeedyALTData:132 calculate landmarks...
2026-08-25T03:42:23,821  INFO SpeedyALTData:173 calculate min travelcost...
2026-08-25T03:42:23,824  WARN TurnRestrictionsContext:144 No mode was specified, merging available DisallowedNextLinks from all modes.
2026-08-25T03:42:23,824  WARN TurnRestrictionsContext:145 This could result in a graph that is more restrictive than meant to be for routing.
2026-08-25T03:42:23,829  INFO SpeedyALTData:51 find dead ends...
2026-08-25T03:42:23,829  INFO SpeedyALTData:132 calculate landmarks...
2026-08-25T03:42:23,864  INFO SpeedyALTData:173 calculate min travelcost...
2026-08-25T03:42:23,867  WARN TurnRestrictionsContext:144 No mode was specified, merging available DisallowedNextLinks from all modes.
2026-08-25T03:42:23,867  WARN TurnRestrictionsContext:145 This could result in a graph that is more restrictive than meant to be for routing.
2026-08-25T03:42:23,875  INFO SpeedyALTData:51 find dead ends...
2026-08-25T03:42:23,876  INFO SpeedyALTData:132 calculate landmarks...
2026-08-25T03:42:23,914  INFO SpeedyALTData:173 calculate min travelcost...
2026-08-25T03:42:23,917  WARN TurnRestrictionsContext:144 No mode was specified, merging available DisallowedNextLinks from all modes.
2026-08-25T03:42:23,917  WARN TurnRestrictionsContext:145 This could result in a graph that is more restrictive than meant to be for routing.
2026-08-25T03:42:23,924  INFO SpeedyALTData:51 find dead ends...
2026-08-25T03:42:23,925  INFO SpeedyALTData:132 calculate landmarks...
2026-08-25T03:42:23,965  INFO SpeedyALTData:173 calculate min travelcost...
2026-08-25T03:42:23,967  WARN TurnRestrictionsContext:144 No mode was specified, merging available DisallowedNextLinks from all modes.
2026-08-25T03:42:23,967  WARN TurnRestrictionsContext:145 This could result in a graph that is more restrictive than meant to be for routing.
2026-08-25T03:42:23,972  INFO SpeedyALTData:51 find dead ends...
2026-08-25T03:42:23,973  INFO SpeedyALTData:132 calculate landmarks...
2026-08-25T03:42:24,011  INFO SpeedyALTData:173 calculate min travelcost...
2026-08-25T03:42:24,014  WARN TurnRestrictionsContext:144 No mode was specified, merging available DisallowedNextLinks from all modes.
2026-08-25T03:42:24,014  WARN TurnRestrictionsContext:145 This could result in a graph that is more restrictive than meant to be for routing.
2026-08-25T03:42:24,019  INFO SpeedyALTData:51 find dead ends...
2026-08-25T03:42:24,020  INFO SpeedyALTData:132 calculate landmarks...
2026-08-25T03:42:24,050  INFO SpeedyALTData:173 calculate min travelcost...
2026-08-25T03:42:24,052  WARN TurnRestrictionsContext:144 No mode was specified, merging available DisallowedNextLinks from all modes.
2026-08-25T03:42:24,052  WARN TurnRestrictionsContext:145 This could result in a graph that is more restrictive than meant to be for routing.
2026-08-25T03:42:24,056  INFO SpeedyALTData:51 find dead ends...
2026-08-25T03:42:24,057  INFO SpeedyALTData:132 calculate landmarks...
2026-08-25T03:42:24,094  INFO SpeedyALTData:173 calculate min travelcost...
2026-08-25T03:42:24,097  WARN TurnRestrictionsContext:144 No mode was specified, merging available DisallowedNextLinks from all modes.
2026-08-25T03:42:24,097  WARN TurnRestrictionsContext:145 This could result in a graph that is more restrictive than meant to be for routing.
2026-08-25T03:42:24,101  INFO SpeedyALTData:51 find dead ends...
2026-08-25T03:42:24,102  INFO SpeedyALTData:132 calculate landmarks...
2026-08-25T03:42:24,141  INFO SpeedyALTData:173 calculate min travelcost...
2026-08-25T03:42:24,142  WARN TurnRestrictionsContext:144 No mode was specified, merging available DisallowedNextLinks from all modes.
2026-08-25T03:42:24,142  WARN TurnRestrictionsContext:145 This could result in a graph that is more restrictive than meant to be for routing.
2026-08-25T03:42:24,147  INFO SpeedyALTData:51 find dead ends...
2026-08-25T03:42:24,147  INFO SpeedyALTData:132 calculate landmarks...
2026-08-25T03:42:24,184  INFO SpeedyALTData:173 calculate min travelcost...
2026-08-25T03:42:24,186  WARN TurnRestrictionsContext:144 No mode was specified, merging available DisallowedNextLinks from all modes.
2026-08-25T03:42:24,186  WARN TurnRestrictionsContext:145 This could result in a graph that is more restrictive than meant to be for routing.
2026-08-25T03:42:24,192  INFO SpeedyALTData:51 find dead ends...
2026-08-25T03:42:24,193  INFO SpeedyALTData:132 calculate landmarks...
2026-08-25T03:42:24,224  INFO SpeedyALTData:173 calculate min travelcost...
2026-08-25T03:42:24,226  WARN TurnRestrictionsContext:144 No mode was specified, merging available DisallowedNextLinks from all modes.
2026-08-25T03:42:24,226  WARN TurnRestrictionsContext:145 This could result in a graph that is more restrictive than meant to be for routing.
2026-08-25T03:42:24,233  INFO SpeedyALTData:51 find dead ends...
2026-08-25T03:42:24,235  INFO SpeedyALTData:132 calculate landmarks...
2026-08-25T03:42:24,272  INFO SpeedyALTData:173 calculate min travelcost...
2026-08-25T03:42:24,275  WARN TurnRestrictionsContext:144 No mode was specified, merging available DisallowedNextLinks from all modes.
2026-08-25T03:42:24,275  WARN TurnRestrictionsContext:145 This could result in a graph that is more restrictive than meant to be for routing.
2026-08-25T03:42:24,282  INFO SpeedyALTData:51 find dead ends...
2026-08-25T03:42:24,283  INFO SpeedyALTData:132 calculate landmarks...
2026-08-25T03:42:24,321  INFO SpeedyALTData:173 calculate min travelcost...
2026-08-25T03:42:24,323  WARN TurnRestrictionsContext:144 No mode was specified, merging available DisallowedNextLinks from all modes.
2026-08-25T03:42:24,323  WARN TurnRestrictionsContext:145 This could result in a graph that is more restrictive than meant to be for routing.
2026-08-25T03:42:24,329  INFO SpeedyALTData:51 find dead ends...
2026-08-25T03:42:24,329  INFO SpeedyALTData:132 calculate landmarks...
2026-08-25T03:42:24,369  INFO SpeedyALTData:173 calculate min travelcost...
2026-08-25T03:42:24,374  WARN TurnRestrictionsContext:144 No mode was specified, merging available DisallowedNextLinks from all modes.
2026-08-25T03:42:24,374  WARN TurnRestrictionsContext:145 This could result in a graph that is more restrictive than meant to be for routing.
2026-08-25T03:42:24,379  INFO SpeedyALTData:51 find dead ends...
2026-08-25T03:42:24,381  INFO SpeedyALTData:132 calculate landmarks...
2026-08-25T03:42:24,419  INFO SpeedyALTData:173 calculate min travelcost...
2026-08-25T03:42:24,427  WARN TurnRestrictionsContext:144 No mode was specified, merging available DisallowedNextLinks from all modes.
2026-08-25T03:42:24,427  WARN TurnRestrictionsContext:145 This could result in a graph that is more restrictive than meant to be for routing.
2026-08-25T03:42:24,434  INFO SpeedyALTData:51 find dead ends...
2026-08-25T03:42:24,435  INFO SpeedyALTData:132 calculate landmarks...
2026-08-25T03:42:24,474  INFO SpeedyALTData:173 calculate min travelcost...
2026-08-25T03:42:24,476  WARN TurnRestrictionsContext:144 No mode was specified, merging available DisallowedNextLinks from all modes.
2026-08-25T03:42:24,476  WARN TurnRestrictionsContext:145 This could result in a graph that is more restrictive than meant to be for routing.
2026-08-25T03:42:24,484  INFO SpeedyALTData:51 find dead ends...
2026-08-25T03:42:24,485  INFO SpeedyALTData:132 calculate landmarks...
2026-08-25T03:42:24,523  INFO SpeedyALTData:173 calculate min travelcost...
2026-08-25T03:42:24,526  WARN TurnRestrictionsContext:144 No mode was specified, merging available DisallowedNextLinks from all modes.
2026-08-25T03:42:24,526  WARN TurnRestrictionsContext:145 This could result in a graph that is more restrictive than meant to be for routing.
2026-08-25T03:42:24,531  INFO SpeedyALTData:51 find dead ends...
2026-08-25T03:42:24,532  INFO SpeedyALTData:132 calculate landmarks...
2026-08-25T03:42:24,571  INFO SpeedyALTData:173 calculate min travelcost...
2026-08-25T03:42:24,575  WARN TurnRestrictionsContext:144 No mode was specified, merging available DisallowedNextLinks from all modes.
2026-08-25T03:42:24,575  WARN TurnRestrictionsContext:145 This could result in a graph that is more restrictive than meant to be for routing.
2026-08-25T03:42:24,582  INFO SpeedyALTData:51 find dead ends...
2026-08-25T03:42:24,583  INFO SpeedyALTData:132 calculate landmarks...
2026-08-25T03:42:24,624  INFO SpeedyALTData:173 calculate min travelcost...
2026-08-25T03:42:24,626  WARN TurnRestrictionsContext:144 No mode was specified, merging available DisallowedNextLinks from all modes.
2026-08-25T03:42:24,626  WARN TurnRestrictionsContext:145 This could result in a graph that is more restrictive than meant to be for routing.
2026-08-25T03:42:24,632  INFO SpeedyALTData:51 find dead ends...
2026-08-25T03:42:24,633  INFO SpeedyALTData:132 calculate landmarks...
2026-08-25T03:42:24,675  INFO SpeedyALTData:173 calculate min travelcost...
2026-08-25T03:42:24,677  WARN TurnRestrictionsContext:144 No mode was specified, merging available DisallowedNextLinks from all modes.
2026-08-25T03:42:24,677  WARN TurnRestrictionsContext:145 This could result in a graph that is more restrictive than meant to be for routing.
2026-08-25T03:42:24,684  INFO SpeedyALTData:51 find dead ends...
2026-08-25T03:42:24,685  INFO SpeedyALTData:132 calculate landmarks...
2026-08-25T03:42:24,721  INFO SpeedyALTData:173 calculate min travelcost...
2026-08-25T03:42:24,723  WARN TurnRestrictionsContext:144 No mode was specified, merging available DisallowedNextLinks from all modes.
2026-08-25T03:42:24,723  WARN TurnRestrictionsContext:145 This could result in a graph that is more restrictive than meant to be for routing.
2026-08-25T03:42:24,730  INFO SpeedyALTData:51 find dead ends...
2026-08-25T03:42:24,731  INFO SpeedyALTData:132 calculate landmarks...
2026-08-25T03:42:24,770  INFO SpeedyALTData:173 calculate min travelcost...
2026-08-25T03:42:24,774  WARN TurnRestrictionsContext:144 No mode was specified, merging available DisallowedNextLinks from all modes.
2026-08-25T03:42:24,774  WARN TurnRestrictionsContext:145 This could result in a graph that is more restrictive than meant to be for routing.
2026-08-25T03:42:24,781  INFO SpeedyALTData:51 find dead ends...
2026-08-25T03:42:24,782  INFO SpeedyALTData:132 calculate landmarks...
2026-08-25T03:42:24,820  INFO SpeedyALTData:173 calculate min travelcost...
2026-08-25T03:42:24,823  WARN TurnRestrictionsContext:144 No mode was specified, merging available DisallowedNextLinks from all modes.
2026-08-25T03:42:24,823  WARN TurnRestrictionsContext:145 This could result in a graph that is more restrictive than meant to be for routing.
2026-08-25T03:42:24,830  INFO SpeedyALTData:51 find dead ends...
2026-08-25T03:42:24,830  INFO SpeedyALTData:132 calculate landmarks...
2026-08-25T03:42:24,870  INFO SpeedyALTData:173 calculate min travelcost...
2026-08-25T03:42:24,872  WARN TurnRestrictionsContext:144 No mode was specified, merging available DisallowedNextLinks from all modes.
2026-08-25T03:42:24,872  WARN TurnRestrictionsContext:145 This could result in a graph that is more restrictive than meant to be for routing.
2026-08-25T03:42:24,879  INFO SpeedyALTData:51 find dead ends...
2026-08-25T03:42:24,879  INFO SpeedyALTData:132 calculate landmarks...
2026-08-25T03:42:24,919  INFO SpeedyALTData:173 calculate min travelcost...
2026-08-25T03:42:24,920  WARN TurnRestrictionsContext:144 No mode was specified, merging available DisallowedNextLinks from all modes.
2026-08-25T03:42:24,920  WARN TurnRestrictionsContext:145 This could result in a graph that is more restrictive than meant to be for routing.
2026-08-25T03:42:24,927  INFO SpeedyALTData:51 find dead ends...
2026-08-25T03:42:24,928  INFO SpeedyALTData:132 calculate landmarks...
2026-08-25T03:42:24,967  INFO SpeedyALTData:173 calculate min travelcost...
2026-08-25T03:42:24,970  WARN TurnRestrictionsContext:144 No mode was specified, merging available DisallowedNextLinks from all modes.
2026-08-25T03:42:24,970  WARN TurnRestrictionsContext:145 This could result in a graph that is more restrictive than meant to be for routing.
2026-08-25T03:42:24,977  INFO SpeedyALTData:51 find dead ends...
2026-08-25T03:42:24,978  INFO SpeedyALTData:132 calculate landmarks...
2026-08-25T03:42:25,017  INFO SpeedyALTData:173 calculate min travelcost...
2026-08-25T03:42:25,020  WARN TurnRestrictionsContext:144 No mode was specified, merging available DisallowedNextLinks from all modes.
2026-08-25T03:42:25,020  WARN TurnRestrictionsContext:145 This could result in a graph that is more restrictive than meant to be for routing.
2026-08-25T03:42:25,026  INFO SpeedyALTData:51 find dead ends...
2026-08-25T03:42:25,026  INFO SpeedyALTData:132 calculate landmarks...
2026-08-25T03:42:25,067  INFO SpeedyALTData:173 calculate min travelcost...
2026-08-25T03:42:25,068  WARN TurnRestrictionsContext:144 No mode was specified, merging available DisallowedNextLinks from all modes.
2026-08-25T03:42:25,069  WARN TurnRestrictionsContext:145 This could result in a graph that is more restrictive than meant to be for routing.
2026-08-25T03:42:25,075  INFO SpeedyALTData:51 find dead ends...
2026-08-25T03:42:25,076  INFO SpeedyALTData:132 calculate landmarks...
2026-08-25T03:42:25,113  INFO SpeedyALTData:173 calculate min travelcost...
2026-08-25T03:42:25,116  WARN TurnRestrictionsContext:144 No mode was specified, merging available DisallowedNextLinks from all modes.
2026-08-25T03:42:25,116  WARN TurnRestrictionsContext:145 This could result in a graph that is more restrictive than meant to be for routing.
2026-08-25T03:42:25,122  INFO SpeedyALTData:51 find dead ends...
2026-08-25T03:42:25,124  INFO SpeedyALTData:132 calculate landmarks...
2026-08-25T03:42:25,162  INFO SpeedyALTData:173 calculate min travelcost...
2026-08-25T03:42:25,164  WARN TurnRestrictionsContext:144 No mode was specified, merging available DisallowedNextLinks from all modes.
2026-08-25T03:42:25,164  WARN TurnRestrictionsContext:145 This could result in a graph that is more restrictive than meant to be for routing.
2026-08-25T03:42:25,169  INFO SpeedyALTData:51 find dead ends...
2026-08-25T03:42:25,171  INFO SpeedyALTData:132 calculate landmarks...
2026-08-25T03:42:25,209  INFO SpeedyALTData:173 calculate min travelcost...
2026-08-25T03:42:25,210  WARN TurnRestrictionsContext:144 No mode was specified, merging available DisallowedNextLinks from all modes.
2026-08-25T03:42:25,210  WARN TurnRestrictionsContext:145 This could result in a graph that is more restrictive than meant to be for routing.
2026-08-25T03:42:25,215  INFO SpeedyALTData:51 find dead ends...
2026-08-25T03:42:25,216  INFO SpeedyALTData:132 calculate landmarks...
2026-08-25T03:42:25,253  INFO SpeedyALTData:173 calculate min travelcost...
2026-08-25T03:42:25,255  WARN TurnRestrictionsContext:144 No mode was specified, merging available DisallowedNextLinks from all modes.
2026-08-25T03:42:25,255  WARN TurnRestrictionsContext:145 This could result in a graph that is more restrictive than meant to be for routing.
2026-08-25T03:42:25,259  INFO SpeedyALTData:51 find dead ends...
2026-08-25T03:42:25,260  INFO SpeedyALTData:132 calculate landmarks...
2026-08-25T03:42:25,295  INFO SpeedyALTData:173 calculate min travelcost...
2026-08-25T03:42:25,298  WARN TurnRestrictionsContext:144 No mode was specified, merging available DisallowedNextLinks from all modes.
2026-08-25T03:42:25,298  WARN TurnRestrictionsContext:145 This could result in a graph that is more restrictive than meant to be for routing.
2026-08-25T03:42:25,303  INFO SpeedyALTData:51 find dead ends...
2026-08-25T03:42:25,303  INFO SpeedyALTData:132 calculate landmarks...
2026-08-25T03:42:25,341  INFO SpeedyALTData:173 calculate min travelcost...
2026-08-25T03:42:25,344  INFO RandomizingTimeDistanceTravelDisutilityFactory:86  sigma: 3.0; resulting normalization: 0.011108996538242306
2026-08-25T03:42:25,344  WARN NetworkRoutingProvider:137 [mode: car; routingMode: car] Using deprecated routing module without access/egress. Consider using AccessEgressNetworkRouter instead.
2026-08-25T03:42:25,357  INFO EventsManagerImpl:139 === Logging of event-handlers skipped ===
2026-08-25T03:42:25,357  INFO EventsManagerImpl:140 To enable debug output, set an environment variable i.e. export LOG_LEVEL='debug', or set log.setLogLevel(Level.DEBUG) in your run class.
2026-08-25T03:42:25,357  INFO EventsManagerImpl:210     > org.matsim.contrib.dvrp.passenger.PassengerRequestRejectedEvent
2026-08-25T03:42:25,357  INFO EventsManagerImpl:139 === Logging of event-handlers skipped ===
2026-08-25T03:42:25,357  INFO EventsManagerImpl:140 To enable debug output, set an environment variable i.e. export LOG_LEVEL='debug', or set log.setLogLevel(Level.DEBUG) in your run class.
2026-08-25T03:42:25,358  INFO EventsManagerImpl:210     > org.matsim.contrib.dvrp.passenger.PassengerRequestRejectedEvent
2026-08-25T03:42:25,358  INFO EventsManagerImpl:139 === Logging of event-handlers skipped ===
2026-08-25T03:42:25,358  INFO EventsManagerImpl:140 To enable debug output, set an environment variable i.e. export LOG_LEVEL='debug', or set log.setLogLevel(Level.DEBUG) in your run class.
2026-08-25T03:42:25,358  INFO EventsManagerImpl:210     > org.matsim.contrib.dvrp.passenger.PassengerRequestRejectedEvent
2026-08-25T03:42:25,358  INFO EventsManagerImpl:139 === Logging of event-handlers skipped ===
2026-08-25T03:42:25,358  INFO EventsManagerImpl:140 To enable debug output, set an environment variable i.e. export LOG_LEVEL='debug', or set log.setLogLevel(Level.DEBUG) in your run class.
2026-08-25T03:42:25,358  INFO EventsManagerImpl:210     > org.matsim.contrib.dvrp.passenger.PassengerRequestRejectedEvent
2026-08-25T03:42:25,358  INFO EventsManagerImpl:139 === Logging of event-handlers skipped ===
2026-08-25T03:42:25,358  INFO EventsManagerImpl:140 To enable debug output, set an environment variable i.e. export LOG_LEVEL='debug', or set log.setLogLevel(Level.DEBUG) in your run class.
2026-08-25T03:42:25,358  INFO EventsManagerImpl:210     > org.matsim.contrib.dvrp.passenger.PassengerRequestRejectedEvent
2026-08-25T03:42:25,358  INFO EventsManagerImpl:139 === Logging of event-handlers skipped ===
2026-08-25T03:42:25,358  INFO EventsManagerImpl:140 To enable debug output, set an environment variable i.e. export LOG_LEVEL='debug', or set log.setLogLevel(Level.DEBUG) in your run class.
2026-08-25T03:42:25,358  INFO EventsManagerImpl:210     > org.matsim.contrib.dvrp.passenger.PassengerRequestRejectedEvent
2026-08-25T03:42:25,358  INFO EventsManagerImpl:139 === Logging of event-handlers skipped ===
2026-08-25T03:42:25,358  INFO EventsManagerImpl:140 To enable debug output, set an environment variable i.e. export LOG_LEVEL='debug', or set log.setLogLevel(Level.DEBUG) in your run class.
2026-08-25T03:42:25,358  INFO EventsManagerImpl:210     > org.matsim.contrib.dvrp.passenger.PassengerRequestRejectedEvent
2026-08-25T03:42:25,359  INFO EventsManagerImpl:139 === Logging of event-handlers skipped ===
2026-08-25T03:42:25,359  INFO EventsManagerImpl:140 To enable debug output, set an environment variable i.e. export LOG_LEVEL='debug', or set log.setLogLevel(Level.DEBUG) in your run class.
2026-08-25T03:42:25,359  INFO EventsManagerImpl:210     > org.matsim.contrib.dvrp.passenger.PassengerRequestRejectedEvent
2026-08-25T03:42:25,359  INFO EventsManagerImpl:139 === Logging of event-handlers skipped ===
2026-08-25T03:42:25,359  INFO EventsManagerImpl:140 To enable debug output, set an environment variable i.e. export LOG_LEVEL='debug', or set log.setLogLevel(Level.DEBUG) in your run class.
2026-08-25T03:42:25,359  INFO EventsManagerImpl:210     > org.matsim.contrib.dvrp.passenger.PassengerRequestRejectedEvent
2026-08-25T03:42:25,359  INFO EventsManagerImpl:139 === Logging of event-handlers skipped ===
2026-08-25T03:42:25,359  INFO EventsManagerImpl:140 To enable debug output, set an environment variable i.e. export LOG_LEVEL='debug', or set log.setLogLevel(Level.DEBUG) in your run class.
2026-08-25T03:42:25,359  INFO EventsManagerImpl:210     > org.matsim.contrib.dvrp.passenger.PassengerRequestRejectedEvent
2026-08-25T03:42:25,359  INFO EventsManagerImpl:139 === Logging of event-handlers skipped ===
2026-08-25T03:42:25,359  INFO EventsManagerImpl:140 To enable debug output, set an environment variable i.e. export LOG_LEVEL='debug', or set log.setLogLevel(Level.DEBUG) in your run class.
2026-08-25T03:42:25,359  INFO EventsManagerImpl:210     > org.matsim.contrib.dvrp.passenger.PassengerRequestRejectedEvent
2026-08-25T03:42:25,359  INFO EventsManagerImpl:139 === Logging of event-handlers skipped ===
2026-08-25T03:42:25,360  INFO EventsManagerImpl:140 To enable debug output, set an environment variable i.e. export LOG_LEVEL='debug', or set log.setLogLevel(Level.DEBUG) in your run class.
2026-08-25T03:42:25,360  INFO EventsManagerImpl:210     > org.matsim.contrib.dvrp.passenger.PassengerRequestRejectedEvent
2026-08-25T03:42:25,360  INFO EventsManagerImpl:139 === Logging of event-handlers skipped ===
2026-08-25T03:42:25,360  INFO EventsManagerImpl:140 To enable debug output, set an environment variable i.e. export LOG_LEVEL='debug', or set log.setLogLevel(Level.DEBUG) in your run class.
2026-08-25T03:42:25,360  INFO EventsManagerImpl:210     > org.matsim.contrib.dvrp.passenger.PassengerRequestRejectedEvent
2026-08-25T03:42:25,360  INFO EventsManagerImpl:139 === Logging of event-handlers skipped ===
2026-08-25T03:42:25,360  INFO EventsManagerImpl:140 To enable debug output, set an environment variable i.e. export LOG_LEVEL='debug', or set log.setLogLevel(Level.DEBUG) in your run class.
2026-08-25T03:42:25,360  INFO EventsManagerImpl:210     > org.matsim.contrib.dvrp.passenger.PassengerRequestRejectedEvent
2026-08-25T03:42:25,360  INFO EventsManagerImpl:139 === Logging of event-handlers skipped ===
2026-08-25T03:42:25,360  INFO EventsManagerImpl:140 To enable debug output, set an environment variable i.e. export LOG_LEVEL='debug', or set log.setLogLevel(Level.DEBUG) in your run class.
2026-08-25T03:42:25,360  INFO EventsManagerImpl:210     > org.matsim.contrib.dvrp.passenger.PassengerRequestRejectedEvent
2026-08-25T03:42:25,360  INFO EventsManagerImpl:139 === Logging of event-handlers skipped ===
2026-08-25T03:42:25,360  INFO EventsManagerImpl:140 To enable debug output, set an environment variable i.e. export LOG_LEVEL='debug', or set log.setLogLevel(Level.DEBUG) in your run class.
2026-08-25T03:42:25,360  INFO EventsManagerImpl:210     > org.matsim.contrib.dvrp.passenger.PassengerRequestRejectedEvent
2026-08-25T03:42:25,360  INFO EventsManagerImpl:139 === Logging of event-handlers skipped ===
2026-08-25T03:42:25,360  INFO EventsManagerImpl:140 To enable debug output, set an environment variable i.e. export LOG_LEVEL='debug', or set log.setLogLevel(Level.DEBUG) in your run class.
2026-08-25T03:42:25,360  INFO EventsManagerImpl:210     > org.matsim.contrib.dvrp.passenger.PassengerRequestRejectedEvent
2026-08-25T03:42:25,362  INFO EventsManagerImpl:139 === Logging of event-handlers skipped ===
2026-08-25T03:42:25,362  INFO EventsManagerImpl:140 To enable debug output, set an environment variable i.e. export LOG_LEVEL='debug', or set log.setLogLevel(Level.DEBUG) in your run class.
2026-08-25T03:42:25,362  INFO EventsManagerImpl:210     > org.matsim.contrib.dvrp.passenger.PassengerRequestRejectedEvent
2026-08-25T03:42:25,362  INFO EventsManagerImpl:139 === Logging of event-handlers skipped ===
2026-08-25T03:42:25,362  INFO EventsManagerImpl:140 To enable debug output, set an environment variable i.e. export LOG_LEVEL='debug', or set log.setLogLevel(Level.DEBUG) in your run class.
2026-08-25T03:42:25,362  INFO EventsManagerImpl:210     > org.matsim.contrib.dvrp.passenger.PassengerRequestRejectedEvent
2026-08-25T03:42:25,362  INFO EventsManagerImpl:139 === Logging of event-handlers skipped ===
2026-08-25T03:42:25,362  INFO EventsManagerImpl:140 To enable debug output, set an environment variable i.e. export LOG_LEVEL='debug', or set log.setLogLevel(Level.DEBUG) in your run class.
2026-08-25T03:42:25,362  INFO EventsManagerImpl:210     > org.matsim.contrib.dvrp.passenger.PassengerRequestRejectedEvent
2026-08-25T03:42:25,362  INFO EventsManagerImpl:139 === Logging of event-handlers skipped ===
2026-08-25T03:42:25,362  INFO EventsManagerImpl:140 To enable debug output, set an environment variable i.e. export LOG_LEVEL='debug', or set log.setLogLevel(Level.DEBUG) in your run class.
2026-08-25T03:42:25,362  INFO EventsManagerImpl:210     > org.matsim.contrib.dvrp.passenger.PassengerRequestRejectedEvent
2026-08-25T03:42:25,362  INFO EventsManagerImpl:139 === Logging of event-handlers skipped ===
2026-08-25T03:42:25,362  INFO EventsManagerImpl:140 To enable debug output, set an environment variable i.e. export LOG_LEVEL='debug', or set log.setLogLevel(Level.DEBUG) in your run class.
2026-08-25T03:42:25,363  INFO EventsManagerImpl:210     > org.matsim.contrib.dvrp.passenger.PassengerRequestRejectedEvent
2026-08-25T03:42:25,363  INFO EventsManagerImpl:139 === Logging of event-handlers skipped ===
2026-08-25T03:42:25,363  INFO EventsManagerImpl:140 To enable debug output, set an environment variable i.e. export LOG_LEVEL='debug', or set log.setLogLevel(Level.DEBUG) in your run class.
2026-08-25T03:42:25,363  INFO EventsManagerImpl:210     > org.matsim.contrib.dvrp.passenger.PassengerRequestRejectedEvent
2026-08-25T03:42:25,363  INFO EventsManagerImpl:139 === Logging of event-handlers skipped ===
2026-08-25T03:42:25,363  INFO EventsManagerImpl:140 To enable debug output, set an environment variable i.e. export LOG_LEVEL='debug', or set log.setLogLevel(Level.DEBUG) in your run class.
2026-08-25T03:42:25,363  INFO EventsManagerImpl:210     > org.matsim.contrib.dvrp.passenger.PassengerRequestRejectedEvent
2026-08-25T03:42:25,363  INFO EventsManagerImpl:139 === Logging of event-handlers skipped ===
2026-08-25T03:42:25,363  INFO EventsManagerImpl:140 To enable debug output, set an environment variable i.e. export LOG_LEVEL='debug', or set log.setLogLevel(Level.DEBUG) in your run class.
2026-08-25T03:42:25,363  INFO EventsManagerImpl:210     > org.matsim.contrib.dvrp.passenger.PassengerRequestRejectedEvent
2026-08-25T03:42:25,363  INFO EventsManagerImpl:139 === Logging of event-handlers skipped ===
2026-08-25T03:42:25,363  INFO EventsManagerImpl:140 To enable debug output, set an environment variable i.e. export LOG_LEVEL='debug', or set log.setLogLevel(Level.DEBUG) in your run class.
2026-08-25T03:42:25,363  INFO EventsManagerImpl:210     > org.matsim.contrib.dvrp.passenger.PassengerRequestRejectedEvent
2026-08-25T03:42:25,363  INFO EventsManagerImpl:139 === Logging of event-handlers skipped ===
2026-08-25T03:42:25,363  INFO EventsManagerImpl:140 To enable debug output, set an environment variable i.e. export LOG_LEVEL='debug', or set log.setLogLevel(Level.DEBUG) in your run class.
2026-08-25T03:42:25,363  INFO EventsManagerImpl:210     > org.matsim.contrib.dvrp.passenger.PassengerRequestRejectedEvent
2026-08-25T03:42:25,363  INFO EventsManagerImpl:139 === Logging of event-handlers skipped ===
2026-08-25T03:42:25,363  INFO EventsManagerImpl:140 To enable debug output, set an environment variable i.e. export LOG_LEVEL='debug', or set log.setLogLevel(Level.DEBUG) in your run class.
2026-08-25T03:42:25,363  INFO EventsManagerImpl:210     > org.matsim.contrib.dvrp.passenger.PassengerRequestRejectedEvent
2026-08-25T03:42:25,364  INFO EventsManagerImpl:139 === Logging of event-handlers skipped ===
2026-08-25T03:42:25,364  INFO EventsManagerImpl:140 To enable debug output, set an environment variable i.e. export LOG_LEVEL='debug', or set log.setLogLevel(Level.DEBUG) in your run class.
2026-08-25T03:42:25,364  INFO EventsManagerImpl:210     > org.matsim.contrib.dvrp.passenger.PassengerRequestRejectedEvent
2026-08-25T03:42:25,364  INFO EventsManagerImpl:139 === Logging of event-handlers skipped ===
2026-08-25T03:42:25,364  INFO EventsManagerImpl:140 To enable debug output, set an environment variable i.e. export LOG_LEVEL='debug', or set log.setLogLevel(Level.DEBUG) in your run class.
2026-08-25T03:42:25,364  INFO EventsManagerImpl:210     > org.matsim.contrib.dvrp.passenger.PassengerRequestRejectedEvent
2026-08-25T03:42:25,364  INFO EventsManagerImpl:139 === Logging of event-handlers skipped ===
2026-08-25T03:42:25,364  INFO EventsManagerImpl:140 To enable debug output, set an environment variable i.e. export LOG_LEVEL='debug', or set log.setLogLevel(Level.DEBUG) in your run class.
2026-08-25T03:42:25,364  INFO EventsManagerImpl:210     > org.matsim.contrib.dvrp.passenger.PassengerRequestRejectedEvent
2026-08-25T03:42:25,364  INFO EventsManagerImpl:139 === Logging of event-handlers skipped ===
2026-08-25T03:42:25,364  INFO EventsManagerImpl:140 To enable debug output, set an environment variable i.e. export LOG_LEVEL='debug', or set log.setLogLevel(Level.DEBUG) in your run class.
2026-08-25T03:42:25,364  INFO EventsManagerImpl:210     > org.matsim.contrib.dvrp.passenger.PassengerRequestRejectedEvent
2026-08-25T03:42:25,364  INFO EventsManagerImpl:139 === Logging of event-handlers skipped ===
2026-08-25T03:42:25,364  INFO EventsManagerImpl:140 To enable debug output, set an environment variable i.e. export LOG_LEVEL='debug', or set log.setLogLevel(Level.DEBUG) in your run class.
2026-08-25T03:42:25,364  INFO EventsManagerImpl:210     > org.matsim.contrib.dvrp.passenger.PassengerRequestRejectedEvent
2026-08-25T03:42:25,364  INFO EventsManagerImpl:139 === Logging of event-handlers skipped ===
2026-08-25T03:42:25,364  INFO EventsManagerImpl:140 To enable debug output, set an environment variable i.e. export LOG_LEVEL='debug', or set log.setLogLevel(Level.DEBUG) in your run class.
2026-08-25T03:42:25,365  INFO EventsManagerImpl:210     > org.matsim.contrib.dvrp.passenger.PassengerRequestRejectedEvent
2026-08-25T03:42:25,365  INFO EventsManagerImpl:139 === Logging of event-handlers skipped ===
2026-08-25T03:42:25,365  INFO EventsManagerImpl:140 To enable debug output, set an environment variable i.e. export LOG_LEVEL='debug', or set log.setLogLevel(Level.DEBUG) in your run class.
2026-08-25T03:42:25,365  INFO EventsManagerImpl:210     > org.matsim.contrib.dvrp.passenger.PassengerRequestRejectedEvent
2026-08-25T03:42:25,365  INFO EventsManagerImpl:139 === Logging of event-handlers skipped ===
2026-08-25T03:42:25,365  INFO EventsManagerImpl:140 To enable debug output, set an environment variable i.e. export LOG_LEVEL='debug', or set log.setLogLevel(Level.DEBUG) in your run class.
2026-08-25T03:42:25,365  INFO EventsManagerImpl:210     > org.matsim.contrib.dvrp.passenger.PassengerRequestRejectedEvent
2026-08-25T03:42:25,365  INFO EventsManagerImpl:139 === Logging of event-handlers skipped ===
2026-08-25T03:42:25,365  INFO EventsManagerImpl:140 To enable debug output, set an environment variable i.e. export LOG_LEVEL='debug', or set log.setLogLevel(Level.DEBUG) in your run class.
2026-08-25T03:42:25,365  INFO EventsManagerImpl:210     > org.matsim.contrib.dvrp.passenger.PassengerRequestRejectedEvent
2026-08-25T03:42:25,365  INFO EventsManagerImpl:139 === Logging of event-handlers skipped ===
2026-08-25T03:42:25,365  INFO EventsManagerImpl:140 To enable debug output, set an environment variable i.e. export LOG_LEVEL='debug', or set log.setLogLevel(Level.DEBUG) in your run class.
2026-08-25T03:42:25,365  INFO EventsManagerImpl:210     > org.matsim.contrib.dvrp.passenger.PassengerRequestRejectedEvent
2026-08-25T03:42:25,365  INFO EventsManagerImpl:139 === Logging of event-handlers skipped ===
2026-08-25T03:42:25,365  INFO EventsManagerImpl:140 To enable debug output, set an environment variable i.e. export LOG_LEVEL='debug', or set log.setLogLevel(Level.DEBUG) in your run class.
2026-08-25T03:42:25,365  INFO EventsManagerImpl:210     > org.matsim.contrib.dvrp.passenger.PassengerRequestRejectedEvent
2026-08-25T03:42:25,365  INFO EventsManagerImpl:139 === Logging of event-handlers skipped ===
2026-08-25T03:42:25,365  INFO EventsManagerImpl:140 To enable debug output, set an environment variable i.e. export LOG_LEVEL='debug', or set log.setLogLevel(Level.DEBUG) in your run class.
2026-08-25T03:42:25,365  INFO EventsManagerImpl:210     > org.matsim.contrib.dvrp.passenger.PassengerRequestRejectedEvent
2026-08-25T03:42:25,368  INFO QSimProvider:131 Added MobsimEngine class org.matsim.core.mobsim.qsim.ActivityEngineDefaultImpl
2026-08-25T03:42:25,369  INFO QSimProvider:137 Added Activityhandler class org.matsim.core.mobsim.qsim.ActivityEngineDefaultImpl
2026-08-25T03:42:25,454  INFO QSimProvider:131 Added MobsimEngine class org.matsim.core.mobsim.qsim.qnetsimengine.QNetsimEngineWithThreadpool
2026-08-25T03:42:25,454  INFO QSimProvider:143 Added DepartureHandler class org.matsim.core.mobsim.qsim.qnetsimengine.NetworkModeDepartureHandlerDefaultImpl
2026-08-25T03:42:25,455  INFO QSimProvider:131 Added MobsimEngine class org.matsim.core.mobsim.qsim.DefaultTeleportationEngine
2026-08-25T03:42:25,455  INFO QSimProvider:143 Added DepartureHandler class org.matsim.core.mobsim.qsim.DefaultTeleportationEngine
2026-08-25T03:42:25,455  INFO QSimProvider:149 Added AgentSource class org.matsim.core.mobsim.qsim.agents.PopulationAgentSource
2026-08-25T03:42:25,455  INFO MobsimListenerManager:50 calling addQueueSimulationListener
2026-08-25T03:42:25,455  INFO MobsimListenerManager:54   assigned class org.matsim.core.mobsim.framework.listeners.MobsimListener to interface org.matsim.core.mobsim.framework.listeners.MobsimBeforeSimStepListener
2026-08-25T03:42:25,455  INFO MobsimListenerManager:54   assigned class org.matsim.core.mobsim.framework.listeners.MobsimListener to interface org.matsim.core.mobsim.qsim.messagequeueengine.MessageQueueEngine
2026-08-25T03:42:25,455  INFO MobsimListenerManager:54   assigned class org.matsim.core.mobsim.framework.listeners.MobsimListener to interface org.matsim.core.mobsim.framework.listeners.MobsimListener
2026-08-25T03:42:25,456  INFO QSimProvider:155 Added MobsimListener class org.matsim.core.mobsim.qsim.messagequeueengine.MessageQueueEngine
2026-08-25T03:42:25,456  INFO QSimProvider:131 Added MobsimEngine class org.matsim.core.mobsim.qsim.pt.TransitQSimEngine
2026-08-25T03:42:25,456  INFO QSimProvider:143 Added DepartureHandler class org.matsim.core.mobsim.qsim.pt.TransitQSimEngine
2026-08-25T03:42:25,456  INFO QSimProvider:149 Added AgentSource class org.matsim.core.mobsim.qsim.pt.TransitQSimEngine
2026-08-25T03:42:25,456  INFO QSimProvider:131 Added MobsimEngine class org.matsim.contrib.dynagent.run.DynActivityEngine
2026-08-25T03:42:25,456  INFO QSimProvider:137 Added Activityhandler class org.matsim.contrib.dynagent.run.DynActivityEngine
2026-08-25T03:42:25,460  INFO QSimProvider:131 Added MobsimEngine class org.matsim.core.mobsim.qsim.PreplanningEngine
2026-08-25T03:42:25,460  INFO MobsimListenerManager:50 calling addQueueSimulationListener
2026-08-25T03:42:25,460  INFO MobsimListenerManager:54   assigned class org.matsim.core.mobsim.framework.listeners.MobsimListener to interface org.matsim.contrib.drt.optimizer.insertion.selective.SingleInsertionDetourPathCalculator
2026-08-25T03:42:25,460  INFO MobsimListenerManager:54   assigned class org.matsim.core.mobsim.framework.listeners.MobsimListener to interface org.matsim.core.mobsim.framework.listeners.MobsimBeforeCleanupListener
2026-08-25T03:42:25,460  INFO MobsimListenerManager:54   assigned class org.matsim.core.mobsim.framework.listeners.MobsimListener to interface org.matsim.core.mobsim.framework.listeners.MobsimListener
2026-08-25T03:42:25,460  INFO QSimProvider:155 Added MobsimListener class org.matsim.contrib.drt.optimizer.insertion.selective.SingleInsertionDetourPathCalculator
2026-08-25T03:42:25,460  INFO QSimProvider:149 Added AgentSource class org.matsim.contrib.dvrp.vrpagent.VrpAgentSource
2026-08-25T03:42:25,460  INFO QSimProvider:131 Added MobsimEngine class org.matsim.contrib.dvrp.passenger.DefaultPassengerEngine
2026-08-25T03:42:25,460  INFO QSimProvider:143 Added DepartureHandler class org.matsim.contrib.dvrp.passenger.DefaultPassengerEngine
2026-08-25T03:42:25,460  INFO MobsimListenerManager:50 calling addQueueSimulationListener
2026-08-25T03:42:25,460  INFO MobsimListenerManager:54   assigned class org.matsim.core.mobsim.framework.listeners.MobsimListener to interface org.matsim.contrib.drt.optimizer.DrtOptimizer
2026-08-25T03:42:25,460  INFO MobsimListenerManager:54   assigned class org.matsim.core.mobsim.framework.listeners.MobsimListener to interface org.matsim.core.mobsim.framework.listeners.MobsimBeforeSimStepListener
2026-08-25T03:42:25,460  INFO MobsimListenerManager:54   assigned class org.matsim.core.mobsim.framework.listeners.MobsimListener to interface org.matsim.contrib.drt.optimizer.DefaultDrtOptimizer
2026-08-25T03:42:25,461  INFO MobsimListenerManager:54   assigned class org.matsim.core.mobsim.framework.listeners.MobsimListener to interface org.matsim.core.mobsim.framework.listeners.MobsimListener
2026-08-25T03:42:25,461  INFO QSimProvider:155 Added MobsimListener class org.matsim.contrib.drt.optimizer.DefaultDrtOptimizer
2026-08-25T03:42:25,461  INFO MobsimListenerManager:50 calling addQueueSimulationListener
2026-08-25T03:42:25,461  INFO MobsimListenerManager:54   assigned class org.matsim.core.mobsim.framework.listeners.MobsimListener to interface org.matsim.contrib.drt.optimizer.QSimScopeForkJoinPoolHolder
2026-08-25T03:42:25,461  INFO MobsimListenerManager:54   assigned class org.matsim.core.mobsim.framework.listeners.MobsimListener to interface org.matsim.core.mobsim.framework.listeners.MobsimBeforeCleanupListener
2026-08-25T03:42:25,461  INFO MobsimListenerManager:54   assigned class org.matsim.core.mobsim.framework.listeners.MobsimListener to interface org.matsim.core.mobsim.framework.listeners.MobsimListener
2026-08-25T03:42:25,461  INFO QSimProvider:155 Added MobsimListener class org.matsim.contrib.drt.optimizer.QSimScopeForkJoinPoolHolder
2026-08-25T03:42:25,461  INFO MobsimListenerManager:50 calling addQueueSimulationListener
2026-08-25T03:42:25,461  INFO MobsimListenerManager:54   assigned class org.matsim.core.mobsim.framework.listeners.MobsimListener to interface org.matsim.contrib.drt.optimizer.insertion.selective.SelectiveInsertionSearch
2026-08-25T03:42:25,461  INFO MobsimListenerManager:54   assigned class org.matsim.core.mobsim.framework.listeners.MobsimListener to interface org.matsim.core.mobsim.framework.listeners.MobsimBeforeCleanupListener
2026-08-25T03:42:25,461  INFO MobsimListenerManager:54   assigned class org.matsim.core.mobsim.framework.listeners.MobsimListener to interface org.matsim.core.mobsim.framework.listeners.MobsimListener
2026-08-25T03:42:25,461  INFO QSimProvider:155 Added MobsimListener class org.matsim.contrib.drt.optimizer.insertion.selective.SelectiveInsertionSearch
2026-08-25T03:42:25,461  INFO MobsimListenerManager:50 calling addQueueSimulationListener
2026-08-25T03:42:25,461  INFO MobsimListenerManager:54   assigned class org.matsim.core.mobsim.framework.listeners.MobsimListener to interface org.matsim.contrib.drt.optimizer.insertion.selective.SingleInsertionDetourPathCalculator
2026-08-25T03:42:25,461  INFO MobsimListenerManager:54   assigned class org.matsim.core.mobsim.framework.listeners.MobsimListener to interface org.matsim.core.mobsim.framework.listeners.MobsimBeforeCleanupListener
2026-08-25T03:42:25,461  INFO MobsimListenerManager:54   assigned class org.matsim.core.mobsim.framework.listeners.MobsimListener to interface org.matsim.core.mobsim.framework.listeners.MobsimListener
2026-08-25T03:42:25,461  INFO QSimProvider:155 Added MobsimListener class org.matsim.contrib.drt.optimizer.insertion.selective.SingleInsertionDetourPathCalculator
2026-08-25T03:42:25,461  INFO QSimProvider:149 Added AgentSource class org.matsim.contrib.dvrp.vrpagent.VrpAgentSource
2026-08-25T03:42:25,461  INFO QSimProvider:131 Added MobsimEngine class org.matsim.contrib.dvrp.passenger.DefaultPassengerEngine
2026-08-25T03:42:25,462  INFO QSimProvider:143 Added DepartureHandler class org.matsim.contrib.dvrp.passenger.DefaultPassengerEngine
2026-08-25T03:42:25,462  INFO MobsimListenerManager:50 calling addQueueSimulationListener
2026-08-25T03:42:25,462  INFO MobsimListenerManager:54   assigned class org.matsim.core.mobsim.framework.listeners.MobsimListener to interface org.matsim.contrib.drt.optimizer.DrtOptimizer
2026-08-25T03:42:25,462  INFO MobsimListenerManager:54   assigned class org.matsim.core.mobsim.framework.listeners.MobsimListener to interface org.matsim.core.mobsim.framework.listeners.MobsimBeforeSimStepListener
2026-08-25T03:42:25,462  INFO MobsimListenerManager:54   assigned class org.matsim.core.mobsim.framework.listeners.MobsimListener to interface org.matsim.contrib.drt.optimizer.DefaultDrtOptimizer
2026-08-25T03:42:25,462  INFO MobsimListenerManager:54   assigned class org.matsim.core.mobsim.framework.listeners.MobsimListener to interface org.matsim.core.mobsim.framework.listeners.MobsimListener
2026-08-25T03:42:25,462  INFO QSimProvider:155 Added MobsimListener class org.matsim.contrib.drt.optimizer.DefaultDrtOptimizer
2026-08-25T03:42:25,462  INFO MobsimListenerManager:50 calling addQueueSimulationListener
2026-08-25T03:42:25,462  INFO MobsimListenerManager:54   assigned class org.matsim.core.mobsim.framework.listeners.MobsimListener to interface org.matsim.contrib.drt.optimizer.QSimScopeForkJoinPoolHolder
2026-08-25T03:42:25,462  INFO MobsimListenerManager:54   assigned class org.matsim.core.mobsim.framework.listeners.MobsimListener to interface org.matsim.core.mobsim.framework.listeners.MobsimBeforeCleanupListener
2026-08-25T03:42:25,462  INFO MobsimListenerManager:54   assigned class org.matsim.core.mobsim.framework.listeners.MobsimListener to interface org.matsim.core.mobsim.framework.listeners.MobsimListener
2026-08-25T03:42:25,462  INFO QSimProvider:155 Added MobsimListener class org.matsim.contrib.drt.optimizer.QSimScopeForkJoinPoolHolder
2026-08-25T03:42:25,462  INFO MobsimListenerManager:50 calling addQueueSimulationListener
2026-08-25T03:42:25,462  INFO MobsimListenerManager:54   assigned class org.matsim.core.mobsim.framework.listeners.MobsimListener to interface org.matsim.contrib.drt.optimizer.insertion.selective.SelectiveInsertionSearch
2026-08-25T03:42:25,462  INFO MobsimListenerManager:54   assigned class org.matsim.core.mobsim.framework.listeners.MobsimListener to interface org.matsim.core.mobsim.framework.listeners.MobsimBeforeCleanupListener
2026-08-25T03:42:25,462  INFO MobsimListenerManager:54   assigned class org.matsim.core.mobsim.framework.listeners.MobsimListener to interface org.matsim.core.mobsim.framework.listeners.MobsimListener
2026-08-25T03:42:25,462  INFO QSimProvider:155 Added MobsimListener class org.matsim.contrib.drt.optimizer.insertion.selective.SelectiveInsertionSearch
2026-08-25T03:42:25,463  INFO MobsimListenerManager:50 calling addQueueSimulationListener
2026-08-25T03:42:25,463  INFO MobsimListenerManager:54   assigned class org.matsim.core.mobsim.framework.listeners.MobsimListener to interface org.matsim.contrib.drt.optimizer.insertion.selective.SingleInsertionDetourPathCalculator
2026-08-25T03:42:25,463  INFO MobsimListenerManager:54   assigned class org.matsim.core.mobsim.framework.listeners.MobsimListener to interface org.matsim.core.mobsim.framework.listeners.MobsimBeforeCleanupListener
2026-08-25T03:42:25,463  INFO MobsimListenerManager:54   assigned class org.matsim.core.mobsim.framework.listeners.MobsimListener to interface org.matsim.core.mobsim.framework.listeners.MobsimListener
2026-08-25T03:42:25,463  INFO QSimProvider:155 Added MobsimListener class org.matsim.contrib.drt.optimizer.insertion.selective.SingleInsertionDetourPathCalculator
2026-08-25T03:42:25,463  INFO QSimProvider:149 Added AgentSource class org.matsim.contrib.dvrp.vrpagent.VrpAgentSource
2026-08-25T03:42:25,463  INFO QSimProvider:131 Added MobsimEngine class org.matsim.contrib.dvrp.passenger.DefaultPassengerEngine
2026-08-25T03:42:25,463  INFO QSimProvider:143 Added DepartureHandler class org.matsim.contrib.dvrp.passenger.DefaultPassengerEngine
2026-08-25T03:42:25,463  INFO MobsimListenerManager:50 calling addQueueSimulationListener
2026-08-25T03:42:25,463  INFO MobsimListenerManager:54   assigned class org.matsim.core.mobsim.framework.listeners.MobsimListener to interface org.matsim.contrib.drt.optimizer.DrtOptimizer
2026-08-25T03:42:25,463  INFO MobsimListenerManager:54   assigned class org.matsim.core.mobsim.framework.listeners.MobsimListener to interface org.matsim.core.mobsim.framework.listeners.MobsimBeforeSimStepListener
2026-08-25T03:42:25,463  INFO MobsimListenerManager:54   assigned class org.matsim.core.mobsim.framework.listeners.MobsimListener to interface org.matsim.contrib.drt.optimizer.DefaultDrtOptimizer
2026-08-25T03:42:25,463  INFO MobsimListenerManager:54   assigned class org.matsim.core.mobsim.framework.listeners.MobsimListener to interface org.matsim.core.mobsim.framework.listeners.MobsimListener
2026-08-25T03:42:25,463  INFO QSimProvider:155 Added MobsimListener class org.matsim.contrib.drt.optimizer.DefaultDrtOptimizer
2026-08-25T03:42:25,463  INFO MobsimListenerManager:50 calling addQueueSimulationListener
2026-08-25T03:42:25,463  INFO MobsimListenerManager:54   assigned class org.matsim.core.mobsim.framework.listeners.MobsimListener to interface org.matsim.contrib.drt.optimizer.QSimScopeForkJoinPoolHolder
2026-08-25T03:42:25,463  INFO MobsimListenerManager:54   assigned class org.matsim.core.mobsim.framework.listeners.MobsimListener to interface org.matsim.core.mobsim.framework.listeners.MobsimBeforeCleanupListener
2026-08-25T03:42:25,463  INFO MobsimListenerManager:54   assigned class org.matsim.core.mobsim.framework.listeners.MobsimListener to interface org.matsim.core.mobsim.framework.listeners.MobsimListener
2026-08-25T03:42:25,463  INFO QSimProvider:155 Added MobsimListener class org.matsim.contrib.drt.optimizer.QSimScopeForkJoinPoolHolder
2026-08-25T03:42:25,464  INFO MobsimListenerManager:50 calling addQueueSimulationListener
2026-08-25T03:42:25,464  INFO MobsimListenerManager:54   assigned class org.matsim.core.mobsim.framework.listeners.MobsimListener to interface org.matsim.contrib.drt.optimizer.insertion.selective.SelectiveInsertionSearch
2026-08-25T03:42:25,464  INFO MobsimListenerManager:54   assigned class org.matsim.core.mobsim.framework.listeners.MobsimListener to interface org.matsim.core.mobsim.framework.listeners.MobsimBeforeCleanupListener
2026-08-25T03:42:25,464  INFO MobsimListenerManager:54   assigned class org.matsim.core.mobsim.framework.listeners.MobsimListener to interface org.matsim.core.mobsim.framework.listeners.MobsimListener
2026-08-25T03:42:25,464  INFO QSimProvider:155 Added MobsimListener class org.matsim.contrib.drt.optimizer.insertion.selective.SelectiveInsertionSearch
2026-08-25T03:42:25,464  INFO MobsimListenerManager:50 calling addQueueSimulationListener
2026-08-25T03:42:25,464  INFO MobsimListenerManager:54   assigned class org.matsim.core.mobsim.framework.listeners.MobsimListener to interface org.matsim.contrib.drt.optimizer.insertion.selective.SingleInsertionDetourPathCalculator
2026-08-25T03:42:25,464  INFO MobsimListenerManager:54   assigned class org.matsim.core.mobsim.framework.listeners.MobsimListener to interface org.matsim.core.mobsim.framework.listeners.MobsimBeforeCleanupListener
2026-08-25T03:42:25,464  INFO MobsimListenerManager:54   assigned class org.matsim.core.mobsim.framework.listeners.MobsimListener to interface org.matsim.core.mobsim.framework.listeners.MobsimListener
2026-08-25T03:42:25,464  INFO QSimProvider:155 Added MobsimListener class org.matsim.contrib.drt.optimizer.insertion.selective.SingleInsertionDetourPathCalculator
2026-08-25T03:42:25,464  INFO QSimProvider:149 Added AgentSource class org.matsim.contrib.dvrp.vrpagent.VrpAgentSource
2026-08-25T03:42:25,464  INFO QSimProvider:131 Added MobsimEngine class org.matsim.contrib.dvrp.passenger.DefaultPassengerEngine
2026-08-25T03:42:25,464  INFO QSimProvider:143 Added DepartureHandler class org.matsim.contrib.dvrp.passenger.DefaultPassengerEngine
2026-08-25T03:42:25,464  INFO MobsimListenerManager:50 calling addQueueSimulationListener
2026-08-25T03:42:25,464  INFO MobsimListenerManager:54   assigned class org.matsim.core.mobsim.framework.listeners.MobsimListener to interface org.matsim.contrib.drt.optimizer.DrtOptimizer
2026-08-25T03:42:25,464  INFO MobsimListenerManager:54   assigned class org.matsim.core.mobsim.framework.listeners.MobsimListener to interface org.matsim.core.mobsim.framework.listeners.MobsimBeforeSimStepListener
2026-08-25T03:42:25,464  INFO MobsimListenerManager:54   assigned class org.matsim.core.mobsim.framework.listeners.MobsimListener to interface org.matsim.contrib.drt.optimizer.DefaultDrtOptimizer
2026-08-25T03:42:25,465  INFO MobsimListenerManager:54   assigned class org.matsim.core.mobsim.framework.listeners.MobsimListener to interface org.matsim.core.mobsim.framework.listeners.MobsimListener
2026-08-25T03:42:25,465  INFO QSimProvider:155 Added MobsimListener class org.matsim.contrib.drt.optimizer.DefaultDrtOptimizer
2026-08-25T03:42:25,465  INFO MobsimListenerManager:50 calling addQueueSimulationListener
2026-08-25T03:42:25,465  INFO MobsimListenerManager:54   assigned class org.matsim.core.mobsim.framework.listeners.MobsimListener to interface org.matsim.contrib.drt.optimizer.QSimScopeForkJoinPoolHolder
2026-08-25T03:42:25,465  INFO MobsimListenerManager:54   assigned class org.matsim.core.mobsim.framework.listeners.MobsimListener to interface org.matsim.core.mobsim.framework.listeners.MobsimBeforeCleanupListener
2026-08-25T03:42:25,465  INFO MobsimListenerManager:54   assigned class org.matsim.core.mobsim.framework.listeners.MobsimListener to interface org.matsim.core.mobsim.framework.listeners.MobsimListener
2026-08-25T03:42:25,465  INFO QSimProvider:155 Added MobsimListener class org.matsim.contrib.drt.optimizer.QSimScopeForkJoinPoolHolder
2026-08-25T03:42:25,465  INFO MobsimListenerManager:50 calling addQueueSimulationListener
2026-08-25T03:42:25,465  INFO MobsimListenerManager:54   assigned class org.matsim.core.mobsim.framework.listeners.MobsimListener to interface org.matsim.contrib.drt.optimizer.insertion.selective.SelectiveInsertionSearch
2026-08-25T03:42:25,465  INFO MobsimListenerManager:54   assigned class org.matsim.core.mobsim.framework.listeners.MobsimListener to interface org.matsim.core.mobsim.framework.listeners.MobsimBeforeCleanupListener
2026-08-25T03:42:25,465  INFO MobsimListenerManager:54   assigned class org.matsim.core.mobsim.framework.listeners.MobsimListener to interface org.matsim.core.mobsim.framework.listeners.MobsimListener
2026-08-25T03:42:25,465  INFO QSimProvider:155 Added MobsimListener class org.matsim.contrib.drt.optimizer.insertion.selective.SelectiveInsertionSearch
2026-08-25T03:42:25,465  INFO MobsimListenerManager:50 calling addQueueSimulationListener
2026-08-25T03:42:25,465  INFO MobsimListenerManager:54   assigned class org.matsim.core.mobsim.framework.listeners.MobsimListener to interface org.matsim.contrib.drt.optimizer.insertion.selective.SingleInsertionDetourPathCalculator
2026-08-25T03:42:25,465  INFO MobsimListenerManager:54   assigned class org.matsim.core.mobsim.framework.listeners.MobsimListener to interface org.matsim.core.mobsim.framework.listeners.MobsimBeforeCleanupListener
2026-08-25T03:42:25,465  INFO MobsimListenerManager:54   assigned class org.matsim.core.mobsim.framework.listeners.MobsimListener to interface org.matsim.core.mobsim.framework.listeners.MobsimListener
2026-08-25T03:42:25,465  INFO QSimProvider:155 Added MobsimListener class org.matsim.contrib.drt.optimizer.insertion.selective.SingleInsertionDetourPathCalculator
2026-08-25T03:42:25,465  INFO QSimProvider:149 Added AgentSource class org.matsim.contrib.dvrp.vrpagent.VrpAgentSource
2026-08-25T03:42:25,465  INFO QSimProvider:131 Added MobsimEngine class org.matsim.contrib.dvrp.passenger.DefaultPassengerEngine
2026-08-25T03:42:25,467  INFO QSimProvider:143 Added DepartureHandler class org.matsim.contrib.dvrp.passenger.DefaultPassengerEngine
2026-08-25T03:42:25,467  INFO MobsimListenerManager:50 calling addQueueSimulationListener
2026-08-25T03:42:25,467  INFO MobsimListenerManager:54   assigned class org.matsim.core.mobsim.framework.listeners.MobsimListener to interface org.matsim.contrib.drt.optimizer.DrtOptimizer
2026-08-25T03:42:25,467  INFO MobsimListenerManager:54   assigned class org.matsim.core.mobsim.framework.listeners.MobsimListener to interface org.matsim.core.mobsim.framework.listeners.MobsimBeforeSimStepListener
2026-08-25T03:42:25,467  INFO MobsimListenerManager:54   assigned class org.matsim.core.mobsim.framework.listeners.MobsimListener to interface org.matsim.contrib.drt.optimizer.DefaultDrtOptimizer
2026-08-25T03:42:25,467  INFO MobsimListenerManager:54   assigned class org.matsim.core.mobsim.framework.listeners.MobsimListener to interface org.matsim.core.mobsim.framework.listeners.MobsimListener
2026-08-25T03:42:25,467  INFO QSimProvider:155 Added MobsimListener class org.matsim.contrib.drt.optimizer.DefaultDrtOptimizer
2026-08-25T03:42:25,467  INFO MobsimListenerManager:50 calling addQueueSimulationListener
2026-08-25T03:42:25,467  INFO MobsimListenerManager:54   assigned class org.matsim.core.mobsim.framework.listeners.MobsimListener to interface org.matsim.contrib.drt.optimizer.QSimScopeForkJoinPoolHolder
2026-08-25T03:42:25,467  INFO MobsimListenerManager:54   assigned class org.matsim.core.mobsim.framework.listeners.MobsimListener to interface org.matsim.core.mobsim.framework.listeners.MobsimBeforeCleanupListener
2026-08-25T03:42:25,467  INFO MobsimListenerManager:54   assigned class org.matsim.core.mobsim.framework.listeners.MobsimListener to interface org.matsim.core.mobsim.framework.listeners.MobsimListener
2026-08-25T03:42:25,467  INFO QSimProvider:155 Added MobsimListener class org.matsim.contrib.drt.optimizer.QSimScopeForkJoinPoolHolder
2026-08-25T03:42:25,467  INFO MobsimListenerManager:50 calling addQueueSimulationListener
2026-08-25T03:42:25,467  INFO MobsimListenerManager:54   assigned class org.matsim.core.mobsim.framework.listeners.MobsimListener to interface org.matsim.contrib.drt.optimizer.insertion.selective.SelectiveInsertionSearch
2026-08-25T03:42:25,467  INFO MobsimListenerManager:54   assigned class org.matsim.core.mobsim.framework.listeners.MobsimListener to interface org.matsim.core.mobsim.framework.listeners.MobsimBeforeCleanupListener
2026-08-25T03:42:25,467  INFO MobsimListenerManager:54   assigned class org.matsim.core.mobsim.framework.listeners.MobsimListener to interface org.matsim.core.mobsim.framework.listeners.MobsimListener
2026-08-25T03:42:25,467  INFO QSimProvider:155 Added MobsimListener class org.matsim.contrib.drt.optimizer.insertion.selective.SelectiveInsertionSearch
2026-08-25T03:42:25,468  INFO MobsimListenerManager:50 calling addQueueSimulationListener
2026-08-25T03:42:25,468  INFO MobsimListenerManager:54   assigned class org.matsim.core.mobsim.framework.listeners.MobsimListener to interface org.matsim.contrib.drt.optimizer.insertion.selective.SingleInsertionDetourPathCalculator
2026-08-25T03:42:25,468  INFO MobsimListenerManager:54   assigned class org.matsim.core.mobsim.framework.listeners.MobsimListener to interface org.matsim.core.mobsim.framework.listeners.MobsimBeforeCleanupListener
2026-08-25T03:42:25,468  INFO MobsimListenerManager:54   assigned class org.matsim.core.mobsim.framework.listeners.MobsimListener to interface org.matsim.core.mobsim.framework.listeners.MobsimListener
2026-08-25T03:42:25,468  INFO QSimProvider:155 Added MobsimListener class org.matsim.contrib.drt.optimizer.insertion.selective.SingleInsertionDetourPathCalculator
2026-08-25T03:42:25,468  INFO QSimProvider:149 Added AgentSource class org.matsim.contrib.dvrp.vrpagent.VrpAgentSource
2026-08-25T03:42:25,468  INFO QSimProvider:131 Added MobsimEngine class org.matsim.contrib.dvrp.passenger.DefaultPassengerEngine
2026-08-25T03:42:25,468  INFO QSimProvider:143 Added DepartureHandler class org.matsim.contrib.dvrp.passenger.DefaultPassengerEngine
2026-08-25T03:42:25,468  INFO MobsimListenerManager:50 calling addQueueSimulationListener
2026-08-25T03:42:25,468  INFO MobsimListenerManager:54   assigned class org.matsim.core.mobsim.framework.listeners.MobsimListener to interface org.matsim.contrib.drt.optimizer.DrtOptimizer
2026-08-25T03:42:25,468  INFO MobsimListenerManager:54   assigned class org.matsim.core.mobsim.framework.listeners.MobsimListener to interface org.matsim.core.mobsim.framework.listeners.MobsimBeforeSimStepListener
2026-08-25T03:42:25,468  INFO MobsimListenerManager:54   assigned class org.matsim.core.mobsim.framework.listeners.MobsimListener to interface org.matsim.contrib.drt.optimizer.DefaultDrtOptimizer
2026-08-25T03:42:25,468  INFO MobsimListenerManager:54   assigned class org.matsim.core.mobsim.framework.listeners.MobsimListener to interface org.matsim.core.mobsim.framework.listeners.MobsimListener
2026-08-25T03:42:25,468  INFO QSimProvider:155 Added MobsimListener class org.matsim.contrib.drt.optimizer.DefaultDrtOptimizer
2026-08-25T03:42:25,468  INFO MobsimListenerManager:50 calling addQueueSimulationListener
2026-08-25T03:42:25,468  INFO MobsimListenerManager:54   assigned class org.matsim.core.mobsim.framework.listeners.MobsimListener to interface org.matsim.contrib.drt.optimizer.QSimScopeForkJoinPoolHolder
2026-08-25T03:42:25,468  INFO MobsimListenerManager:54   assigned class org.matsim.core.mobsim.framework.listeners.MobsimListener to interface org.matsim.core.mobsim.framework.listeners.MobsimBeforeCleanupListener
2026-08-25T03:42:25,468  INFO MobsimListenerManager:54   assigned class org.matsim.core.mobsim.framework.listeners.MobsimListener to interface org.matsim.core.mobsim.framework.listeners.MobsimListener
2026-08-25T03:42:25,468  INFO QSimProvider:155 Added MobsimListener class org.matsim.contrib.drt.optimizer.QSimScopeForkJoinPoolHolder
2026-08-25T03:42:25,468  INFO MobsimListenerManager:50 calling addQueueSimulationListener
2026-08-25T03:42:25,468  INFO MobsimListenerManager:54   assigned class org.matsim.core.mobsim.framework.listeners.MobsimListener to interface org.matsim.contrib.drt.optimizer.insertion.selective.SelectiveInsertionSearch
2026-08-25T03:42:25,468  INFO MobsimListenerManager:54   assigned class org.matsim.core.mobsim.framework.listeners.MobsimListener to interface org.matsim.core.mobsim.framework.listeners.MobsimBeforeCleanupListener
2026-08-25T03:42:25,468  INFO MobsimListenerManager:54   assigned class org.matsim.core.mobsim.framework.listeners.MobsimListener to interface org.matsim.core.mobsim.framework.listeners.MobsimListener
2026-08-25T03:42:25,468  INFO QSimProvider:155 Added MobsimListener class org.matsim.contrib.drt.optimizer.insertion.selective.SelectiveInsertionSearch
2026-08-25T03:42:25,468  INFO MobsimListenerManager:50 calling addQueueSimulationListener
2026-08-25T03:42:25,468  INFO MobsimListenerManager:54   assigned class org.matsim.core.mobsim.framework.listeners.MobsimListener to interface org.matsim.contrib.drt.optimizer.insertion.selective.SingleInsertionDetourPathCalculator
2026-08-25T03:42:25,468  INFO MobsimListenerManager:54   assigned class org.matsim.core.mobsim.framework.listeners.MobsimListener to interface org.matsim.core.mobsim.framework.listeners.MobsimBeforeCleanupListener
2026-08-25T03:42:25,468  INFO MobsimListenerManager:54   assigned class org.matsim.core.mobsim.framework.listeners.MobsimListener to interface org.matsim.core.mobsim.framework.listeners.MobsimListener
2026-08-25T03:42:25,468  INFO QSimProvider:155 Added MobsimListener class org.matsim.contrib.drt.optimizer.insertion.selective.SingleInsertionDetourPathCalculator
2026-08-25T03:42:25,469  INFO QSimProvider:149 Added AgentSource class org.matsim.contrib.dvrp.vrpagent.VrpAgentSource
2026-08-25T03:42:25,469  INFO QSimProvider:131 Added MobsimEngine class org.matsim.contrib.dvrp.passenger.DefaultPassengerEngine
2026-08-25T03:42:25,469  INFO QSimProvider:143 Added DepartureHandler class org.matsim.contrib.dvrp.passenger.DefaultPassengerEngine
2026-08-25T03:42:25,469  INFO MobsimListenerManager:50 calling addQueueSimulationListener
2026-08-25T03:42:25,469  INFO MobsimListenerManager:54   assigned class org.matsim.core.mobsim.framework.listeners.MobsimListener to interface org.matsim.contrib.drt.optimizer.DrtOptimizer
2026-08-25T03:42:25,469  INFO MobsimListenerManager:54   assigned class org.matsim.core.mobsim.framework.listeners.MobsimListener to interface org.matsim.core.mobsim.framework.listeners.MobsimBeforeSimStepListener
2026-08-25T03:42:25,469  INFO MobsimListenerManager:54   assigned class org.matsim.core.mobsim.framework.listeners.MobsimListener to interface org.matsim.contrib.drt.optimizer.DefaultDrtOptimizer
2026-08-25T03:42:25,469  INFO MobsimListenerManager:54   assigned class org.matsim.core.mobsim.framework.listeners.MobsimListener to interface org.matsim.core.mobsim.framework.listeners.MobsimListener
2026-08-25T03:42:25,469  INFO QSimProvider:155 Added MobsimListener class org.matsim.contrib.drt.optimizer.DefaultDrtOptimizer
2026-08-25T03:42:25,469  INFO MobsimListenerManager:50 calling addQueueSimulationListener
2026-08-25T03:42:25,469  INFO MobsimListenerManager:54   assigned class org.matsim.core.mobsim.framework.listeners.MobsimListener to interface org.matsim.contrib.drt.optimizer.QSimScopeForkJoinPoolHolder
2026-08-25T03:42:25,469  INFO MobsimListenerManager:54   assigned class org.matsim.core.mobsim.framework.listeners.MobsimListener to interface org.matsim.core.mobsim.framework.listeners.MobsimBeforeCleanupListener
2026-08-25T03:42:25,469  INFO MobsimListenerManager:54   assigned class org.matsim.core.mobsim.framework.listeners.MobsimListener to interface org.matsim.core.mobsim.framework.listeners.MobsimListener
2026-08-25T03:42:25,469  INFO QSimProvider:155 Added MobsimListener class org.matsim.contrib.drt.optimizer.QSimScopeForkJoinPoolHolder
2026-08-25T03:42:25,469  INFO MobsimListenerManager:50 calling addQueueSimulationListener
2026-08-25T03:42:25,469  INFO MobsimListenerManager:54   assigned class org.matsim.core.mobsim.framework.listeners.MobsimListener to interface org.matsim.contrib.drt.optimizer.insertion.selective.SelectiveInsertionSearch
2026-08-25T03:42:25,469  INFO MobsimListenerManager:54   assigned class org.matsim.core.mobsim.framework.listeners.MobsimListener to interface org.matsim.core.mobsim.framework.listeners.MobsimBeforeCleanupListener
2026-08-25T03:42:25,469  INFO MobsimListenerManager:54   assigned class org.matsim.core.mobsim.framework.listeners.MobsimListener to interface org.matsim.core.mobsim.framework.listeners.MobsimListener
2026-08-25T03:42:25,469  INFO QSimProvider:155 Added MobsimListener class org.matsim.contrib.drt.optimizer.insertion.selective.SelectiveInsertionSearch
2026-08-25T03:42:25,469  INFO MobsimListenerManager:50 calling addQueueSimulationListener
2026-08-25T03:42:25,469  INFO MobsimListenerManager:54   assigned class org.matsim.core.mobsim.framework.listeners.MobsimListener to interface org.matsim.contrib.drt.optimizer.insertion.selective.SingleInsertionDetourPathCalculator
2026-08-25T03:42:25,469  INFO MobsimListenerManager:54   assigned class org.matsim.core.mobsim.framework.listeners.MobsimListener to interface org.matsim.core.mobsim.framework.listeners.MobsimBeforeCleanupListener
2026-08-25T03:42:25,469  INFO MobsimListenerManager:54   assigned class org.matsim.core.mobsim.framework.listeners.MobsimListener to interface org.matsim.core.mobsim.framework.listeners.MobsimListener
2026-08-25T03:42:25,469  INFO QSimProvider:155 Added MobsimListener class org.matsim.contrib.drt.optimizer.insertion.selective.SingleInsertionDetourPathCalculator
2026-08-25T03:42:25,470  INFO QSimProvider:149 Added AgentSource class org.matsim.contrib.dvrp.vrpagent.VrpAgentSource
2026-08-25T03:42:25,470  INFO QSimProvider:131 Added MobsimEngine class org.matsim.contrib.dvrp.passenger.DefaultPassengerEngine
2026-08-25T03:42:25,470  INFO QSimProvider:143 Added DepartureHandler class org.matsim.contrib.dvrp.passenger.DefaultPassengerEngine
2026-08-25T03:42:25,470  INFO MobsimListenerManager:50 calling addQueueSimulationListener
2026-08-25T03:42:25,470  INFO MobsimListenerManager:54   assigned class org.matsim.core.mobsim.framework.listeners.MobsimListener to interface org.matsim.contrib.drt.optimizer.DrtOptimizer
2026-08-25T03:42:25,470  INFO MobsimListenerManager:54   assigned class org.matsim.core.mobsim.framework.listeners.MobsimListener to interface org.matsim.core.mobsim.framework.listeners.MobsimBeforeSimStepListener
2026-08-25T03:42:25,470  INFO MobsimListenerManager:54   assigned class org.matsim.core.mobsim.framework.listeners.MobsimListener to interface org.matsim.contrib.drt.optimizer.DefaultDrtOptimizer
2026-08-25T03:42:25,470  INFO MobsimListenerManager:54   assigned class org.matsim.core.mobsim.framework.listeners.MobsimListener to interface org.matsim.core.mobsim.framework.listeners.MobsimListener
2026-08-25T03:42:25,470  INFO QSimProvider:155 Added MobsimListener class org.matsim.contrib.drt.optimizer.DefaultDrtOptimizer
2026-08-25T03:42:25,470  INFO MobsimListenerManager:50 calling addQueueSimulationListener
2026-08-25T03:42:25,470  INFO MobsimListenerManager:54   assigned class org.matsim.core.mobsim.framework.listeners.MobsimListener to interface org.matsim.contrib.drt.optimizer.QSimScopeForkJoinPoolHolder
2026-08-25T03:42:25,470  INFO MobsimListenerManager:54   assigned class org.matsim.core.mobsim.framework.listeners.MobsimListener to interface org.matsim.core.mobsim.framework.listeners.MobsimBeforeCleanupListener
2026-08-25T03:42:25,470  INFO MobsimListenerManager:54   assigned class org.matsim.core.mobsim.framework.listeners.MobsimListener to interface org.matsim.core.mobsim.framework.listeners.MobsimListener
2026-08-25T03:42:25,470  INFO QSimProvider:155 Added MobsimListener class org.matsim.contrib.drt.optimizer.QSimScopeForkJoinPoolHolder
2026-08-25T03:42:25,470  INFO MobsimListenerManager:50 calling addQueueSimulationListener
2026-08-25T03:42:25,470  INFO MobsimListenerManager:54   assigned class org.matsim.core.mobsim.framework.listeners.MobsimListener to interface org.matsim.contrib.drt.optimizer.insertion.selective.SelectiveInsertionSearch
2026-08-25T03:42:25,470  INFO MobsimListenerManager:54   assigned class org.matsim.core.mobsim.framework.listeners.MobsimListener to interface org.matsim.core.mobsim.framework.listeners.MobsimBeforeCleanupListener
2026-08-25T03:42:25,470  INFO MobsimListenerManager:54   assigned class org.matsim.core.mobsim.framework.listeners.MobsimListener to interface org.matsim.core.mobsim.framework.listeners.MobsimListener
2026-08-25T03:42:25,470  INFO QSimProvider:155 Added MobsimListener class org.matsim.contrib.drt.optimizer.insertion.selective.SelectiveInsertionSearch
2026-08-25T03:42:25,470  INFO MobsimListenerManager:50 calling addQueueSimulationListener
2026-08-25T03:42:25,470  INFO MobsimListenerManager:54   assigned class org.matsim.core.mobsim.framework.listeners.MobsimListener to interface org.matsim.contrib.drt.optimizer.insertion.selective.SingleInsertionDetourPathCalculator
2026-08-25T03:42:25,470  INFO MobsimListenerManager:54   assigned class org.matsim.core.mobsim.framework.listeners.MobsimListener to interface org.matsim.core.mobsim.framework.listeners.MobsimBeforeCleanupListener
2026-08-25T03:42:25,470  INFO MobsimListenerManager:54   assigned class org.matsim.core.mobsim.framework.listeners.MobsimListener to interface org.matsim.core.mobsim.framework.listeners.MobsimListener
2026-08-25T03:42:25,470  INFO QSimProvider:155 Added MobsimListener class org.matsim.contrib.drt.optimizer.insertion.selective.SingleInsertionDetourPathCalculator
2026-08-25T03:42:25,471  INFO QSimProvider:149 Added AgentSource class org.matsim.contrib.dvrp.vrpagent.VrpAgentSource
2026-08-25T03:42:25,471  INFO QSimProvider:131 Added MobsimEngine class org.matsim.contrib.dvrp.passenger.DefaultPassengerEngine
2026-08-25T03:42:25,471  INFO QSimProvider:143 Added DepartureHandler class org.matsim.contrib.dvrp.passenger.DefaultPassengerEngine
2026-08-25T03:42:25,471  INFO MobsimListenerManager:50 calling addQueueSimulationListener
2026-08-25T03:42:25,471  INFO MobsimListenerManager:54   assigned class org.matsim.core.mobsim.framework.listeners.MobsimListener to interface org.matsim.contrib.drt.optimizer.DrtOptimizer
2026-08-25T03:42:25,471  INFO MobsimListenerManager:54   assigned class org.matsim.core.mobsim.framework.listeners.MobsimListener to interface org.matsim.core.mobsim.framework.listeners.MobsimBeforeSimStepListener
2026-08-25T03:42:25,471  INFO MobsimListenerManager:54   assigned class org.matsim.core.mobsim.framework.listeners.MobsimListener to interface org.matsim.contrib.drt.optimizer.DefaultDrtOptimizer
2026-08-25T03:42:25,471  INFO MobsimListenerManager:54   assigned class org.matsim.core.mobsim.framework.listeners.MobsimListener to interface org.matsim.core.mobsim.framework.listeners.MobsimListener
2026-08-25T03:42:25,471  INFO QSimProvider:155 Added MobsimListener class org.matsim.contrib.drt.optimizer.DefaultDrtOptimizer
2026-08-25T03:42:25,471  INFO MobsimListenerManager:50 calling addQueueSimulationListener
2026-08-25T03:42:25,471  INFO MobsimListenerManager:54   assigned class org.matsim.core.mobsim.framework.listeners.MobsimListener to interface org.matsim.contrib.drt.optimizer.QSimScopeForkJoinPoolHolder
2026-08-25T03:42:25,471  INFO MobsimListenerManager:54   assigned class org.matsim.core.mobsim.framework.listeners.MobsimListener to interface org.matsim.core.mobsim.framework.listeners.MobsimBeforeCleanupListener
2026-08-25T03:42:25,471  INFO MobsimListenerManager:54   assigned class org.matsim.core.mobsim.framework.listeners.MobsimListener to interface org.matsim.core.mobsim.framework.listeners.MobsimListener
2026-08-25T03:42:25,471  INFO QSimProvider:155 Added MobsimListener class org.matsim.contrib.drt.optimizer.QSimScopeForkJoinPoolHolder
2026-08-25T03:42:25,471  INFO MobsimListenerManager:50 calling addQueueSimulationListener
2026-08-25T03:42:25,471  INFO MobsimListenerManager:54   assigned class org.matsim.core.mobsim.framework.listeners.MobsimListener to interface org.matsim.contrib.drt.optimizer.insertion.selective.SelectiveInsertionSearch
2026-08-25T03:42:25,472  INFO MobsimListenerManager:54   assigned class org.matsim.core.mobsim.framework.listeners.MobsimListener to interface org.matsim.core.mobsim.framework.listeners.MobsimBeforeCleanupListener
2026-08-25T03:42:25,472  INFO MobsimListenerManager:54   assigned class org.matsim.core.mobsim.framework.listeners.MobsimListener to interface org.matsim.core.mobsim.framework.listeners.MobsimListener
2026-08-25T03:42:25,472  INFO QSimProvider:155 Added MobsimListener class org.matsim.contrib.drt.optimizer.insertion.selective.SelectiveInsertionSearch
2026-08-25T03:42:25,472  INFO MobsimListenerManager:50 calling addQueueSimulationListener
2026-08-25T03:42:25,472  INFO MobsimListenerManager:54   assigned class org.matsim.core.mobsim.framework.listeners.MobsimListener to interface org.matsim.contrib.drt.optimizer.insertion.selective.SingleInsertionDetourPathCalculator
2026-08-25T03:42:25,472  INFO MobsimListenerManager:54   assigned class org.matsim.core.mobsim.framework.listeners.MobsimListener to interface org.matsim.core.mobsim.framework.listeners.MobsimBeforeCleanupListener
2026-08-25T03:42:25,472  INFO MobsimListenerManager:54   assigned class org.matsim.core.mobsim.framework.listeners.MobsimListener to interface org.matsim.core.mobsim.framework.listeners.MobsimListener
2026-08-25T03:42:25,472  INFO QSimProvider:155 Added MobsimListener class org.matsim.contrib.drt.optimizer.insertion.selective.SingleInsertionDetourPathCalculator
2026-08-25T03:42:25,472  INFO QSimProvider:149 Added AgentSource class org.matsim.contrib.dvrp.vrpagent.VrpAgentSource
2026-08-25T03:42:25,472  INFO QSimProvider:131 Added MobsimEngine class org.matsim.contrib.dvrp.passenger.DefaultPassengerEngine
2026-08-25T03:42:25,472  INFO QSimProvider:143 Added DepartureHandler class org.matsim.contrib.dvrp.passenger.DefaultPassengerEngine
2026-08-25T03:42:25,472  INFO MobsimListenerManager:50 calling addQueueSimulationListener
2026-08-25T03:42:25,472  INFO MobsimListenerManager:54   assigned class org.matsim.core.mobsim.framework.listeners.MobsimListener to interface org.matsim.contrib.drt.optimizer.DrtOptimizer
2026-08-25T03:42:25,472  INFO MobsimListenerManager:54   assigned class org.matsim.core.mobsim.framework.listeners.MobsimListener to interface org.matsim.core.mobsim.framework.listeners.MobsimBeforeSimStepListener
2026-08-25T03:42:25,472  INFO MobsimListenerManager:54   assigned class org.matsim.core.mobsim.framework.listeners.MobsimListener to interface org.matsim.contrib.drt.optimizer.DefaultDrtOptimizer
2026-08-25T03:42:25,472  INFO MobsimListenerManager:54   assigned class org.matsim.core.mobsim.framework.listeners.MobsimListener to interface org.matsim.core.mobsim.framework.listeners.MobsimListener
2026-08-25T03:42:25,472  INFO QSimProvider:155 Added MobsimListener class org.matsim.contrib.drt.optimizer.DefaultDrtOptimizer
2026-08-25T03:42:25,472  INFO MobsimListenerManager:50 calling addQueueSimulationListener
2026-08-25T03:42:25,472  INFO MobsimListenerManager:54   assigned class org.matsim.core.mobsim.framework.listeners.MobsimListener to interface org.matsim.contrib.drt.optimizer.QSimScopeForkJoinPoolHolder
2026-08-25T03:42:25,472  INFO MobsimListenerManager:54   assigned class org.matsim.core.mobsim.framework.listeners.MobsimListener to interface org.matsim.core.mobsim.framework.listeners.MobsimBeforeCleanupListener
2026-08-25T03:42:25,472  INFO MobsimListenerManager:54   assigned class org.matsim.core.mobsim.framework.listeners.MobsimListener to interface org.matsim.core.mobsim.framework.listeners.MobsimListener
2026-08-25T03:42:25,473  INFO QSimProvider:155 Added MobsimListener class org.matsim.contrib.drt.optimizer.QSimScopeForkJoinPoolHolder
2026-08-25T03:42:25,473  INFO MobsimListenerManager:50 calling addQueueSimulationListener
2026-08-25T03:42:25,473  INFO MobsimListenerManager:54   assigned class org.matsim.core.mobsim.framework.listeners.MobsimListener to interface org.matsim.contrib.drt.optimizer.insertion.selective.SelectiveInsertionSearch
2026-08-25T03:42:25,473  INFO MobsimListenerManager:54   assigned class org.matsim.core.mobsim.framework.listeners.MobsimListener to interface org.matsim.core.mobsim.framework.listeners.MobsimBeforeCleanupListener
2026-08-25T03:42:25,473  INFO MobsimListenerManager:54   assigned class org.matsim.core.mobsim.framework.listeners.MobsimListener to interface org.matsim.core.mobsim.framework.listeners.MobsimListener
2026-08-25T03:42:25,473  INFO QSimProvider:155 Added MobsimListener class org.matsim.contrib.drt.optimizer.insertion.selective.SelectiveInsertionSearch
2026-08-25T03:42:25,473  INFO MobsimListenerManager:50 calling addQueueSimulationListener
2026-08-25T03:42:25,473  INFO MobsimListenerManager:54   assigned class org.matsim.core.mobsim.framework.listeners.MobsimListener to interface org.matsim.contrib.drt.optimizer.insertion.selective.SingleInsertionDetourPathCalculator
2026-08-25T03:42:25,473  INFO MobsimListenerManager:54   assigned class org.matsim.core.mobsim.framework.listeners.MobsimListener to interface org.matsim.core.mobsim.framework.listeners.MobsimBeforeCleanupListener
2026-08-25T03:42:25,473  INFO MobsimListenerManager:54   assigned class org.matsim.core.mobsim.framework.listeners.MobsimListener to interface org.matsim.core.mobsim.framework.listeners.MobsimListener
2026-08-25T03:42:25,473  INFO QSimProvider:155 Added MobsimListener class org.matsim.contrib.drt.optimizer.insertion.selective.SingleInsertionDetourPathCalculator
2026-08-25T03:42:25,473  INFO QSimProvider:149 Added AgentSource class org.matsim.contrib.dvrp.vrpagent.VrpAgentSource
2026-08-25T03:42:25,473  INFO QSimProvider:131 Added MobsimEngine class org.matsim.contrib.dvrp.passenger.DefaultPassengerEngine
2026-08-25T03:42:25,473  INFO QSimProvider:143 Added DepartureHandler class org.matsim.contrib.dvrp.passenger.DefaultPassengerEngine
2026-08-25T03:42:25,473  INFO MobsimListenerManager:50 calling addQueueSimulationListener
2026-08-25T03:42:25,473  INFO MobsimListenerManager:54   assigned class org.matsim.core.mobsim.framework.listeners.MobsimListener to interface org.matsim.contrib.drt.optimizer.DrtOptimizer
2026-08-25T03:42:25,473  INFO MobsimListenerManager:54   assigned class org.matsim.core.mobsim.framework.listeners.MobsimListener to interface org.matsim.core.mobsim.framework.listeners.MobsimBeforeSimStepListener
2026-08-25T03:42:25,473  INFO MobsimListenerManager:54   assigned class org.matsim.core.mobsim.framework.listeners.MobsimListener to interface org.matsim.contrib.drt.optimizer.DefaultDrtOptimizer
2026-08-25T03:42:25,473  INFO MobsimListenerManager:54   assigned class org.matsim.core.mobsim.framework.listeners.MobsimListener to interface org.matsim.core.mobsim.framework.listeners.MobsimListener
2026-08-25T03:42:25,474  INFO QSimProvider:155 Added MobsimListener class org.matsim.contrib.drt.optimizer.DefaultDrtOptimizer
2026-08-25T03:42:25,474  INFO MobsimListenerManager:50 calling addQueueSimulationListener
2026-08-25T03:42:25,474  INFO MobsimListenerManager:54   assigned class org.matsim.core.mobsim.framework.listeners.MobsimListener to interface org.matsim.contrib.drt.optimizer.QSimScopeForkJoinPoolHolder
2026-08-25T03:42:25,474  INFO MobsimListenerManager:54   assigned class org.matsim.core.mobsim.framework.listeners.MobsimListener to interface org.matsim.core.mobsim.framework.listeners.MobsimBeforeCleanupListener
2026-08-25T03:42:25,474  INFO MobsimListenerManager:54   assigned class org.matsim.core.mobsim.framework.listeners.MobsimListener to interface org.matsim.core.mobsim.framework.listeners.MobsimListener
2026-08-25T03:42:25,474  INFO QSimProvider:155 Added MobsimListener class org.matsim.contrib.drt.optimizer.QSimScopeForkJoinPoolHolder
2026-08-25T03:42:25,474  INFO MobsimListenerManager:50 calling addQueueSimulationListener
2026-08-25T03:42:25,474  INFO MobsimListenerManager:54   assigned class org.matsim.core.mobsim.framework.listeners.MobsimListener to interface org.matsim.contrib.drt.optimizer.insertion.selective.SelectiveInsertionSearch
2026-08-25T03:42:25,474  INFO MobsimListenerManager:54   assigned class org.matsim.core.mobsim.framework.listeners.MobsimListener to interface org.matsim.core.mobsim.framework.listeners.MobsimBeforeCleanupListener
2026-08-25T03:42:25,474  INFO MobsimListenerManager:54   assigned class org.matsim.core.mobsim.framework.listeners.MobsimListener to interface org.matsim.core.mobsim.framework.listeners.MobsimListener
2026-08-25T03:42:25,474  INFO QSimProvider:155 Added MobsimListener class org.matsim.contrib.drt.optimizer.insertion.selective.SelectiveInsertionSearch
2026-08-25T03:42:25,474  INFO MobsimListenerManager:50 calling addQueueSimulationListener
2026-08-25T03:42:25,474  INFO MobsimListenerManager:54   assigned class org.matsim.core.mobsim.framework.listeners.MobsimListener to interface org.matsim.contrib.drt.optimizer.insertion.selective.SingleInsertionDetourPathCalculator
2026-08-25T03:42:25,475  INFO MobsimListenerManager:54   assigned class org.matsim.core.mobsim.framework.listeners.MobsimListener to interface org.matsim.core.mobsim.framework.listeners.MobsimBeforeCleanupListener
2026-08-25T03:42:25,475  INFO MobsimListenerManager:54   assigned class org.matsim.core.mobsim.framework.listeners.MobsimListener to interface org.matsim.core.mobsim.framework.listeners.MobsimListener
2026-08-25T03:42:25,475  INFO QSimProvider:155 Added MobsimListener class org.matsim.contrib.drt.optimizer.insertion.selective.SingleInsertionDetourPathCalculator
2026-08-25T03:42:25,475  INFO QSimProvider:149 Added AgentSource class org.matsim.contrib.dvrp.vrpagent.VrpAgentSource
2026-08-25T03:42:25,475  INFO QSimProvider:131 Added MobsimEngine class org.matsim.contrib.dvrp.passenger.DefaultPassengerEngine
2026-08-25T03:42:25,475  INFO QSimProvider:143 Added DepartureHandler class org.matsim.contrib.dvrp.passenger.DefaultPassengerEngine
2026-08-25T03:42:25,475  INFO MobsimListenerManager:50 calling addQueueSimulationListener
2026-08-25T03:42:25,475  INFO MobsimListenerManager:54   assigned class org.matsim.core.mobsim.framework.listeners.MobsimListener to interface org.matsim.contrib.drt.optimizer.DrtOptimizer
2026-08-25T03:42:25,475  INFO MobsimListenerManager:54   assigned class org.matsim.core.mobsim.framework.listeners.MobsimListener to interface org.matsim.core.mobsim.framework.listeners.MobsimBeforeSimStepListener
2026-08-25T03:42:25,475  INFO MobsimListenerManager:54   assigned class org.matsim.core.mobsim.framework.listeners.MobsimListener to interface org.matsim.contrib.drt.optimizer.DefaultDrtOptimizer
2026-08-25T03:42:25,475  INFO MobsimListenerManager:54   assigned class org.matsim.core.mobsim.framework.listeners.MobsimListener to interface org.matsim.core.mobsim.framework.listeners.MobsimListener
2026-08-25T03:42:25,475  INFO QSimProvider:155 Added MobsimListener class org.matsim.contrib.drt.optimizer.DefaultDrtOptimizer
2026-08-25T03:42:25,475  INFO MobsimListenerManager:50 calling addQueueSimulationListener
2026-08-25T03:42:25,475  INFO MobsimListenerManager:54   assigned class org.matsim.core.mobsim.framework.listeners.MobsimListener to interface org.matsim.contrib.drt.optimizer.QSimScopeForkJoinPoolHolder
2026-08-25T03:42:25,475  INFO MobsimListenerManager:54   assigned class org.matsim.core.mobsim.framework.listeners.MobsimListener to interface org.matsim.core.mobsim.framework.listeners.MobsimBeforeCleanupListener
2026-08-25T03:42:25,475  INFO MobsimListenerManager:54   assigned class org.matsim.core.mobsim.framework.listeners.MobsimListener to interface org.matsim.core.mobsim.framework.listeners.MobsimListener
2026-08-25T03:42:25,475  INFO QSimProvider:155 Added MobsimListener class org.matsim.contrib.drt.optimizer.QSimScopeForkJoinPoolHolder
2026-08-25T03:42:25,475  INFO MobsimListenerManager:50 calling addQueueSimulationListener
2026-08-25T03:42:25,475  INFO MobsimListenerManager:54   assigned class org.matsim.core.mobsim.framework.listeners.MobsimListener to interface org.matsim.contrib.drt.optimizer.insertion.selective.SelectiveInsertionSearch
2026-08-25T03:42:25,475  INFO MobsimListenerManager:54   assigned class org.matsim.core.mobsim.framework.listeners.MobsimListener to interface org.matsim.core.mobsim.framework.listeners.MobsimBeforeCleanupListener
2026-08-25T03:42:25,477  INFO MobsimListenerManager:54   assigned class org.matsim.core.mobsim.framework.listeners.MobsimListener to interface org.matsim.core.mobsim.framework.listeners.MobsimListener
2026-08-25T03:42:25,477  INFO QSimProvider:155 Added MobsimListener class org.matsim.contrib.drt.optimizer.insertion.selective.SelectiveInsertionSearch
2026-08-25T03:42:25,477  INFO MobsimListenerManager:50 calling addQueueSimulationListener
2026-08-25T03:42:25,477  INFO MobsimListenerManager:54   assigned class org.matsim.core.mobsim.framework.listeners.MobsimListener to interface org.matsim.contrib.drt.optimizer.insertion.selective.SingleInsertionDetourPathCalculator
2026-08-25T03:42:25,477  INFO MobsimListenerManager:54   assigned class org.matsim.core.mobsim.framework.listeners.MobsimListener to interface org.matsim.core.mobsim.framework.listeners.MobsimBeforeCleanupListener
2026-08-25T03:42:25,477  INFO MobsimListenerManager:54   assigned class org.matsim.core.mobsim.framework.listeners.MobsimListener to interface org.matsim.core.mobsim.framework.listeners.MobsimListener
2026-08-25T03:42:25,477  INFO QSimProvider:155 Added MobsimListener class org.matsim.contrib.drt.optimizer.insertion.selective.SingleInsertionDetourPathCalculator
2026-08-25T03:42:25,477  INFO QSimProvider:149 Added AgentSource class org.matsim.contrib.dvrp.vrpagent.VrpAgentSource
2026-08-25T03:42:25,477  INFO QSimProvider:131 Added MobsimEngine class org.matsim.contrib.dvrp.passenger.DefaultPassengerEngine
2026-08-25T03:42:25,477  INFO QSimProvider:143 Added DepartureHandler class org.matsim.contrib.dvrp.passenger.DefaultPassengerEngine
2026-08-25T03:42:25,477  INFO MobsimListenerManager:50 calling addQueueSimulationListener
2026-08-25T03:42:25,477  INFO MobsimListenerManager:54   assigned class org.matsim.core.mobsim.framework.listeners.MobsimListener to interface org.matsim.contrib.drt.optimizer.DrtOptimizer
2026-08-25T03:42:25,477  INFO MobsimListenerManager:54   assigned class org.matsim.core.mobsim.framework.listeners.MobsimListener to interface org.matsim.core.mobsim.framework.listeners.MobsimBeforeSimStepListener
2026-08-25T03:42:25,477  INFO MobsimListenerManager:54   assigned class org.matsim.core.mobsim.framework.listeners.MobsimListener to interface org.matsim.contrib.drt.optimizer.DefaultDrtOptimizer
2026-08-25T03:42:25,477  INFO MobsimListenerManager:54   assigned class org.matsim.core.mobsim.framework.listeners.MobsimListener to interface org.matsim.core.mobsim.framework.listeners.MobsimListener
2026-08-25T03:42:25,477  INFO QSimProvider:155 Added MobsimListener class org.matsim.contrib.drt.optimizer.DefaultDrtOptimizer
2026-08-25T03:42:25,477  INFO MobsimListenerManager:50 calling addQueueSimulationListener
2026-08-25T03:42:25,477  INFO MobsimListenerManager:54   assigned class org.matsim.core.mobsim.framework.listeners.MobsimListener to interface org.matsim.contrib.drt.optimizer.QSimScopeForkJoinPoolHolder
2026-08-25T03:42:25,478  INFO MobsimListenerManager:54   assigned class org.matsim.core.mobsim.framework.listeners.MobsimListener to interface org.matsim.core.mobsim.framework.listeners.MobsimBeforeCleanupListener
2026-08-25T03:42:25,478  INFO MobsimListenerManager:54   assigned class org.matsim.core.mobsim.framework.listeners.MobsimListener to interface org.matsim.core.mobsim.framework.listeners.MobsimListener
2026-08-25T03:42:25,478  INFO QSimProvider:155 Added MobsimListener class org.matsim.contrib.drt.optimizer.QSimScopeForkJoinPoolHolder
2026-08-25T03:42:25,478  INFO MobsimListenerManager:50 calling addQueueSimulationListener
2026-08-25T03:42:25,478  INFO MobsimListenerManager:54   assigned class org.matsim.core.mobsim.framework.listeners.MobsimListener to interface org.matsim.contrib.drt.optimizer.insertion.selective.SelectiveInsertionSearch
2026-08-25T03:42:25,478  INFO MobsimListenerManager:54   assigned class org.matsim.core.mobsim.framework.listeners.MobsimListener to interface org.matsim.core.mobsim.framework.listeners.MobsimBeforeCleanupListener
2026-08-25T03:42:25,478  INFO MobsimListenerManager:54   assigned class org.matsim.core.mobsim.framework.listeners.MobsimListener to interface org.matsim.core.mobsim.framework.listeners.MobsimListener
2026-08-25T03:42:25,478  INFO QSimProvider:155 Added MobsimListener class org.matsim.contrib.drt.optimizer.insertion.selective.SelectiveInsertionSearch
2026-08-25T03:42:25,478  INFO MobsimListenerManager:50 calling addQueueSimulationListener
2026-08-25T03:42:25,478  INFO MobsimListenerManager:54   assigned class org.matsim.core.mobsim.framework.listeners.MobsimListener to interface org.matsim.contrib.drt.optimizer.insertion.selective.SingleInsertionDetourPathCalculator
2026-08-25T03:42:25,478  INFO MobsimListenerManager:54   assigned class org.matsim.core.mobsim.framework.listeners.MobsimListener to interface org.matsim.core.mobsim.framework.listeners.MobsimBeforeCleanupListener
2026-08-25T03:42:25,478  INFO MobsimListenerManager:54   assigned class org.matsim.core.mobsim.framework.listeners.MobsimListener to interface org.matsim.core.mobsim.framework.listeners.MobsimListener
2026-08-25T03:42:25,478  INFO QSimProvider:155 Added MobsimListener class org.matsim.contrib.drt.optimizer.insertion.selective.SingleInsertionDetourPathCalculator
2026-08-25T03:42:25,478  INFO QSimProvider:149 Added AgentSource class org.matsim.contrib.dvrp.vrpagent.VrpAgentSource
2026-08-25T03:42:25,478  INFO QSimProvider:131 Added MobsimEngine class org.matsim.contrib.dvrp.passenger.DefaultPassengerEngine
2026-08-25T03:42:25,478  INFO QSimProvider:143 Added DepartureHandler class org.matsim.contrib.dvrp.passenger.DefaultPassengerEngine
2026-08-25T03:42:25,479  INFO MobsimListenerManager:50 calling addQueueSimulationListener
2026-08-25T03:42:25,479  INFO MobsimListenerManager:54   assigned class org.matsim.core.mobsim.framework.listeners.MobsimListener to interface org.matsim.contrib.drt.optimizer.DrtOptimizer
2026-08-25T03:42:25,479  INFO MobsimListenerManager:54   assigned class org.matsim.core.mobsim.framework.listeners.MobsimListener to interface org.matsim.core.mobsim.framework.listeners.MobsimBeforeSimStepListener
2026-08-25T03:42:25,479  INFO MobsimListenerManager:54   assigned class org.matsim.core.mobsim.framework.listeners.MobsimListener to interface org.matsim.contrib.drt.optimizer.DefaultDrtOptimizer
2026-08-25T03:42:25,479  INFO MobsimListenerManager:54   assigned class org.matsim.core.mobsim.framework.listeners.MobsimListener to interface org.matsim.core.mobsim.framework.listeners.MobsimListener
2026-08-25T03:42:25,479  INFO QSimProvider:155 Added MobsimListener class org.matsim.contrib.drt.optimizer.DefaultDrtOptimizer
2026-08-25T03:42:25,479  INFO MobsimListenerManager:50 calling addQueueSimulationListener
2026-08-25T03:42:25,479  INFO MobsimListenerManager:54   assigned class org.matsim.core.mobsim.framework.listeners.MobsimListener to interface org.matsim.contrib.drt.optimizer.QSimScopeForkJoinPoolHolder
2026-08-25T03:42:25,479  INFO MobsimListenerManager:54   assigned class org.matsim.core.mobsim.framework.listeners.MobsimListener to interface org.matsim.core.mobsim.framework.listeners.MobsimBeforeCleanupListener
2026-08-25T03:42:25,479  INFO MobsimListenerManager:54   assigned class org.matsim.core.mobsim.framework.listeners.MobsimListener to interface org.matsim.core.mobsim.framework.listeners.MobsimListener
2026-08-25T03:42:25,479  INFO QSimProvider:155 Added MobsimListener class org.matsim.contrib.drt.optimizer.QSimScopeForkJoinPoolHolder
2026-08-25T03:42:25,479  INFO MobsimListenerManager:50 calling addQueueSimulationListener
2026-08-25T03:42:25,479  INFO MobsimListenerManager:54   assigned class org.matsim.core.mobsim.framework.listeners.MobsimListener to interface org.matsim.contrib.drt.optimizer.insertion.selective.SelectiveInsertionSearch
2026-08-25T03:42:25,479  INFO MobsimListenerManager:54   assigned class org.matsim.core.mobsim.framework.listeners.MobsimListener to interface org.matsim.core.mobsim.framework.listeners.MobsimBeforeCleanupListener
2026-08-25T03:42:25,479  INFO MobsimListenerManager:54   assigned class org.matsim.core.mobsim.framework.listeners.MobsimListener to interface org.matsim.core.mobsim.framework.listeners.MobsimListener
2026-08-25T03:42:25,479  INFO QSimProvider:155 Added MobsimListener class org.matsim.contrib.drt.optimizer.insertion.selective.SelectiveInsertionSearch
2026-08-25T03:42:25,479  INFO MobsimListenerManager:50 calling addQueueSimulationListener
2026-08-25T03:42:25,479  INFO MobsimListenerManager:54   assigned class org.matsim.core.mobsim.framework.listeners.MobsimListener to interface org.matsim.contrib.drt.optimizer.insertion.selective.SingleInsertionDetourPathCalculator
2026-08-25T03:42:25,480  INFO MobsimListenerManager:54   assigned class org.matsim.core.mobsim.framework.listeners.MobsimListener to interface org.matsim.core.mobsim.framework.listeners.MobsimBeforeCleanupListener
2026-08-25T03:42:25,480  INFO MobsimListenerManager:54   assigned class org.matsim.core.mobsim.framework.listeners.MobsimListener to interface org.matsim.core.mobsim.framework.listeners.MobsimListener
2026-08-25T03:42:25,480  INFO QSimProvider:155 Added MobsimListener class org.matsim.contrib.drt.optimizer.insertion.selective.SingleInsertionDetourPathCalculator
2026-08-25T03:42:25,480  INFO QSimProvider:149 Added AgentSource class org.matsim.contrib.dvrp.vrpagent.VrpAgentSource
2026-08-25T03:42:25,480  INFO QSimProvider:131 Added MobsimEngine class org.matsim.contrib.dvrp.passenger.DefaultPassengerEngine
2026-08-25T03:42:25,480  INFO QSimProvider:143 Added DepartureHandler class org.matsim.contrib.dvrp.passenger.DefaultPassengerEngine
2026-08-25T03:42:25,480  INFO MobsimListenerManager:50 calling addQueueSimulationListener
2026-08-25T03:42:25,480  INFO MobsimListenerManager:54   assigned class org.matsim.core.mobsim.framework.listeners.MobsimListener to interface org.matsim.contrib.drt.optimizer.DrtOptimizer
2026-08-25T03:42:25,480  INFO MobsimListenerManager:54   assigned class org.matsim.core.mobsim.framework.listeners.MobsimListener to interface org.matsim.core.mobsim.framework.listeners.MobsimBeforeSimStepListener
2026-08-25T03:42:25,480  INFO MobsimListenerManager:54   assigned class org.matsim.core.mobsim.framework.listeners.MobsimListener to interface org.matsim.contrib.drt.optimizer.DefaultDrtOptimizer
2026-08-25T03:42:25,480  INFO MobsimListenerManager:54   assigned class org.matsim.core.mobsim.framework.listeners.MobsimListener to interface org.matsim.core.mobsim.framework.listeners.MobsimListener
2026-08-25T03:42:25,480  INFO QSimProvider:155 Added MobsimListener class org.matsim.contrib.drt.optimizer.DefaultDrtOptimizer
2026-08-25T03:42:25,481  INFO MobsimListenerManager:50 calling addQueueSimulationListener
2026-08-25T03:42:25,481  INFO MobsimListenerManager:54   assigned class org.matsim.core.mobsim.framework.listeners.MobsimListener to interface org.matsim.contrib.drt.optimizer.QSimScopeForkJoinPoolHolder
2026-08-25T03:42:25,481  INFO MobsimListenerManager:54   assigned class org.matsim.core.mobsim.framework.listeners.MobsimListener to interface org.matsim.core.mobsim.framework.listeners.MobsimBeforeCleanupListener
2026-08-25T03:42:25,481  INFO MobsimListenerManager:54   assigned class org.matsim.core.mobsim.framework.listeners.MobsimListener to interface org.matsim.core.mobsim.framework.listeners.MobsimListener
2026-08-25T03:42:25,481  INFO QSimProvider:155 Added MobsimListener class org.matsim.contrib.drt.optimizer.QSimScopeForkJoinPoolHolder
2026-08-25T03:42:25,481  INFO MobsimListenerManager:50 calling addQueueSimulationListener
2026-08-25T03:42:25,482  INFO MobsimListenerManager:54   assigned class org.matsim.core.mobsim.framework.listeners.MobsimListener to interface org.matsim.contrib.drt.optimizer.insertion.selective.SelectiveInsertionSearch
2026-08-25T03:42:25,482  INFO MobsimListenerManager:54   assigned class org.matsim.core.mobsim.framework.listeners.MobsimListener to interface org.matsim.core.mobsim.framework.listeners.MobsimBeforeCleanupListener
2026-08-25T03:42:25,482  INFO MobsimListenerManager:54   assigned class org.matsim.core.mobsim.framework.listeners.MobsimListener to interface org.matsim.core.mobsim.framework.listeners.MobsimListener
2026-08-25T03:42:25,482  INFO QSimProvider:155 Added MobsimListener class org.matsim.contrib.drt.optimizer.insertion.selective.SelectiveInsertionSearch
2026-08-25T03:42:25,482  INFO MobsimListenerManager:50 calling addQueueSimulationListener
2026-08-25T03:42:25,482  INFO MobsimListenerManager:54   assigned class org.matsim.core.mobsim.framework.listeners.MobsimListener to interface org.matsim.contrib.drt.optimizer.insertion.selective.SingleInsertionDetourPathCalculator
2026-08-25T03:42:25,482  INFO MobsimListenerManager:54   assigned class org.matsim.core.mobsim.framework.listeners.MobsimListener to interface org.matsim.core.mobsim.framework.listeners.MobsimBeforeCleanupListener
2026-08-25T03:42:25,482  INFO MobsimListenerManager:54   assigned class org.matsim.core.mobsim.framework.listeners.MobsimListener to interface org.matsim.core.mobsim.framework.listeners.MobsimListener
2026-08-25T03:42:25,482  INFO QSimProvider:155 Added MobsimListener class org.matsim.contrib.drt.optimizer.insertion.selective.SingleInsertionDetourPathCalculator
2026-08-25T03:42:25,482  INFO QSimProvider:149 Added AgentSource class org.matsim.contrib.dvrp.vrpagent.VrpAgentSource
2026-08-25T03:42:25,482  INFO QSimProvider:131 Added MobsimEngine class org.matsim.contrib.dvrp.passenger.DefaultPassengerEngine
2026-08-25T03:42:25,482  INFO QSimProvider:143 Added DepartureHandler class org.matsim.contrib.dvrp.passenger.DefaultPassengerEngine
2026-08-25T03:42:25,483  INFO MobsimListenerManager:50 calling addQueueSimulationListener
2026-08-25T03:42:25,483  INFO MobsimListenerManager:54   assigned class org.matsim.core.mobsim.framework.listeners.MobsimListener to interface org.matsim.contrib.drt.optimizer.DrtOptimizer
2026-08-25T03:42:25,483  INFO MobsimListenerManager:54   assigned class org.matsim.core.mobsim.framework.listeners.MobsimListener to interface org.matsim.core.mobsim.framework.listeners.MobsimBeforeSimStepListener
2026-08-25T03:42:25,483  INFO MobsimListenerManager:54   assigned class org.matsim.core.mobsim.framework.listeners.MobsimListener to interface org.matsim.contrib.drt.optimizer.DefaultDrtOptimizer
2026-08-25T03:42:25,483  INFO MobsimListenerManager:54   assigned class org.matsim.core.mobsim.framework.listeners.MobsimListener to interface org.matsim.core.mobsim.framework.listeners.MobsimListener
2026-08-25T03:42:25,483  INFO QSimProvider:155 Added MobsimListener class org.matsim.contrib.drt.optimizer.DefaultDrtOptimizer
2026-08-25T03:42:25,483  INFO MobsimListenerManager:50 calling addQueueSimulationListener
2026-08-25T03:42:25,483  INFO MobsimListenerManager:54   assigned class org.matsim.core.mobsim.framework.listeners.MobsimListener to interface org.matsim.contrib.drt.optimizer.QSimScopeForkJoinPoolHolder
2026-08-25T03:42:25,483  INFO MobsimListenerManager:54   assigned class org.matsim.core.mobsim.framework.listeners.MobsimListener to interface org.matsim.core.mobsim.framework.listeners.MobsimBeforeCleanupListener
2026-08-25T03:42:25,483  INFO MobsimListenerManager:54   assigned class org.matsim.core.mobsim.framework.listeners.MobsimListener to interface org.matsim.core.mobsim.framework.listeners.MobsimListener
2026-08-25T03:42:25,483  INFO QSimProvider:155 Added MobsimListener class org.matsim.contrib.drt.optimizer.QSimScopeForkJoinPoolHolder
2026-08-25T03:42:25,483  INFO MobsimListenerManager:50 calling addQueueSimulationListener
2026-08-25T03:42:25,483  INFO MobsimListenerManager:54   assigned class org.matsim.core.mobsim.framework.listeners.MobsimListener to interface org.matsim.contrib.drt.optimizer.insertion.selective.SelectiveInsertionSearch
2026-08-25T03:42:25,483  INFO MobsimListenerManager:54   assigned class org.matsim.core.mobsim.framework.listeners.MobsimListener to interface org.matsim.core.mobsim.framework.listeners.MobsimBeforeCleanupListener
2026-08-25T03:42:25,483  INFO MobsimListenerManager:54   assigned class org.matsim.core.mobsim.framework.listeners.MobsimListener to interface org.matsim.core.mobsim.framework.listeners.MobsimListener
2026-08-25T03:42:25,483  INFO QSimProvider:155 Added MobsimListener class org.matsim.contrib.drt.optimizer.insertion.selective.SelectiveInsertionSearch
2026-08-25T03:42:25,483  INFO MobsimListenerManager:50 calling addQueueSimulationListener
2026-08-25T03:42:25,483  INFO MobsimListenerManager:54   assigned class org.matsim.core.mobsim.framework.listeners.MobsimListener to interface org.matsim.contrib.drt.optimizer.insertion.selective.SingleInsertionDetourPathCalculator
2026-08-25T03:42:25,483  INFO MobsimListenerManager:54   assigned class org.matsim.core.mobsim.framework.listeners.MobsimListener to interface org.matsim.core.mobsim.framework.listeners.MobsimBeforeCleanupListener
2026-08-25T03:42:25,483  INFO MobsimListenerManager:54   assigned class org.matsim.core.mobsim.framework.listeners.MobsimListener to interface org.matsim.core.mobsim.framework.listeners.MobsimListener
2026-08-25T03:42:25,483  INFO QSimProvider:155 Added MobsimListener class org.matsim.contrib.drt.optimizer.insertion.selective.SingleInsertionDetourPathCalculator
2026-08-25T03:42:25,483  INFO QSimProvider:149 Added AgentSource class org.matsim.contrib.dvrp.vrpagent.VrpAgentSource
2026-08-25T03:42:25,483  INFO QSimProvider:131 Added MobsimEngine class org.matsim.contrib.dvrp.passenger.DefaultPassengerEngine
2026-08-25T03:42:25,483  INFO QSimProvider:143 Added DepartureHandler class org.matsim.contrib.dvrp.passenger.DefaultPassengerEngine
2026-08-25T03:42:25,483  INFO MobsimListenerManager:50 calling addQueueSimulationListener
2026-08-25T03:42:25,483  INFO MobsimListenerManager:54   assigned class org.matsim.core.mobsim.framework.listeners.MobsimListener to interface org.matsim.contrib.drt.optimizer.DrtOptimizer
2026-08-25T03:42:25,483  INFO MobsimListenerManager:54   assigned class org.matsim.core.mobsim.framework.listeners.MobsimListener to interface org.matsim.core.mobsim.framework.listeners.MobsimBeforeSimStepListener
2026-08-25T03:42:25,484  INFO MobsimListenerManager:54   assigned class org.matsim.core.mobsim.framework.listeners.MobsimListener to interface org.matsim.contrib.drt.optimizer.DefaultDrtOptimizer
2026-08-25T03:42:25,484  INFO MobsimListenerManager:54   assigned class org.matsim.core.mobsim.framework.listeners.MobsimListener to interface org.matsim.core.mobsim.framework.listeners.MobsimListener
2026-08-25T03:42:25,484  INFO QSimProvider:155 Added MobsimListener class org.matsim.contrib.drt.optimizer.DefaultDrtOptimizer
2026-08-25T03:42:25,484  INFO MobsimListenerManager:50 calling addQueueSimulationListener
2026-08-25T03:42:25,484  INFO MobsimListenerManager:54   assigned class org.matsim.core.mobsim.framework.listeners.MobsimListener to interface org.matsim.contrib.drt.optimizer.QSimScopeForkJoinPoolHolder
2026-08-25T03:42:25,484  INFO MobsimListenerManager:54   assigned class org.matsim.core.mobsim.framework.listeners.MobsimListener to interface org.matsim.core.mobsim.framework.listeners.MobsimBeforeCleanupListener
2026-08-25T03:42:25,484  INFO MobsimListenerManager:54   assigned class org.matsim.core.mobsim.framework.listeners.MobsimListener to interface org.matsim.core.mobsim.framework.listeners.MobsimListener
2026-08-25T03:42:25,484  INFO QSimProvider:155 Added MobsimListener class org.matsim.contrib.drt.optimizer.QSimScopeForkJoinPoolHolder
2026-08-25T03:42:25,484  INFO MobsimListenerManager:50 calling addQueueSimulationListener
2026-08-25T03:42:25,484  INFO MobsimListenerManager:54   assigned class org.matsim.core.mobsim.framework.listeners.MobsimListener to interface org.matsim.contrib.drt.optimizer.insertion.selective.SelectiveInsertionSearch
2026-08-25T03:42:25,484  INFO MobsimListenerManager:54   assigned class org.matsim.core.mobsim.framework.listeners.MobsimListener to interface org.matsim.core.mobsim.framework.listeners.MobsimBeforeCleanupListener
2026-08-25T03:42:25,485  INFO MobsimListenerManager:54   assigned class org.matsim.core.mobsim.framework.listeners.MobsimListener to interface org.matsim.core.mobsim.framework.listeners.MobsimListener
2026-08-25T03:42:25,485  INFO QSimProvider:155 Added MobsimListener class org.matsim.contrib.drt.optimizer.insertion.selective.SelectiveInsertionSearch
2026-08-25T03:42:25,485  INFO MobsimListenerManager:50 calling addQueueSimulationListener
2026-08-25T03:42:25,485  INFO MobsimListenerManager:54   assigned class org.matsim.core.mobsim.framework.listeners.MobsimListener to interface org.matsim.contrib.drt.optimizer.insertion.selective.SingleInsertionDetourPathCalculator
2026-08-25T03:42:25,485  INFO MobsimListenerManager:54   assigned class org.matsim.core.mobsim.framework.listeners.MobsimListener to interface org.matsim.core.mobsim.framework.listeners.MobsimBeforeCleanupListener
2026-08-25T03:42:25,485  INFO MobsimListenerManager:54   assigned class org.matsim.core.mobsim.framework.listeners.MobsimListener to interface org.matsim.core.mobsim.framework.listeners.MobsimListener
2026-08-25T03:42:25,486  INFO QSimProvider:155 Added MobsimListener class org.matsim.contrib.drt.optimizer.insertion.selective.SingleInsertionDetourPathCalculator
2026-08-25T03:42:25,486  INFO QSimProvider:149 Added AgentSource class org.matsim.contrib.dvrp.vrpagent.VrpAgentSource
2026-08-25T03:42:25,486  INFO QSimProvider:131 Added MobsimEngine class org.matsim.contrib.dvrp.passenger.DefaultPassengerEngine
2026-08-25T03:42:25,486  INFO QSimProvider:143 Added DepartureHandler class org.matsim.contrib.dvrp.passenger.DefaultPassengerEngine
2026-08-25T03:42:25,486  INFO MobsimListenerManager:50 calling addQueueSimulationListener
2026-08-25T03:42:25,486  INFO MobsimListenerManager:54   assigned class org.matsim.core.mobsim.framework.listeners.MobsimListener to interface org.matsim.contrib.drt.optimizer.DrtOptimizer
2026-08-25T03:42:25,486  INFO MobsimListenerManager:54   assigned class org.matsim.core.mobsim.framework.listeners.MobsimListener to interface org.matsim.core.mobsim.framework.listeners.MobsimBeforeSimStepListener
2026-08-25T03:42:25,486  INFO MobsimListenerManager:54   assigned class org.matsim.core.mobsim.framework.listeners.MobsimListener to interface org.matsim.contrib.drt.optimizer.DefaultDrtOptimizer
2026-08-25T03:42:25,486  INFO MobsimListenerManager:54   assigned class org.matsim.core.mobsim.framework.listeners.MobsimListener to interface org.matsim.core.mobsim.framework.listeners.MobsimListener
2026-08-25T03:42:25,486  INFO QSimProvider:155 Added MobsimListener class org.matsim.contrib.drt.optimizer.DefaultDrtOptimizer
2026-08-25T03:42:25,486  INFO MobsimListenerManager:50 calling addQueueSimulationListener
2026-08-25T03:42:25,486  INFO MobsimListenerManager:54   assigned class org.matsim.core.mobsim.framework.listeners.MobsimListener to interface org.matsim.contrib.drt.optimizer.QSimScopeForkJoinPoolHolder
2026-08-25T03:42:25,486  INFO MobsimListenerManager:54   assigned class org.matsim.core.mobsim.framework.listeners.MobsimListener to interface org.matsim.core.mobsim.framework.listeners.MobsimBeforeCleanupListener
2026-08-25T03:42:25,486  INFO MobsimListenerManager:54   assigned class org.matsim.core.mobsim.framework.listeners.MobsimListener to interface org.matsim.core.mobsim.framework.listeners.MobsimListener
2026-08-25T03:42:25,486  INFO QSimProvider:155 Added MobsimListener class org.matsim.contrib.drt.optimizer.QSimScopeForkJoinPoolHolder
2026-08-25T03:42:25,486  INFO MobsimListenerManager:50 calling addQueueSimulationListener
2026-08-25T03:42:25,486  INFO MobsimListenerManager:54   assigned class org.matsim.core.mobsim.framework.listeners.MobsimListener to interface org.matsim.contrib.drt.optimizer.insertion.selective.SelectiveInsertionSearch
2026-08-25T03:42:25,487  INFO MobsimListenerManager:54   assigned class org.matsim.core.mobsim.framework.listeners.MobsimListener to interface org.matsim.core.mobsim.framework.listeners.MobsimBeforeCleanupListener
2026-08-25T03:42:25,487  INFO MobsimListenerManager:54   assigned class org.matsim.core.mobsim.framework.listeners.MobsimListener to interface org.matsim.core.mobsim.framework.listeners.MobsimListener
2026-08-25T03:42:25,487  INFO QSimProvider:155 Added MobsimListener class org.matsim.contrib.drt.optimizer.insertion.selective.SelectiveInsertionSearch
2026-08-25T03:42:25,487  INFO MobsimListenerManager:50 calling addQueueSimulationListener
2026-08-25T03:42:25,487  INFO MobsimListenerManager:54   assigned class org.matsim.core.mobsim.framework.listeners.MobsimListener to interface org.matsim.contrib.drt.optimizer.insertion.selective.SingleInsertionDetourPathCalculator
2026-08-25T03:42:25,487  INFO MobsimListenerManager:54   assigned class org.matsim.core.mobsim.framework.listeners.MobsimListener to interface org.matsim.core.mobsim.framework.listeners.MobsimBeforeCleanupListener
2026-08-25T03:42:25,487  INFO MobsimListenerManager:54   assigned class org.matsim.core.mobsim.framework.listeners.MobsimListener to interface org.matsim.core.mobsim.framework.listeners.MobsimListener
2026-08-25T03:42:25,487  INFO QSimProvider:155 Added MobsimListener class org.matsim.contrib.drt.optimizer.insertion.selective.SingleInsertionDetourPathCalculator
2026-08-25T03:42:25,487  INFO QSimProvider:149 Added AgentSource class org.matsim.contrib.dvrp.vrpagent.VrpAgentSource
2026-08-25T03:42:25,487  INFO QSimProvider:131 Added MobsimEngine class org.matsim.contrib.dvrp.passenger.DefaultPassengerEngine
2026-08-25T03:42:25,487  INFO QSimProvider:143 Added DepartureHandler class org.matsim.contrib.dvrp.passenger.DefaultPassengerEngine
2026-08-25T03:42:25,487  INFO MobsimListenerManager:50 calling addQueueSimulationListener
2026-08-25T03:42:25,487  INFO MobsimListenerManager:54   assigned class org.matsim.core.mobsim.framework.listeners.MobsimListener to interface org.matsim.contrib.drt.optimizer.DrtOptimizer
2026-08-25T03:42:25,487  INFO MobsimListenerManager:54   assigned class org.matsim.core.mobsim.framework.listeners.MobsimListener to interface org.matsim.core.mobsim.framework.listeners.MobsimBeforeSimStepListener
2026-08-25T03:42:25,487  INFO MobsimListenerManager:54   assigned class org.matsim.core.mobsim.framework.listeners.MobsimListener to interface org.matsim.contrib.drt.optimizer.DefaultDrtOptimizer
2026-08-25T03:42:25,487  INFO MobsimListenerManager:54   assigned class org.matsim.core.mobsim.framework.listeners.MobsimListener to interface org.matsim.core.mobsim.framework.listeners.MobsimListener
2026-08-25T03:42:25,487  INFO QSimProvider:155 Added MobsimListener class org.matsim.contrib.drt.optimizer.DefaultDrtOptimizer
2026-08-25T03:42:25,487  INFO MobsimListenerManager:50 calling addQueueSimulationListener
2026-08-25T03:42:25,487  INFO MobsimListenerManager:54   assigned class org.matsim.core.mobsim.framework.listeners.MobsimListener to interface org.matsim.contrib.drt.optimizer.QSimScopeForkJoinPoolHolder
2026-08-25T03:42:25,487  INFO MobsimListenerManager:54   assigned class org.matsim.core.mobsim.framework.listeners.MobsimListener to interface org.matsim.core.mobsim.framework.listeners.MobsimBeforeCleanupListener
2026-08-25T03:42:25,488  INFO MobsimListenerManager:54   assigned class org.matsim.core.mobsim.framework.listeners.MobsimListener to interface org.matsim.core.mobsim.framework.listeners.MobsimListener
2026-08-25T03:42:25,488  INFO QSimProvider:155 Added MobsimListener class org.matsim.contrib.drt.optimizer.QSimScopeForkJoinPoolHolder
2026-08-25T03:42:25,488  INFO MobsimListenerManager:50 calling addQueueSimulationListener
2026-08-25T03:42:25,488  INFO MobsimListenerManager:54   assigned class org.matsim.core.mobsim.framework.listeners.MobsimListener to interface org.matsim.contrib.drt.optimizer.insertion.selective.SelectiveInsertionSearch
2026-08-25T03:42:25,488  INFO MobsimListenerManager:54   assigned class org.matsim.core.mobsim.framework.listeners.MobsimListener to interface org.matsim.core.mobsim.framework.listeners.MobsimBeforeCleanupListener
2026-08-25T03:42:25,488  INFO MobsimListenerManager:54   assigned class org.matsim.core.mobsim.framework.listeners.MobsimListener to interface org.matsim.core.mobsim.framework.listeners.MobsimListener
2026-08-25T03:42:25,488  INFO QSimProvider:155 Added MobsimListener class org.matsim.contrib.drt.optimizer.insertion.selective.SelectiveInsertionSearch
2026-08-25T03:42:25,488  INFO MobsimListenerManager:50 calling addQueueSimulationListener
2026-08-25T03:42:25,488  INFO MobsimListenerManager:54   assigned class org.matsim.core.mobsim.framework.listeners.MobsimListener to interface org.matsim.contrib.drt.optimizer.insertion.selective.SingleInsertionDetourPathCalculator
2026-08-25T03:42:25,488  INFO MobsimListenerManager:54   assigned class org.matsim.core.mobsim.framework.listeners.MobsimListener to interface org.matsim.core.mobsim.framework.listeners.MobsimBeforeCleanupListener
2026-08-25T03:42:25,488  INFO MobsimListenerManager:54   assigned class org.matsim.core.mobsim.framework.listeners.MobsimListener to interface org.matsim.core.mobsim.framework.listeners.MobsimListener
2026-08-25T03:42:25,488  INFO QSimProvider:155 Added MobsimListener class org.matsim.contrib.drt.optimizer.insertion.selective.SingleInsertionDetourPathCalculator
2026-08-25T03:42:25,488  INFO QSimProvider:149 Added AgentSource class org.matsim.contrib.dvrp.vrpagent.VrpAgentSource
2026-08-25T03:42:25,488  INFO QSimProvider:131 Added MobsimEngine class org.matsim.contrib.dvrp.passenger.DefaultPassengerEngine
2026-08-25T03:42:25,488  INFO QSimProvider:143 Added DepartureHandler class org.matsim.contrib.dvrp.passenger.DefaultPassengerEngine
2026-08-25T03:42:25,489  INFO MobsimListenerManager:50 calling addQueueSimulationListener
2026-08-25T03:42:25,489  INFO MobsimListenerManager:54   assigned class org.matsim.core.mobsim.framework.listeners.MobsimListener to interface org.matsim.contrib.drt.optimizer.DrtOptimizer
2026-08-25T03:42:25,489  INFO MobsimListenerManager:54   assigned class org.matsim.core.mobsim.framework.listeners.MobsimListener to interface org.matsim.core.mobsim.framework.listeners.MobsimBeforeSimStepListener
2026-08-25T03:42:25,489  INFO MobsimListenerManager:54   assigned class org.matsim.core.mobsim.framework.listeners.MobsimListener to interface org.matsim.contrib.drt.optimizer.DefaultDrtOptimizer
2026-08-25T03:42:25,489  INFO MobsimListenerManager:54   assigned class org.matsim.core.mobsim.framework.listeners.MobsimListener to interface org.matsim.core.mobsim.framework.listeners.MobsimListener
2026-08-25T03:42:25,489  INFO QSimProvider:155 Added MobsimListener class org.matsim.contrib.drt.optimizer.DefaultDrtOptimizer
2026-08-25T03:42:25,489  INFO MobsimListenerManager:50 calling addQueueSimulationListener
2026-08-25T03:42:25,489  INFO MobsimListenerManager:54   assigned class org.matsim.core.mobsim.framework.listeners.MobsimListener to interface org.matsim.contrib.drt.optimizer.QSimScopeForkJoinPoolHolder
2026-08-25T03:42:25,489  INFO MobsimListenerManager:54   assigned class org.matsim.core.mobsim.framework.listeners.MobsimListener to interface org.matsim.core.mobsim.framework.listeners.MobsimBeforeCleanupListener
2026-08-25T03:42:25,489  INFO MobsimListenerManager:54   assigned class org.matsim.core.mobsim.framework.listeners.MobsimListener to interface org.matsim.core.mobsim.framework.listeners.MobsimListener
2026-08-25T03:42:25,489  INFO QSimProvider:155 Added MobsimListener class org.matsim.contrib.drt.optimizer.QSimScopeForkJoinPoolHolder
2026-08-25T03:42:25,489  INFO MobsimListenerManager:50 calling addQueueSimulationListener
2026-08-25T03:42:25,489  INFO MobsimListenerManager:54   assigned class org.matsim.core.mobsim.framework.listeners.MobsimListener to interface org.matsim.contrib.drt.optimizer.insertion.selective.SelectiveInsertionSearch
2026-08-25T03:42:25,489  INFO MobsimListenerManager:54   assigned class org.matsim.core.mobsim.framework.listeners.MobsimListener to interface org.matsim.core.mobsim.framework.listeners.MobsimBeforeCleanupListener
2026-08-25T03:42:25,489  INFO MobsimListenerManager:54   assigned class org.matsim.core.mobsim.framework.listeners.MobsimListener to interface org.matsim.core.mobsim.framework.listeners.MobsimListener
2026-08-25T03:42:25,489  INFO QSimProvider:155 Added MobsimListener class org.matsim.contrib.drt.optimizer.insertion.selective.SelectiveInsertionSearch
2026-08-25T03:42:25,499  INFO PopulationUtils:1292 adding scenario element for allpersons container
2026-08-25T03:42:25,499  INFO PopulationImpl:111  person # 1
2026-08-25T03:42:25,500 ERROR BasicPlanAgentImpl:187 last activity of person driver agent id SH0000162-M01 has end time < infty; setting it to infty
2026-08-25T03:42:25,500 ERROR BasicPlanAgentImpl:188  This message given only once.
2026-08-25T03:42:25,500  INFO PopulationImpl:111  person # 4
2026-08-25T03:42:25,500  INFO PopulationImpl:111  person # 16
2026-08-25T03:42:25,501  INFO PopulationImpl:111  person # 64
2026-08-25T03:42:25,504  INFO PopulationImpl:111  person # 256
2026-08-25T03:42:25,508  INFO PopulationImpl:111  person # 1024
2026-08-25T03:42:25,513  INFO VehicleUtils:431 adding scenario element for allvehicles container
2026-08-25T03:42:25,514  INFO Counter:70 [VehiclesImpl] added vehicle # 1
2026-08-25T03:42:25,514  INFO Counter:70 [VehiclesImpl] added vehicle # 2
2026-08-25T03:42:25,514  INFO Counter:70 [VehiclesImpl] added vehicle # 4
2026-08-25T03:42:25,514  INFO Counter:70 [VehiclesImpl] added vehicle # 8
2026-08-25T03:42:25,515  INFO Counter:70 [VehiclesImpl] added vehicle # 16
2026-08-25T03:42:25,516  INFO Counter:70 [VehiclesImpl] added vehicle # 32
2026-08-25T03:42:25,518  INFO Counter:70 [VehiclesImpl] added vehicle # 64
2026-08-25T03:42:25,527  INFO ReconstructingUmlaufBuilder:131 Generating UmlaufStuecke ...
...................................2026-08-25T03:42:25,530  INFO ReconstructingUmlaufBuilder:144 ... done generating UmlaufStuecke
...................................2026-08-25T03:42:25,542  INFO Counter:70 [VehiclesImpl] added vehicle # 128
2026-08-25T03:42:25,546  INFO Counter:70 [VehiclesImpl] added vehicle # 256
2026-08-25T03:42:25,551  INFO Counter:70 [VehiclesImpl] added vehicle # 512
2026-08-25T03:42:25,555  INFO Counter:70 [VehiclesImpl] added vehicle # 1024
2026-08-25T03:42:25,561  INFO Counter:70 [VehiclesImpl] added vehicle # 2048
2026-08-25T03:42:25,590  INFO AbstractQNetsimEngine:418 Assigned 7727 nodes and 19773 links to QSimEngineRunner #0
2026-08-25T03:42:25,590  WARN PreplanningEngine:119 running onPrepareSim
2026-08-25T03:42:25,607  INFO EventsManagerImpl:116  event # 1
2026-08-25T03:42:25,610  INFO EventsManagerImpl:116  event # 4
2026-08-25T03:42:25,610  INFO EventsManagerImpl:116  event # 16
2026-08-25T03:42:25,613  INFO AbstractQNetsimEngine:356 SIMULATION (QNetsimEngine) AT 00:00:00 : #links=0 #nodes=8
2026-08-25T03:42:25,616  INFO QSim:552 SIMULATION (NEW QSim) AT 00:00:00 : #Veh=6041 lost=0 simT=0.0s realT=8s; (s/r): 0.0
2026-08-25T03:42:25,617  INFO EventsManagerImpl:116  event # 64
2026-08-25T03:42:25,660  INFO EventsManagerImpl:116  event # 256
2026-08-25T03:42:25,745  INFO EventsManagerImpl:116  event # 1024
2026-08-25T03:42:25,963  INFO EventsManagerImpl:116  event # 4096
2026-08-25T03:42:26,046  INFO AbstractQNetsimEngine:356 SIMULATION (QNetsimEngine) AT 01:00:00 : #links=7 #nodes=2
2026-08-25T03:42:26,046  INFO QSim:552 SIMULATION (NEW QSim) AT 01:00:00 : #Veh=6033 lost=0 simT=3600.0s realT=8s; (s/r): 450.0
2026-08-25T03:42:26,339  INFO AbstractQNetsimEngine:356 SIMULATION (QNetsimEngine) AT 02:00:00 : #links=5 #nodes=1
2026-08-25T03:42:26,339  INFO QSim:552 SIMULATION (NEW QSim) AT 02:00:00 : #Veh=6027 lost=0 simT=7200.0s realT=8s; (s/r): 900.0
2026-08-25T03:42:26,555  INFO AbstractQNetsimEngine:356 SIMULATION (QNetsimEngine) AT 03:00:00 : #links=3 #nodes=4
2026-08-25T03:42:26,556  INFO QSim:552 SIMULATION (NEW QSim) AT 03:00:00 : #Veh=6024 lost=0 simT=10800.0s realT=8s; (s/r): 1350.0
2026-08-25T03:42:26,758  INFO EventsManagerImpl:116  event # 16384
2026-08-25T03:42:27,040  INFO AbstractQNetsimEngine:356 SIMULATION (QNetsimEngine) AT 04:00:00 : #links=51 #nodes=25
2026-08-25T03:42:27,040  INFO QSim:552 SIMULATION (NEW QSim) AT 04:00:00 : #Veh=6016 lost=4 simT=14400.0s realT=9s; (s/r): 1600.0
2026-08-25T03:42:27,380  INFO EventsManagerImpl:116  event # 65536
2026-08-25T03:42:27,757  INFO AbstractQNetsimEngine:356 SIMULATION (QNetsimEngine) AT 05:00:00 : #links=80 #nodes=34
2026-08-25T03:42:27,762  INFO QSim:552 SIMULATION (NEW QSim) AT 05:00:00 : #Veh=5930 lost=21 simT=18000.0s realT=10s; (s/r): 1800.0
2026-08-25T03:42:28,677  INFO AbstractQNetsimEngine:356 SIMULATION (QNetsimEngine) AT 06:00:00 : #links=99 #nodes=39
2026-08-25T03:42:28,677  INFO QSim:552 SIMULATION (NEW QSim) AT 06:00:00 : #Veh=5805 lost=22 simT=21600.0s realT=11s; (s/r): 1963.6363636363637
2026-08-25T03:42:29,397  INFO EventsManagerImpl:116  event # 262144
2026-08-25T03:42:29,741  INFO AbstractQNetsimEngine:356 SIMULATION (QNetsimEngine) AT 07:00:00 : #links=158 #nodes=52
2026-08-25T03:42:29,742  INFO QSim:552 SIMULATION (NEW QSim) AT 07:00:00 : #Veh=5654 lost=36 simT=25200.0s realT=12s; (s/r): 2100.0
2026-08-25T03:42:31,444  INFO AbstractQNetsimEngine:356 SIMULATION (QNetsimEngine) AT 08:00:00 : #links=258 #nodes=63
2026-08-25T03:42:31,444  INFO QSim:552 SIMULATION (NEW QSim) AT 08:00:00 : #Veh=5340 lost=73 simT=28800.0s realT=13s; (s/r): 2215.3846153846152
2026-08-25T03:42:32,816  INFO AbstractQNetsimEngine:356 SIMULATION (QNetsimEngine) AT 09:00:00 : #links=218 #nodes=53
2026-08-25T03:42:32,816  INFO QSim:552 SIMULATION (NEW QSim) AT 09:00:00 : #Veh=4989 lost=83 simT=32400.0s realT=15s; (s/r): 2160.0
2026-08-25T03:42:34,648  INFO AbstractQNetsimEngine:356 SIMULATION (QNetsimEngine) AT 10:00:00 : #links=194 #nodes=50
2026-08-25T03:42:34,648  INFO QSim:552 SIMULATION (NEW QSim) AT 10:00:00 : #Veh=4597 lost=102 simT=36000.0s realT=17s; (s/r): 2117.6470588235293
2026-08-25T03:42:36,041  INFO EventsManagerImpl:116  event # 1048576
2026-08-25T03:42:36,216  INFO AbstractQNetsimEngine:356 SIMULATION (QNetsimEngine) AT 11:00:00 : #links=161 #nodes=52
2026-08-25T03:42:36,216  INFO QSim:552 SIMULATION (NEW QSim) AT 11:00:00 : #Veh=4191 lost=121 simT=39600.0s realT=18s; (s/r): 2200.0
2026-08-25T03:42:37,787  INFO AbstractQNetsimEngine:356 SIMULATION (QNetsimEngine) AT 12:00:00 : #links=166 #nodes=47
2026-08-25T03:42:37,787  INFO QSim:552 SIMULATION (NEW QSim) AT 12:00:00 : #Veh=3816 lost=133 simT=43200.0s realT=20s; (s/r): 2160.0
2026-08-25T03:42:39,245  INFO AbstractQNetsimEngine:356 SIMULATION (QNetsimEngine) AT 13:00:00 : #links=137 #nodes=48
2026-08-25T03:42:39,245  INFO QSim:552 SIMULATION (NEW QSim) AT 13:00:00 : #Veh=3465 lost=140 simT=46800.0s realT=21s; (s/r): 2228.5714285714284
2026-08-25T03:42:40,392  INFO AbstractQNetsimEngine:356 SIMULATION (QNetsimEngine) AT 14:00:00 : #links=154 #nodes=53
2026-08-25T03:42:40,392  INFO QSim:552 SIMULATION (NEW QSim) AT 14:00:00 : #Veh=3220 lost=144 simT=50400.0s realT=22s; (s/r): 2290.909090909091
2026-08-25T03:42:41,348  INFO AbstractQNetsimEngine:356 SIMULATION (QNetsimEngine) AT 15:00:00 : #links=132 #nodes=41
2026-08-25T03:42:41,349  INFO QSim:552 SIMULATION (NEW QSim) AT 15:00:00 : #Veh=2919 lost=147 simT=54000.0s realT=23s; (s/r): 2347.8260869565215
2026-08-25T03:42:42,406  INFO AbstractQNetsimEngine:356 SIMULATION (QNetsimEngine) AT 16:00:00 : #links=134 #nodes=48
2026-08-25T03:42:42,407  INFO QSim:552 SIMULATION (NEW QSim) AT 16:00:00 : #Veh=2586 lost=155 simT=57600.0s realT=24s; (s/r): 2400.0
2026-08-25T03:42:43,617  INFO AbstractQNetsimEngine:356 SIMULATION (QNetsimEngine) AT 17:00:00 : #links=224 #nodes=59
2026-08-25T03:42:43,617  INFO QSim:552 SIMULATION (NEW QSim) AT 17:00:00 : #Veh=2083 lost=164 simT=61200.0s realT=26s; (s/r): 2353.846153846154
2026-08-25T03:42:45,055  INFO AbstractQNetsimEngine:356 SIMULATION (QNetsimEngine) AT 18:00:00 : #links=201 #nodes=69
2026-08-25T03:42:45,055  INFO QSim:552 SIMULATION (NEW QSim) AT 18:00:00 : #Veh=1372 lost=170 simT=64800.0s realT=27s; (s/r): 2400.0
2026-08-25T03:42:46,228  INFO AbstractQNetsimEngine:356 SIMULATION (QNetsimEngine) AT 19:00:00 : #links=159 #nodes=45
2026-08-25T03:42:46,228  INFO QSim:552 SIMULATION (NEW QSim) AT 19:00:00 : #Veh=887 lost=175 simT=68400.0s realT=28s; (s/r): 2442.8571428571427
2026-08-25T03:42:47,097  INFO AbstractQNetsimEngine:356 SIMULATION (QNetsimEngine) AT 20:00:00 : #links=95 #nodes=29
2026-08-25T03:42:47,097  INFO QSim:552 SIMULATION (NEW QSim) AT 20:00:00 : #Veh=545 lost=178 simT=72000.0s realT=29s; (s/r): 2482.7586206896553
2026-08-25T03:42:47,652  INFO AbstractQNetsimEngine:356 SIMULATION (QNetsimEngine) AT 21:00:00 : #links=63 #nodes=21
2026-08-25T03:42:47,652  INFO QSim:552 SIMULATION (NEW QSim) AT 21:00:00 : #Veh=368 lost=178 simT=75600.0s realT=30s; (s/r): 2520.0
2026-08-25T03:42:48,024  INFO AbstractQNetsimEngine:356 SIMULATION (QNetsimEngine) AT 22:00:00 : #links=13 #nodes=12
2026-08-25T03:42:48,025  INFO QSim:552 SIMULATION (NEW QSim) AT 22:00:00 : #Veh=198 lost=179 simT=79200.0s realT=30s; (s/r): 2640.0
2026-08-25T03:42:48,344  INFO AbstractQNetsimEngine:356 SIMULATION (QNetsimEngine) AT 23:00:00 : #links=47 #nodes=18
2026-08-25T03:42:48,344  INFO QSim:552 SIMULATION (NEW QSim) AT 23:00:00 : #Veh=144 lost=183 simT=82800.0s realT=30s; (s/r): 2760.0
2026-08-25T03:42:48,647  INFO AbstractQNetsimEngine:356 SIMULATION (QNetsimEngine) AT 24:00:00 : #links=10 #nodes=2
2026-08-25T03:42:48,647  INFO QSim:552 SIMULATION (NEW QSim) AT 24:00:00 : #Veh=60 lost=183 simT=86400.0s realT=31s; (s/r): 2787.0967741935483
2026-08-25T03:42:48,773  INFO AbstractController$9:237 ### ITERATION 0 fires after mobsim event
2026-08-25T03:42:48,773  INFO Gbl:196 Thread performance: Thread=class org.matsim.core.events.SimStepParallelEventsManagerImpl$ProcessEventsRunnable0  cpu-time=15.890625sec
2026-08-25T03:42:48,775  INFO ControlerListenerManagerImpl:269 calling notifyAfterMobsim on org.matsim.analysis.LegTimesControlerListener with priority 0.0
2026-08-25T03:42:48,779  INFO LegTimesControlerListener:73 [0] average leg duration is: 987 seconds = 00:16:27
2026-08-25T03:42:48,779  INFO ControlerListenerManagerImpl:269 calling notifyAfterMobsim on org.matsim.core.events.MobsimScopeEventHandling with priority 0.0
2026-08-25T03:42:48,780  INFO EventsManagerImpl:164 removing Event-Handler: org.matsim.contrib.dvrp.passenger.DefaultPassengerEngine
2026-08-25T03:42:48,780  INFO EventsManagerImpl:164 removing Event-Handler: org.matsim.contrib.dvrp.passenger.DefaultPassengerEngine
2026-08-25T03:42:48,780  INFO EventsManagerImpl:164 removing Event-Handler: org.matsim.contrib.dvrp.passenger.DefaultPassengerEngine
2026-08-25T03:42:48,780  INFO EventsManagerImpl:164 removing Event-Handler: org.matsim.contrib.dvrp.passenger.DefaultPassengerEngine
2026-08-25T03:42:48,780  INFO EventsManagerImpl:164 removing Event-Handler: org.matsim.contrib.dvrp.passenger.DefaultPassengerEngine
2026-08-25T03:42:48,780  INFO EventsManagerImpl:164 removing Event-Handler: org.matsim.contrib.dvrp.passenger.DefaultPassengerEngine
2026-08-25T03:42:48,780  INFO EventsManagerImpl:164 removing Event-Handler: org.matsim.contrib.dvrp.passenger.DefaultPassengerEngine
2026-08-25T03:42:48,780  INFO EventsManagerImpl:164 removing Event-Handler: org.matsim.contrib.dvrp.passenger.DefaultPassengerEngine
2026-08-25T03:42:48,780  INFO EventsManagerImpl:164 removing Event-Handler: org.matsim.contrib.dvrp.passenger.DefaultPassengerEngine
2026-08-25T03:42:48,780  INFO EventsManagerImpl:164 removing Event-Handler: org.matsim.contrib.dvrp.passenger.DefaultPassengerEngine
2026-08-25T03:42:48,780  INFO EventsManagerImpl:164 removing Event-Handler: org.matsim.contrib.dvrp.passenger.DefaultPassengerEngine
2026-08-25T03:42:48,780  INFO EventsManagerImpl:164 removing Event-Handler: org.matsim.contrib.dvrp.passenger.DefaultPassengerEngine
2026-08-25T03:42:48,780  INFO EventsManagerImpl:164 removing Event-Handler: org.matsim.contrib.dvrp.passenger.DefaultPassengerEngine
2026-08-25T03:42:48,780  INFO EventsManagerImpl:164 removing Event-Handler: org.matsim.contrib.dvrp.passenger.DefaultPassengerEngine
2026-08-25T03:42:48,781  INFO EventsManagerImpl:164 removing Event-Handler: org.matsim.contrib.dvrp.passenger.DefaultPassengerEngine
2026-08-25T03:42:48,781  INFO EventsManagerImpl:164 removing Event-Handler: org.matsim.contrib.dvrp.passenger.DefaultPassengerEngine
2026-08-25T03:42:48,781  INFO EventsManagerImpl:164 removing Event-Handler: org.matsim.contrib.dvrp.passenger.DefaultPassengerEngine
2026-08-25T03:42:48,781  INFO EventsManagerImpl:164 removing Event-Handler: org.matsim.contrib.dvrp.passenger.DefaultPassengerEngine
2026-08-25T03:42:48,781  INFO EventsManagerImpl:164 removing Event-Handler: org.matsim.contrib.dvrp.passenger.DefaultPassengerEngine
2026-08-25T03:42:48,781  INFO EventsManagerImpl:164 removing Event-Handler: org.matsim.contrib.dvrp.passenger.DefaultPassengerEngine
2026-08-25T03:42:48,781  INFO EventsManagerImpl:164 removing Event-Handler: org.matsim.contrib.dvrp.passenger.DefaultPassengerEngine
2026-08-25T03:42:48,781  INFO EventsManagerImpl:164 removing Event-Handler: org.matsim.contrib.dvrp.passenger.DefaultPassengerEngine
2026-08-25T03:42:48,781  INFO EventsManagerImpl:164 removing Event-Handler: org.matsim.contrib.dvrp.passenger.DefaultPassengerEngine
2026-08-25T03:42:48,781  INFO EventsManagerImpl:164 removing Event-Handler: org.matsim.contrib.dvrp.passenger.DefaultPassengerEngine
2026-08-25T03:42:48,781  INFO EventsManagerImpl:164 removing Event-Handler: org.matsim.contrib.dvrp.passenger.DefaultPassengerEngine
2026-08-25T03:42:48,781  INFO EventsManagerImpl:164 removing Event-Handler: org.matsim.contrib.dvrp.passenger.DefaultPassengerEngine
2026-08-25T03:42:48,781  INFO EventsManagerImpl:164 removing Event-Handler: org.matsim.contrib.dvrp.passenger.DefaultPassengerEngine
2026-08-25T03:42:48,781  INFO EventsManagerImpl:164 removing Event-Handler: org.matsim.contrib.dvrp.passenger.DefaultPassengerEngine
2026-08-25T03:42:48,782  INFO EventsManagerImpl:164 removing Event-Handler: org.matsim.contrib.dvrp.passenger.DefaultPassengerEngine
2026-08-25T03:42:48,782  INFO EventsManagerImpl:164 removing Event-Handler: org.matsim.contrib.dvrp.passenger.DefaultPassengerEngine
2026-08-25T03:42:48,782  INFO EventsManagerImpl:164 removing Event-Handler: org.matsim.contrib.dvrp.passenger.DefaultPassengerEngine
2026-08-25T03:42:48,782  INFO EventsManagerImpl:164 removing Event-Handler: org.matsim.contrib.dvrp.passenger.DefaultPassengerEngine
2026-08-25T03:42:48,782  INFO EventsManagerImpl:164 removing Event-Handler: org.matsim.contrib.dvrp.passenger.DefaultPassengerEngine
2026-08-25T03:42:48,782  INFO EventsManagerImpl:164 removing Event-Handler: org.matsim.contrib.dvrp.passenger.DefaultPassengerEngine
2026-08-25T03:42:48,782  INFO EventsManagerImpl:164 removing Event-Handler: org.matsim.contrib.dvrp.passenger.DefaultPassengerEngine
2026-08-25T03:42:48,782  INFO EventsManagerImpl:164 removing Event-Handler: org.matsim.contrib.dvrp.passenger.DefaultPassengerEngine
2026-08-25T03:42:48,782  INFO EventsManagerImpl:164 removing Event-Handler: org.matsim.contrib.dvrp.passenger.DefaultPassengerEngine
2026-08-25T03:42:48,782  INFO EventsManagerImpl:164 removing Event-Handler: org.matsim.contrib.dvrp.passenger.DefaultPassengerEngine
2026-08-25T03:42:48,782  INFO EventsManagerImpl:164 removing Event-Handler: org.matsim.contrib.dvrp.passenger.DefaultPassengerEngine
2026-08-25T03:42:48,782  INFO EventsManagerImpl:164 removing Event-Handler: org.matsim.contrib.dvrp.passenger.DefaultPassengerEngine
2026-08-25T03:42:48,783  INFO ControlerListenerManagerImpl:269 calling notifyAfterMobsim on org.matsim.contrib.dvrp.trafficmonitoring.DvrpOfflineTravelTimeEstimator with priority 0.0
2026-08-25T03:42:48,997  INFO ControlerListenerManagerImpl:269 calling notifyAfterMobsim on org.matsim.core.scoring.EventsToActivities$1 with priority 0.0
2026-08-25T03:42:48,997  WARN CharyparNagelActivityScoring:271 The first and the last activity do not have the same type. 
2026-08-25T03:42:48,999  WARN CharyparNagelActivityScoring:272 Will score the first activity from midnight to its end, and the last activity from its start to midnight.
2026-08-25T03:42:48,999  WARN CharyparNagelActivityScoring:273 Because of the nonlinear function, this is not the same as scoring from start to end.
2026-08-25T03:42:49,000  WARN CharyparNagelActivityScoring:274 first activity: act [type=home][coord=[x=684148.667002085 | y=1082298.8388189948]][linkId=15976][startTime=undefined][endTime=07:37:46][duration=undefined][facilityId=null]
2026-08-25T03:42:49,000  WARN CharyparNagelActivityScoring:275 last activity: act [type=workshop][coord=[x=690208.4000780298 | y=1083793.382605972]][linkId=4014][startTime=09:40:42][endTime=undefined][duration=undefined][facilityId=null]
2026-08-25T03:42:49,000  WARN CharyparNagelActivityScoring:276 This may also happen when plans are not completed when the simulation ends.
2026-08-25T03:42:49,000  WARN CharyparNagelActivityScoring:278 Additional warnings of this type are suppressed.
2026-08-25T03:42:49,006  INFO ControlerListenerManagerImpl:272 [it.0] all ControlerAfterMobsimListeners called.
2026-08-25T03:42:49,007  INFO AbstractController$4:162 ### ITERATION 0 fires scoring event
2026-08-25T03:42:49,007  INFO ControlerListenerManagerImpl:197 calling notifyScoring on org.matsim.core.scoring.PlansScoringImpl with priority 0.0
2026-08-25T03:42:49,013  INFO NewScoreAssignerImpl:60 it: 0 msaStart: null
2026-08-25T03:42:49,016  INFO ControlerListenerManagerImpl:209 [it.0] all ControlerScoringListeners called.
2026-08-25T03:42:49,017  INFO AbstractController$5:170 ### ITERATION 0 fires iteration end event
2026-08-25T03:42:49,017  INFO ControlerListenerManagerImpl:172 calling notifyIterationEnds on org.matsim.core.controler.corelisteners.EventsHandlingImpl with priority 0.0
2026-08-25T03:42:49,019  INFO EventsManagerImpl:164 removing Event-Handler: org.matsim.core.events.algorithms.EventWriterXML
2026-08-25T03:42:49,019  INFO EventsManagerImpl:164 removing Event-Handler: org.matsim.core.events.algorithms.EventWriterXML
2026-08-25T03:42:49,019  INFO ControlerListenerManagerImpl:172 calling notifyIterationEnds on org.matsim.core.scoring.PlansScoringImpl with priority 0.0
2026-08-25T03:42:49,023  INFO ControlerListenerManagerImpl:180 calling notifyIterationEnds on org.matsim.counts.CountsControlerListener with priority 0.0
2026-08-25T03:42:49,023  INFO ControlerListenerManagerImpl:180 calling notifyIterationEnds on org.matsim.analysis.ModeChoiceCoverageControlerListener with priority 0.0
2026-08-25T03:42:49,053  INFO ModeChoiceCoverageControlerListener:144 -- mode choice coverage (1x) of mode bike = 0.006697362913352867
2026-08-25T03:42:49,053  INFO ModeChoiceCoverageControlerListener:144 -- mode choice coverage (1x) of mode car = 0.04625366262034324
2026-08-25T03:42:49,053  INFO ModeChoiceCoverageControlerListener:144 -- mode choice coverage (1x) of mode drt_astoda = 0.011929677689409795
2026-08-25T03:42:49,053  INFO ModeChoiceCoverageControlerListener:144 -- mode choice coverage (1x) of mode drt_bancao_bancao_toda = 0.022812892423608205
2026-08-25T03:42:49,053  INFO ModeChoiceCoverageControlerListener:144 -- mode choice coverage (1x) of mode drt_bmtoda = 0.011929677689409795
2026-08-25T03:42:49,053  INFO ModeChoiceCoverageControlerListener:144 -- mode choice coverage (1x) of mode drt_gvtv = 0.00648807032231059
2026-08-25T03:42:49,053  INFO ModeChoiceCoverageControlerListener:144 -- mode choice coverage (1x) of mode drt_istoda = 0.006906655504395145
2026-08-25T03:42:49,053  INFO ModeChoiceCoverageControlerListener:144 -- mode choice coverage (1x) of mode drt_istoda2 = 0.010464629552113856
2026-08-25T03:42:49,053  INFO ModeChoiceCoverageControlerListener:144 -- mode choice coverage (1x) of mode drt_jtoda = 0.00795311845960653
2026-08-25T03:42:49,053  INFO ModeChoiceCoverageControlerListener:144 -- mode choice coverage (1x) of mode drt_kabiptoda = 0.005650899958141482
2026-08-25T03:42:49,053  INFO ModeChoiceCoverageControlerListener:144 -- mode choice coverage (1x) of mode drt_litoda = 0.007115948095437421
2026-08-25T03:42:49,053  INFO ModeChoiceCoverageControlerListener:144 -- mode choice coverage (1x) of mode drt_nnps = 0.0058601925491837585
2026-08-25T03:42:49,053  INFO ModeChoiceCoverageControlerListener:144 -- mode choice coverage (1x) of mode drt_nobtoda = 0.00795311845960653
2026-08-25T03:42:49,054  INFO ModeChoiceCoverageControlerListener:144 -- mode choice coverage (1x) of mode drt_pastoda = 0.00858099623273336
2026-08-25T03:42:49,054  INFO ModeChoiceCoverageControlerListener:144 -- mode choice coverage (1x) of mode drt_rotonda = 0.006906655504395145
2026-08-25T03:42:49,054  INFO ModeChoiceCoverageControlerListener:144 -- mode choice coverage (1x) of mode drt_sjtoda = 0.036626203432398495
2026-08-25T03:42:49,054  INFO ModeChoiceCoverageControlerListener:144 -- mode choice coverage (1x) of mode drt_sl_toda = 0.004185851820845542
2026-08-25T03:42:49,054  INFO ModeChoiceCoverageControlerListener:144 -- mode choice coverage (1x) of mode drt_sm_city_toda = 0.04039347007115948
2026-08-25T03:42:49,054  INFO ModeChoiceCoverageControlerListener:144 -- mode choice coverage (1x) of mode drt_sm_toda = 0.020510673922143157
2026-08-25T03:42:49,054  INFO ModeChoiceCoverageControlerListener:144 -- mode choice coverage (1x) of mode drt_sptoda = 0.013394725826705735
2026-08-25T03:42:49,054  INFO ModeChoiceCoverageControlerListener:144 -- mode choice coverage (1x) of mode drt_todat = 0.0029300962745918793
2026-08-25T03:42:49,054  INFO ModeChoiceCoverageControlerListener:144 -- mode choice coverage (1x) of mode drt_westoda = 0.0301381331100879
2026-08-25T03:42:49,054  INFO ModeChoiceCoverageControlerListener:144 -- mode choice coverage (1x) of mode motorcycle = 0.31875261615738804
2026-08-25T03:42:49,054  INFO ModeChoiceCoverageControlerListener:144 -- mode choice coverage (1x) of mode pt = 0.1289242360820427
2026-08-25T03:42:49,054  INFO ModeChoiceCoverageControlerListener:144 -- mode choice coverage (1x) of mode walk = 0.23064043532858935
2026-08-25T03:42:49,054  INFO ModeChoiceCoverageControlerListener:144 -- mode choice coverage (5x) of mode bike = 0.0
2026-08-25T03:42:49,054  INFO ModeChoiceCoverageControlerListener:144 -- mode choice coverage (5x) of mode car = 0.0
2026-08-25T03:42:49,054  INFO ModeChoiceCoverageControlerListener:144 -- mode choice coverage (5x) of mode drt_astoda = 0.0
2026-08-25T03:42:49,054  INFO ModeChoiceCoverageControlerListener:144 -- mode choice coverage (5x) of mode drt_bancao_bancao_toda = 0.0
2026-08-25T03:42:49,054  INFO ModeChoiceCoverageControlerListener:144 -- mode choice coverage (5x) of mode drt_bmtoda = 0.0
2026-08-25T03:42:49,054  INFO ModeChoiceCoverageControlerListener:144 -- mode choice coverage (5x) of mode drt_gvtv = 0.0
2026-08-25T03:42:49,054  INFO ModeChoiceCoverageControlerListener:144 -- mode choice coverage (5x) of mode drt_istoda = 0.0
2026-08-25T03:42:49,054  INFO ModeChoiceCoverageControlerListener:144 -- mode choice coverage (5x) of mode drt_istoda2 = 0.0
2026-08-25T03:42:49,054  INFO ModeChoiceCoverageControlerListener:144 -- mode choice coverage (5x) of mode drt_jtoda = 0.0
2026-08-25T03:42:49,054  INFO ModeChoiceCoverageControlerListener:144 -- mode choice coverage (5x) of mode drt_kabiptoda = 0.0
2026-08-25T03:42:49,054  INFO ModeChoiceCoverageControlerListener:144 -- mode choice coverage (5x) of mode drt_litoda = 0.0
2026-08-25T03:42:49,054  INFO ModeChoiceCoverageControlerListener:144 -- mode choice coverage (5x) of mode drt_nnps = 0.0
2026-08-25T03:42:49,054  INFO ModeChoiceCoverageControlerListener:144 -- mode choice coverage (5x) of mode drt_nobtoda = 0.0
2026-08-25T03:42:49,055  INFO ModeChoiceCoverageControlerListener:144 -- mode choice coverage (5x) of mode drt_pastoda = 0.0
2026-08-25T03:42:49,055  INFO ModeChoiceCoverageControlerListener:144 -- mode choice coverage (5x) of mode drt_rotonda = 0.0
2026-08-25T03:42:49,055  INFO ModeChoiceCoverageControlerListener:144 -- mode choice coverage (5x) of mode drt_sjtoda = 0.0
2026-08-25T03:42:49,055  INFO ModeChoiceCoverageControlerListener:144 -- mode choice coverage (5x) of mode drt_sl_toda = 0.0
2026-08-25T03:42:49,055  INFO ModeChoiceCoverageControlerListener:144 -- mode choice coverage (5x) of mode drt_sm_city_toda = 0.0
2026-08-25T03:42:49,055  INFO ModeChoiceCoverageControlerListener:144 -- mode choice coverage (5x) of mode drt_sm_toda = 0.0
2026-08-25T03:42:49,055  INFO ModeChoiceCoverageControlerListener:144 -- mode choice coverage (5x) of mode drt_sptoda = 0.0
2026-08-25T03:42:49,055  INFO ModeChoiceCoverageControlerListener:144 -- mode choice coverage (5x) of mode drt_todat = 0.0
2026-08-25T03:42:49,055  INFO ModeChoiceCoverageControlerListener:144 -- mode choice coverage (5x) of mode drt_westoda = 0.0
2026-08-25T03:42:49,055  INFO ModeChoiceCoverageControlerListener:144 -- mode choice coverage (5x) of mode motorcycle = 0.0
2026-08-25T03:42:49,055  INFO ModeChoiceCoverageControlerListener:144 -- mode choice coverage (5x) of mode pt = 0.0
2026-08-25T03:42:49,055  INFO ModeChoiceCoverageControlerListener:144 -- mode choice coverage (5x) of mode walk = 0.0
2026-08-25T03:42:49,055  INFO ModeChoiceCoverageControlerListener:144 -- mode choice coverage (10x) of mode bike = 0.0
2026-08-25T03:42:49,055  INFO ModeChoiceCoverageControlerListener:144 -- mode choice coverage (10x) of mode car = 0.0
2026-08-25T03:42:49,055  INFO ModeChoiceCoverageControlerListener:144 -- mode choice coverage (10x) of mode drt_astoda = 0.0
2026-08-25T03:42:49,055  INFO ModeChoiceCoverageControlerListener:144 -- mode choice coverage (10x) of mode drt_bancao_bancao_toda = 0.0
2026-08-25T03:42:49,055  INFO ModeChoiceCoverageControlerListener:144 -- mode choice coverage (10x) of mode drt_bmtoda = 0.0
2026-08-25T03:42:49,055  INFO ModeChoiceCoverageControlerListener:144 -- mode choice coverage (10x) of mode drt_gvtv = 0.0
2026-08-25T03:42:49,055  INFO ModeChoiceCoverageControlerListener:144 -- mode choice coverage (10x) of mode drt_istoda = 0.0
2026-08-25T03:42:49,055  INFO ModeChoiceCoverageControlerListener:144 -- mode choice coverage (10x) of mode drt_istoda2 = 0.0
2026-08-25T03:42:49,055  INFO ModeChoiceCoverageControlerListener:144 -- mode choice coverage (10x) of mode drt_jtoda = 0.0
2026-08-25T03:42:49,055  INFO ModeChoiceCoverageControlerListener:144 -- mode choice coverage (10x) of mode drt_kabiptoda = 0.0
2026-08-25T03:42:49,055  INFO ModeChoiceCoverageControlerListener:144 -- mode choice coverage (10x) of mode drt_litoda = 0.0
2026-08-25T03:42:49,055  INFO ModeChoiceCoverageControlerListener:144 -- mode choice coverage (10x) of mode drt_nnps = 0.0
2026-08-25T03:42:49,055  INFO ModeChoiceCoverageControlerListener:144 -- mode choice coverage (10x) of mode drt_nobtoda = 0.0
2026-08-25T03:42:49,056  INFO ModeChoiceCoverageControlerListener:144 -- mode choice coverage (10x) of mode drt_pastoda = 0.0
2026-08-25T03:42:49,056  INFO ModeChoiceCoverageControlerListener:144 -- mode choice coverage (10x) of mode drt_rotonda = 0.0
2026-08-25T03:42:49,056  INFO ModeChoiceCoverageControlerListener:144 -- mode choice coverage (10x) of mode drt_sjtoda = 0.0
2026-08-25T03:42:49,056  INFO ModeChoiceCoverageControlerListener:144 -- mode choice coverage (10x) of mode drt_sl_toda = 0.0
2026-08-25T03:42:49,056  INFO ModeChoiceCoverageControlerListener:144 -- mode choice coverage (10x) of mode drt_sm_city_toda = 0.0
2026-08-25T03:42:49,056  INFO ModeChoiceCoverageControlerListener:144 -- mode choice coverage (10x) of mode drt_sm_toda = 0.0
2026-08-25T03:42:49,056  INFO ModeChoiceCoverageControlerListener:144 -- mode choice coverage (10x) of mode drt_sptoda = 0.0
2026-08-25T03:42:49,056  INFO ModeChoiceCoverageControlerListener:144 -- mode choice coverage (10x) of mode drt_todat = 0.0
2026-08-25T03:42:49,056  INFO ModeChoiceCoverageControlerListener:144 -- mode choice coverage (10x) of mode drt_westoda = 0.0
2026-08-25T03:42:49,056  INFO ModeChoiceCoverageControlerListener:144 -- mode choice coverage (10x) of mode motorcycle = 0.0
2026-08-25T03:42:49,056  INFO ModeChoiceCoverageControlerListener:144 -- mode choice coverage (10x) of mode pt = 0.0
2026-08-25T03:42:49,056  INFO ModeChoiceCoverageControlerListener:144 -- mode choice coverage (10x) of mode walk = 0.0
2026-08-25T03:42:49,062  INFO ControlerListenerManagerImpl:180 calling notifyIterationEnds on org.matsim.analysis.ModeStatsControlerListener with priority 0.0
2026-08-25T03:42:49,069  INFO ModeStatsControlerListener:133 Mode shares over all 4778.0 trips found. MainModeIdentifier: class org.matsim.core.router.DefaultAnalysisMainModeIdentifier
2026-08-25T03:42:49,069  INFO ModeStatsControlerListener:140 -- mode share of mode bike = 0.006697362913352867
2026-08-25T03:42:49,070  INFO ModeStatsControlerListener:140 -- mode share of mode car = 0.04625366262034324
2026-08-25T03:42:49,070  INFO ModeStatsControlerListener:140 -- mode share of mode drt_astoda = 0.011929677689409795
2026-08-25T03:42:49,070  INFO ModeStatsControlerListener:140 -- mode share of mode drt_bancao_bancao_toda = 0.022812892423608205
2026-08-25T03:42:49,070  INFO ModeStatsControlerListener:140 -- mode share of mode drt_bmtoda = 0.011929677689409795
2026-08-25T03:42:49,070  INFO ModeStatsControlerListener:140 -- mode share of mode drt_gvtv = 0.00648807032231059
2026-08-25T03:42:49,070  INFO ModeStatsControlerListener:140 -- mode share of mode drt_istoda = 0.006906655504395145
2026-08-25T03:42:49,070  INFO ModeStatsControlerListener:140 -- mode share of mode drt_istoda2 = 0.010464629552113856
2026-08-25T03:42:49,070  INFO ModeStatsControlerListener:140 -- mode share of mode drt_jtoda = 0.00795311845960653
2026-08-25T03:42:49,070  INFO ModeStatsControlerListener:140 -- mode share of mode drt_kabiptoda = 0.005650899958141482
2026-08-25T03:42:49,070  INFO ModeStatsControlerListener:140 -- mode share of mode drt_litoda = 0.007115948095437421
2026-08-25T03:42:49,070  INFO ModeStatsControlerListener:140 -- mode share of mode drt_nnps = 0.0058601925491837585
2026-08-25T03:42:49,070  INFO ModeStatsControlerListener:140 -- mode share of mode drt_nobtoda = 0.00795311845960653
2026-08-25T03:42:49,070  INFO ModeStatsControlerListener:140 -- mode share of mode drt_pastoda = 0.00858099623273336
2026-08-25T03:42:49,070  INFO ModeStatsControlerListener:140 -- mode share of mode drt_rotonda = 0.006906655504395145
2026-08-25T03:42:49,070  INFO ModeStatsControlerListener:140 -- mode share of mode drt_sjtoda = 0.036626203432398495
2026-08-25T03:42:49,070  INFO ModeStatsControlerListener:140 -- mode share of mode drt_sl_toda = 0.004185851820845542
2026-08-25T03:42:49,070  INFO ModeStatsControlerListener:140 -- mode share of mode drt_sm_city_toda = 0.04039347007115948
2026-08-25T03:42:49,070  INFO ModeStatsControlerListener:140 -- mode share of mode drt_sm_toda = 0.020510673922143157
2026-08-25T03:42:49,070  INFO ModeStatsControlerListener:140 -- mode share of mode drt_sptoda = 0.013394725826705735
2026-08-25T03:42:49,070  INFO ModeStatsControlerListener:140 -- mode share of mode drt_todat = 0.0029300962745918793
2026-08-25T03:42:49,070  INFO ModeStatsControlerListener:140 -- mode share of mode drt_westoda = 0.0301381331100879
2026-08-25T03:42:49,070  INFO ModeStatsControlerListener:140 -- mode share of mode motorcycle = 0.31875261615738804
2026-08-25T03:42:49,070  INFO ModeStatsControlerListener:140 -- mode share of mode pt = 0.1289242360820427
2026-08-25T03:42:49,071  INFO ModeStatsControlerListener:140 -- mode share of mode walk = 0.23064043532858935
2026-08-25T03:42:49,074  INFO ControlerListenerManagerImpl:180 calling notifyIterationEnds on org.matsim.analysis.ScoreStatsControlerListener with priority 0.0
2026-08-25T03:42:49,077  INFO ScoreStatsControlerListener:154 -- avg. score of the executed plan of each agent: -30.39890701228195
2026-08-25T03:42:49,077  INFO ScoreStatsControlerListener:155 -- avg. score of the worst plan of each agent: -30.39890701228195
2026-08-25T03:42:49,077  INFO ScoreStatsControlerListener:156 -- avg. of the avg. plan score per agent: -30.39890701228195
2026-08-25T03:42:49,078  INFO ScoreStatsControlerListener:157 -- avg. score of the best plan of each agent: -30.39890701228195
2026-08-25T03:42:49,080  INFO ControlerListenerManagerImpl:180 calling notifyIterationEnds on org.matsim.analysis.IterationTravelStatsControlerListener with priority 0.0
2026-08-25T03:42:49,106  INFO TravelDistanceStats:115 -- average leg distance per plan (executed plans only): 4854.730377837822 meters
2026-08-25T03:42:49,107  INFO TravelDistanceStats:116 average leg distance per Person (executed plans only): 13325.190518830605 meters (statistic on all 8421 legs which have a finite distance)
2026-08-25T03:42:49,107  INFO TravelDistanceStats:117 -- average trip distance per plan (executed plans only): 9111.364470454511 meters
2026-08-25T03:42:49,107  INFO TravelDistanceStats:118 average trip distance per Person (executed plans only): 13102.783586585823 meters (statistic on all 4412 trips which have a finite distance)
2026-08-25T03:42:49,107  INFO TravelDistanceStats:119 (TravelDistanceStats takes an average over all legs where the simulation reports travelled (network) distances
2026-08-25T03:42:49,107  INFO TravelDistanceStats:120 (and teleported legs whose route contains a distance.)
2026-08-25T03:42:49,434  INFO ActivityWriter:39 Writing all Activities to activitiescsv
2026-08-25T03:42:49,534  INFO ActivityWriter:59 ...done
2026-08-25T03:42:49,534  INFO ControlerListenerManagerImpl:180 calling notifyIterationEnds on org.matsim.analysis.LegTimesControlerListener with priority 0.0
2026-08-25T03:42:49,534  INFO EventsManagerImpl:164 removing Event-Handler: org.matsim.analysis.CalcLegTimes
2026-08-25T03:42:49,534  INFO EventsManagerImpl:164 removing Event-Handler: org.matsim.analysis.CalcLegTimes
2026-08-25T03:42:49,534  INFO ControlerListenerManagerImpl:180 calling notifyIterationEnds on org.matsim.analysis.LegHistogramListener with priority 0.0
2026-08-25T03:42:49,551  INFO LegHistogramListener:78 number of legs:	17304	100%
2026-08-25T03:42:49,554  INFO LegHistogramListener:85 number of bike legs:	64	0.36985668053629217%
2026-08-25T03:42:49,554  INFO LegHistogramListener:85 number of car legs:	442	2.554322699953768%
2026-08-25T03:42:49,554  INFO LegHistogramListener:85 number of drt_astoda legs:	104	0.6010171058714748%
2026-08-25T03:42:49,554  INFO LegHistogramListener:85 number of drt_bancao_bancao_toda legs:	182	1.051779935275081%
2026-08-25T03:42:49,554  INFO LegHistogramListener:85 number of drt_bmtoda legs:	108	0.624133148404993%
2026-08-25T03:42:49,555  INFO LegHistogramListener:85 number of drt_gvtv legs:	62	0.3582986592695331%
2026-08-25T03:42:49,555  INFO LegHistogramListener:85 number of drt_istoda legs:	66	0.3814147018030513%
2026-08-25T03:42:49,555  INFO LegHistogramListener:85 number of drt_istoda2 legs:	98	0.5663430420711975%
2026-08-25T03:42:49,555  INFO LegHistogramListener:85 number of drt_jtoda legs:	74	0.42764678687008784%
2026-08-25T03:42:49,555  INFO LegHistogramListener:85 number of drt_kabiptoda legs:	52	0.3005085529357374%
2026-08-25T03:42:49,555  INFO LegHistogramListener:85 number of drt_litoda legs:	68	0.39297272306981046%
2026-08-25T03:42:49,555  INFO LegHistogramListener:85 number of drt_nnps legs:	52	0.3005085529357374%
2026-08-25T03:42:49,555  INFO LegHistogramListener:85 number of drt_nobtoda legs:	74	0.42764678687008784%
2026-08-25T03:42:49,555  INFO LegHistogramListener:85 number of drt_pastoda legs:	82	0.47387887193712436%
2026-08-25T03:42:49,555  INFO LegHistogramListener:85 number of drt_rotonda legs:	58	0.3351826167360148%
2026-08-25T03:42:49,555  INFO LegHistogramListener:85 number of drt_sjtoda legs:	300	1.7337031900138695%
2026-08-25T03:42:49,555  INFO LegHistogramListener:85 number of drt_sl_toda legs:	36	0.20804438280166435%
2026-08-25T03:42:49,555  INFO LegHistogramListener:85 number of drt_sm_city_toda legs:	368	2.12667591308368%
2026-08-25T03:42:49,555  INFO LegHistogramListener:85 number of drt_sm_toda legs:	174	1.0055478502080444%
2026-08-25T03:42:49,555  INFO LegHistogramListener:85 number of drt_sptoda legs:	114	0.6588072122052705%
2026-08-25T03:42:49,555  INFO LegHistogramListener:85 number of drt_todat legs:	28	0.16181229773462782%
2026-08-25T03:42:49,555  INFO LegHistogramListener:85 number of drt_westoda legs:	256	1.4794267221451687%
2026-08-25T03:42:49,555  INFO LegHistogramListener:85 number of motorcycle legs:	3046	17.602866389274155%
2026-08-25T03:42:49,555  INFO LegHistogramListener:85 number of pt legs:	1850	10.691169671752196%
2026-08-25T03:42:49,555  INFO LegHistogramListener:85 number of walk legs:	9546	55.166435506241335%
2026-08-25T03:42:51,986  INFO ControlerListenerManagerImpl:180 calling notifyIterationEnds on org.matsim.analysis.LinkStatsControlerListener with priority 0.0
2026-08-25T03:42:51,987  INFO ControlerListenerManagerImpl:180 calling notifyIterationEnds on org.matsim.contrib.drt.analysis.zonal.DrtZonalWaitTimesAnalyzer with priority 0.0
2026-08-25T03:42:52,057  INFO ControlerListenerManagerImpl:180 calling notifyIterationEnds on org.matsim.contrib.drt.analysis.zonal.ZonalIdleVehicleXYVisualiser with priority 0.0
2026-08-25T03:42:52,070  INFO ControlerListenerManagerImpl:180 calling notifyIterationEnds on org.matsim.contrib.dvrp.analysis.CapacityLoadAnalysisHandler with priority 0.0
2026-08-25T03:42:52,070  INFO ControlerListenerManagerImpl:180 calling notifyIterationEnds on org.matsim.contrib.drt.sharingmetrics.SharingMetricsControlerListener with priority 0.0
2026-08-25T03:42:52,360  INFO ControlerListenerManagerImpl:180 calling notifyIterationEnds on org.matsim.contrib.drt.analysis.DrtAnalysisControlerListener with priority 0.0
2026-08-25T03:42:53,930  INFO ControlerListenerManagerImpl:180 calling notifyIterationEnds on org.matsim.contrib.common.timeprofile.ProfileWriter with priority 0.0
2026-08-25T03:42:54,280  INFO ControlerListenerManagerImpl:180 calling notifyIterationEnds on org.matsim.contrib.common.timeprofile.ProfileWriter with priority 0.0
2026-08-25T03:42:54,662  INFO ControlerListenerManagerImpl:180 calling notifyIterationEnds on org.matsim.contrib.drt.analysis.zonal.DrtZonalWaitTimesAnalyzer with priority 0.0
2026-08-25T03:42:54,682  INFO ControlerListenerManagerImpl:180 calling notifyIterationEnds on org.matsim.contrib.drt.analysis.zonal.ZonalIdleVehicleXYVisualiser with priority 0.0
2026-08-25T03:42:54,690  INFO ControlerListenerManagerImpl:180 calling notifyIterationEnds on org.matsim.contrib.dvrp.analysis.CapacityLoadAnalysisHandler with priority 0.0
2026-08-25T03:42:54,690  INFO ControlerListenerManagerImpl:180 calling notifyIterationEnds on org.matsim.contrib.drt.sharingmetrics.SharingMetricsControlerListener with priority 0.0
2026-08-25T03:42:55,044  INFO ControlerListenerManagerImpl:180 calling notifyIterationEnds on org.matsim.contrib.drt.analysis.DrtAnalysisControlerListener with priority 0.0
2026-08-25T03:42:56,292  INFO ControlerListenerManagerImpl:180 calling notifyIterationEnds on org.matsim.contrib.common.timeprofile.ProfileWriter with priority 0.0
2026-08-25T03:42:56,581  INFO ControlerListenerManagerImpl:180 calling notifyIterationEnds on org.matsim.contrib.common.timeprofile.ProfileWriter with priority 0.0
2026-08-25T03:42:56,897  INFO ControlerListenerManagerImpl:180 calling notifyIterationEnds on org.matsim.contrib.drt.analysis.zonal.DrtZonalWaitTimesAnalyzer with priority 0.0
2026-08-25T03:42:56,916  INFO ControlerListenerManagerImpl:180 calling notifyIterationEnds on org.matsim.contrib.drt.analysis.zonal.ZonalIdleVehicleXYVisualiser with priority 0.0
2026-08-25T03:42:56,925  INFO ControlerListenerManagerImpl:180 calling notifyIterationEnds on org.matsim.contrib.dvrp.analysis.CapacityLoadAnalysisHandler with priority 0.0
2026-08-25T03:42:56,925  INFO ControlerListenerManagerImpl:180 calling notifyIterationEnds on org.matsim.contrib.drt.sharingmetrics.SharingMetricsControlerListener with priority 0.0
2026-08-25T03:42:57,238  INFO ControlerListenerManagerImpl:180 calling notifyIterationEnds on org.matsim.contrib.drt.analysis.DrtAnalysisControlerListener with priority 0.0
2026-08-25T03:42:58,431  INFO ControlerListenerManagerImpl:180 calling notifyIterationEnds on org.matsim.contrib.common.timeprofile.ProfileWriter with priority 0.0
2026-08-25T03:42:58,752  INFO ControlerListenerManagerImpl:180 calling notifyIterationEnds on org.matsim.contrib.common.timeprofile.ProfileWriter with priority 0.0
2026-08-25T03:42:59,108  INFO ControlerListenerManagerImpl:180 calling notifyIterationEnds on org.matsim.contrib.drt.analysis.zonal.DrtZonalWaitTimesAnalyzer with priority 0.0
2026-08-25T03:42:59,123  INFO ControlerListenerManagerImpl:180 calling notifyIterationEnds on org.matsim.contrib.drt.analysis.zonal.ZonalIdleVehicleXYVisualiser with priority 0.0
2026-08-25T03:42:59,128  INFO ControlerListenerManagerImpl:180 calling notifyIterationEnds on org.matsim.contrib.dvrp.analysis.CapacityLoadAnalysisHandler with priority 0.0
2026-08-25T03:42:59,128  INFO ControlerListenerManagerImpl:180 calling notifyIterationEnds on org.matsim.contrib.drt.sharingmetrics.SharingMetricsControlerListener with priority 0.0
2026-08-25T03:42:59,406  INFO ControlerListenerManagerImpl:180 calling notifyIterationEnds on org.matsim.contrib.drt.analysis.DrtAnalysisControlerListener with priority 0.0
2026-08-25T03:43:00,603  INFO ControlerListenerManagerImpl:180 calling notifyIterationEnds on org.matsim.contrib.common.timeprofile.ProfileWriter with priority 0.0
2026-08-25T03:43:00,909  INFO ControlerListenerManagerImpl:180 calling notifyIterationEnds on org.matsim.contrib.common.timeprofile.ProfileWriter with priority 0.0
2026-08-25T03:43:01,189  INFO ControlerListenerManagerImpl:180 calling notifyIterationEnds on org.matsim.contrib.drt.analysis.zonal.DrtZonalWaitTimesAnalyzer with priority 0.0
2026-08-25T03:43:01,202  INFO ControlerListenerManagerImpl:180 calling notifyIterationEnds on org.matsim.contrib.drt.analysis.zonal.ZonalIdleVehicleXYVisualiser with priority 0.0
2026-08-25T03:43:01,208  INFO ControlerListenerManagerImpl:180 calling notifyIterationEnds on org.matsim.contrib.dvrp.analysis.CapacityLoadAnalysisHandler with priority 0.0
2026-08-25T03:43:01,208  INFO ControlerListenerManagerImpl:180 calling notifyIterationEnds on org.matsim.contrib.drt.sharingmetrics.SharingMetricsControlerListener with priority 0.0
2026-08-25T03:43:01,477  INFO ControlerListenerManagerImpl:180 calling notifyIterationEnds on org.matsim.contrib.drt.analysis.DrtAnalysisControlerListener with priority 0.0
2026-08-25T03:43:02,674  INFO ControlerListenerManagerImpl:180 calling notifyIterationEnds on org.matsim.contrib.common.timeprofile.ProfileWriter with priority 0.0
2026-08-25T03:43:02,945  INFO ControlerListenerManagerImpl:180 calling notifyIterationEnds on org.matsim.contrib.common.timeprofile.ProfileWriter with priority 0.0
2026-08-25T03:43:03,215  INFO ControlerListenerManagerImpl:180 calling notifyIterationEnds on org.matsim.contrib.drt.analysis.zonal.DrtZonalWaitTimesAnalyzer with priority 0.0
2026-08-25T03:43:03,229  INFO ControlerListenerManagerImpl:180 calling notifyIterationEnds on org.matsim.contrib.drt.analysis.zonal.ZonalIdleVehicleXYVisualiser with priority 0.0
2026-08-25T03:43:03,234  INFO ControlerListenerManagerImpl:180 calling notifyIterationEnds on org.matsim.contrib.dvrp.analysis.CapacityLoadAnalysisHandler with priority 0.0
2026-08-25T03:43:03,234  INFO ControlerListenerManagerImpl:180 calling notifyIterationEnds on org.matsim.contrib.drt.sharingmetrics.SharingMetricsControlerListener with priority 0.0
2026-08-25T03:43:03,509  INFO ControlerListenerManagerImpl:180 calling notifyIterationEnds on org.matsim.contrib.drt.analysis.DrtAnalysisControlerListener with priority 0.0
2026-08-25T03:43:04,648  INFO ControlerListenerManagerImpl:180 calling notifyIterationEnds on org.matsim.contrib.common.timeprofile.ProfileWriter with priority 0.0
2026-08-25T03:43:04,928  INFO ControlerListenerManagerImpl:180 calling notifyIterationEnds on org.matsim.contrib.common.timeprofile.ProfileWriter with priority 0.0
2026-08-25T03:43:05,236  INFO ControlerListenerManagerImpl:180 calling notifyIterationEnds on org.matsim.contrib.drt.analysis.zonal.DrtZonalWaitTimesAnalyzer with priority 0.0
2026-08-25T03:43:05,250  INFO ControlerListenerManagerImpl:180 calling notifyIterationEnds on org.matsim.contrib.drt.analysis.zonal.ZonalIdleVehicleXYVisualiser with priority 0.0
2026-08-25T03:43:05,254  INFO ControlerListenerManagerImpl:180 calling notifyIterationEnds on org.matsim.contrib.dvrp.analysis.CapacityLoadAnalysisHandler with priority 0.0
2026-08-25T03:43:05,254  INFO ControlerListenerManagerImpl:180 calling notifyIterationEnds on org.matsim.contrib.drt.sharingmetrics.SharingMetricsControlerListener with priority 0.0
2026-08-25T03:43:05,514  INFO ControlerListenerManagerImpl:180 calling notifyIterationEnds on org.matsim.contrib.drt.analysis.DrtAnalysisControlerListener with priority 0.0
2026-08-25T03:43:06,646  INFO ControlerListenerManagerImpl:180 calling notifyIterationEnds on org.matsim.contrib.common.timeprofile.ProfileWriter with priority 0.0
2026-08-25T03:43:06,926  INFO ControlerListenerManagerImpl:180 calling notifyIterationEnds on org.matsim.contrib.common.timeprofile.ProfileWriter with priority 0.0
2026-08-25T03:43:07,217  INFO ControlerListenerManagerImpl:180 calling notifyIterationEnds on org.matsim.contrib.drt.analysis.zonal.DrtZonalWaitTimesAnalyzer with priority 0.0
2026-08-25T03:43:07,230  INFO ControlerListenerManagerImpl:180 calling notifyIterationEnds on org.matsim.contrib.drt.analysis.zonal.ZonalIdleVehicleXYVisualiser with priority 0.0
2026-08-25T03:43:07,234  INFO ControlerListenerManagerImpl:180 calling notifyIterationEnds on org.matsim.contrib.dvrp.analysis.CapacityLoadAnalysisHandler with priority 0.0
2026-08-25T03:43:07,234  INFO ControlerListenerManagerImpl:180 calling notifyIterationEnds on org.matsim.contrib.drt.sharingmetrics.SharingMetricsControlerListener with priority 0.0
2026-08-25T03:43:07,483  INFO ControlerListenerManagerImpl:180 calling notifyIterationEnds on org.matsim.contrib.drt.analysis.DrtAnalysisControlerListener with priority 0.0
2026-08-25T03:43:08,522  INFO ControlerListenerManagerImpl:180 calling notifyIterationEnds on org.matsim.contrib.common.timeprofile.ProfileWriter with priority 0.0
2026-08-25T03:43:08,805  INFO ControlerListenerManagerImpl:180 calling notifyIterationEnds on org.matsim.contrib.common.timeprofile.ProfileWriter with priority 0.0
2026-08-25T03:43:09,073  INFO ControlerListenerManagerImpl:180 calling notifyIterationEnds on org.matsim.contrib.drt.analysis.zonal.DrtZonalWaitTimesAnalyzer with priority 0.0
2026-08-25T03:43:09,086  INFO ControlerListenerManagerImpl:180 calling notifyIterationEnds on org.matsim.contrib.drt.analysis.zonal.ZonalIdleVehicleXYVisualiser with priority 0.0
2026-08-25T03:43:09,104  INFO ControlerListenerManagerImpl:180 calling notifyIterationEnds on org.matsim.contrib.dvrp.analysis.CapacityLoadAnalysisHandler with priority 0.0
2026-08-25T03:43:09,104  INFO ControlerListenerManagerImpl:180 calling notifyIterationEnds on org.matsim.contrib.drt.sharingmetrics.SharingMetricsControlerListener with priority 0.0
2026-08-25T03:43:09,431  INFO ControlerListenerManagerImpl:180 calling notifyIterationEnds on org.matsim.contrib.drt.analysis.DrtAnalysisControlerListener with priority 0.0
2026-08-25T03:43:10,531  INFO ControlerListenerManagerImpl:180 calling notifyIterationEnds on org.matsim.contrib.common.timeprofile.ProfileWriter with priority 0.0
2026-08-25T03:43:10,798  INFO ControlerListenerManagerImpl:180 calling notifyIterationEnds on org.matsim.contrib.common.timeprofile.ProfileWriter with priority 0.0
2026-08-25T03:43:11,106  INFO ControlerListenerManagerImpl:180 calling notifyIterationEnds on org.matsim.contrib.drt.analysis.zonal.DrtZonalWaitTimesAnalyzer with priority 0.0
2026-08-25T03:43:11,119  INFO ControlerListenerManagerImpl:180 calling notifyIterationEnds on org.matsim.contrib.drt.analysis.zonal.ZonalIdleVehicleXYVisualiser with priority 0.0
2026-08-25T03:43:11,125  INFO ControlerListenerManagerImpl:180 calling notifyIterationEnds on org.matsim.contrib.dvrp.analysis.CapacityLoadAnalysisHandler with priority 0.0
2026-08-25T03:43:11,125  INFO ControlerListenerManagerImpl:180 calling notifyIterationEnds on org.matsim.contrib.drt.sharingmetrics.SharingMetricsControlerListener with priority 0.0
2026-08-25T03:43:11,371  INFO ControlerListenerManagerImpl:180 calling notifyIterationEnds on org.matsim.contrib.drt.analysis.DrtAnalysisControlerListener with priority 0.0
2026-08-25T03:43:11,703  INFO MemoryObserver:42 used RAM: 727 MB  free: 836 MB  total: 1564 MB
2026-08-25T03:43:12,423  INFO ControlerListenerManagerImpl:180 calling notifyIterationEnds on org.matsim.contrib.common.timeprofile.ProfileWriter with priority 0.0
2026-08-25T03:43:12,696  INFO ControlerListenerManagerImpl:180 calling notifyIterationEnds on org.matsim.contrib.common.timeprofile.ProfileWriter with priority 0.0
2026-08-25T03:43:12,979  INFO ControlerListenerManagerImpl:180 calling notifyIterationEnds on org.matsim.contrib.drt.analysis.zonal.DrtZonalWaitTimesAnalyzer with priority 0.0
2026-08-25T03:43:12,991  INFO ControlerListenerManagerImpl:180 calling notifyIterationEnds on org.matsim.contrib.drt.analysis.zonal.ZonalIdleVehicleXYVisualiser with priority 0.0
2026-08-25T03:43:12,996  INFO ControlerListenerManagerImpl:180 calling notifyIterationEnds on org.matsim.contrib.dvrp.analysis.CapacityLoadAnalysisHandler with priority 0.0
2026-08-25T03:43:12,996  INFO ControlerListenerManagerImpl:180 calling notifyIterationEnds on org.matsim.contrib.drt.sharingmetrics.SharingMetricsControlerListener with priority 0.0
2026-08-25T03:43:13,240  INFO ControlerListenerManagerImpl:180 calling notifyIterationEnds on org.matsim.contrib.drt.analysis.DrtAnalysisControlerListener with priority 0.0
2026-08-25T03:43:14,442  INFO ControlerListenerManagerImpl:180 calling notifyIterationEnds on org.matsim.contrib.common.timeprofile.ProfileWriter with priority 0.0
2026-08-25T03:43:14,750  INFO ControlerListenerManagerImpl:180 calling notifyIterationEnds on org.matsim.contrib.common.timeprofile.ProfileWriter with priority 0.0
2026-08-25T03:43:15,049  INFO ControlerListenerManagerImpl:180 calling notifyIterationEnds on org.matsim.contrib.drt.analysis.zonal.DrtZonalWaitTimesAnalyzer with priority 0.0
2026-08-25T03:43:15,062  INFO ControlerListenerManagerImpl:180 calling notifyIterationEnds on org.matsim.contrib.drt.analysis.zonal.ZonalIdleVehicleXYVisualiser with priority 0.0
2026-08-25T03:43:15,068  INFO ControlerListenerManagerImpl:180 calling notifyIterationEnds on org.matsim.contrib.dvrp.analysis.CapacityLoadAnalysisHandler with priority 0.0
2026-08-25T03:43:15,068  INFO ControlerListenerManagerImpl:180 calling notifyIterationEnds on org.matsim.contrib.drt.sharingmetrics.SharingMetricsControlerListener with priority 0.0
2026-08-25T03:43:15,310  INFO ControlerListenerManagerImpl:180 calling notifyIterationEnds on org.matsim.contrib.drt.analysis.DrtAnalysisControlerListener with priority 0.0
2026-08-25T03:43:16,413  INFO ControlerListenerManagerImpl:180 calling notifyIterationEnds on org.matsim.contrib.common.timeprofile.ProfileWriter with priority 0.0
2026-08-25T03:43:16,672  INFO ControlerListenerManagerImpl:180 calling notifyIterationEnds on org.matsim.contrib.common.timeprofile.ProfileWriter with priority 0.0
2026-08-25T03:43:16,948  INFO ControlerListenerManagerImpl:180 calling notifyIterationEnds on org.matsim.contrib.drt.analysis.zonal.DrtZonalWaitTimesAnalyzer with priority 0.0
2026-08-25T03:43:16,962  INFO ControlerListenerManagerImpl:180 calling notifyIterationEnds on org.matsim.contrib.drt.analysis.zonal.ZonalIdleVehicleXYVisualiser with priority 0.0
2026-08-25T03:43:16,965  INFO ControlerListenerManagerImpl:180 calling notifyIterationEnds on org.matsim.contrib.dvrp.analysis.CapacityLoadAnalysisHandler with priority 0.0
2026-08-25T03:43:16,967  INFO ControlerListenerManagerImpl:180 calling notifyIterationEnds on org.matsim.contrib.drt.sharingmetrics.SharingMetricsControlerListener with priority 0.0
2026-08-25T03:43:17,219  INFO ControlerListenerManagerImpl:180 calling notifyIterationEnds on org.matsim.contrib.drt.analysis.DrtAnalysisControlerListener with priority 0.0
2026-08-25T03:43:18,343  INFO ControlerListenerManagerImpl:180 calling notifyIterationEnds on org.matsim.contrib.common.timeprofile.ProfileWriter with priority 0.0
2026-08-25T03:43:18,632  INFO ControlerListenerManagerImpl:180 calling notifyIterationEnds on org.matsim.contrib.common.timeprofile.ProfileWriter with priority 0.0
2026-08-25T03:43:18,926  INFO ControlerListenerManagerImpl:180 calling notifyIterationEnds on org.matsim.contrib.drt.analysis.zonal.DrtZonalWaitTimesAnalyzer with priority 0.0
2026-08-25T03:43:18,941  INFO ControlerListenerManagerImpl:180 calling notifyIterationEnds on org.matsim.contrib.drt.analysis.zonal.ZonalIdleVehicleXYVisualiser with priority 0.0
2026-08-25T03:43:18,946  INFO ControlerListenerManagerImpl:180 calling notifyIterationEnds on org.matsim.contrib.dvrp.analysis.CapacityLoadAnalysisHandler with priority 0.0
2026-08-25T03:43:18,946  INFO ControlerListenerManagerImpl:180 calling notifyIterationEnds on org.matsim.contrib.drt.sharingmetrics.SharingMetricsControlerListener with priority 0.0
2026-08-25T03:43:19,194  INFO ControlerListenerManagerImpl:180 calling notifyIterationEnds on org.matsim.contrib.drt.analysis.DrtAnalysisControlerListener with priority 0.0
2026-08-25T03:43:20,269  INFO ControlerListenerManagerImpl:180 calling notifyIterationEnds on org.matsim.contrib.common.timeprofile.ProfileWriter with priority 0.0
2026-08-25T03:43:20,536  INFO ControlerListenerManagerImpl:180 calling notifyIterationEnds on org.matsim.contrib.common.timeprofile.ProfileWriter with priority 0.0
2026-08-25T03:43:20,815  INFO ControlerListenerManagerImpl:180 calling notifyIterationEnds on org.matsim.contrib.drt.analysis.zonal.DrtZonalWaitTimesAnalyzer with priority 0.0
2026-08-25T03:43:20,828  INFO ControlerListenerManagerImpl:180 calling notifyIterationEnds on org.matsim.contrib.drt.analysis.zonal.ZonalIdleVehicleXYVisualiser with priority 0.0
2026-08-25T03:43:20,833  INFO ControlerListenerManagerImpl:180 calling notifyIterationEnds on org.matsim.contrib.dvrp.analysis.CapacityLoadAnalysisHandler with priority 0.0
2026-08-25T03:43:20,833  INFO ControlerListenerManagerImpl:180 calling notifyIterationEnds on org.matsim.contrib.drt.sharingmetrics.SharingMetricsControlerListener with priority 0.0
2026-08-25T03:43:21,085  INFO ControlerListenerManagerImpl:180 calling notifyIterationEnds on org.matsim.contrib.drt.analysis.DrtAnalysisControlerListener with priority 0.0
2026-08-25T03:43:22,195  INFO ControlerListenerManagerImpl:180 calling notifyIterationEnds on org.matsim.contrib.common.timeprofile.ProfileWriter with priority 0.0
2026-08-25T03:43:22,513  INFO ControlerListenerManagerImpl:180 calling notifyIterationEnds on org.matsim.contrib.common.timeprofile.ProfileWriter with priority 0.0
2026-08-25T03:43:22,847  INFO ControlerListenerManagerImpl:180 calling notifyIterationEnds on org.matsim.contrib.drt.analysis.zonal.DrtZonalWaitTimesAnalyzer with priority 0.0
2026-08-25T03:43:22,859  INFO ControlerListenerManagerImpl:180 calling notifyIterationEnds on org.matsim.contrib.drt.analysis.zonal.ZonalIdleVehicleXYVisualiser with priority 0.0
2026-08-25T03:43:22,864  INFO ControlerListenerManagerImpl:180 calling notifyIterationEnds on org.matsim.contrib.dvrp.analysis.CapacityLoadAnalysisHandler with priority 0.0
2026-08-25T03:43:22,864  INFO ControlerListenerManagerImpl:180 calling notifyIterationEnds on org.matsim.contrib.drt.sharingmetrics.SharingMetricsControlerListener with priority 0.0
2026-08-25T03:43:23,156  INFO ControlerListenerManagerImpl:180 calling notifyIterationEnds on org.matsim.contrib.drt.analysis.DrtAnalysisControlerListener with priority 0.0
2026-08-25T03:43:24,286  INFO ControlerListenerManagerImpl:180 calling notifyIterationEnds on org.matsim.contrib.common.timeprofile.ProfileWriter with priority 0.0
2026-08-25T03:43:24,600  INFO ControlerListenerManagerImpl:180 calling notifyIterationEnds on org.matsim.contrib.common.timeprofile.ProfileWriter with priority 0.0
2026-08-25T03:43:24,923  INFO ControlerListenerManagerImpl:180 calling notifyIterationEnds on org.matsim.contrib.drt.analysis.zonal.DrtZonalWaitTimesAnalyzer with priority 0.0
2026-08-25T03:43:24,937  INFO ControlerListenerManagerImpl:180 calling notifyIterationEnds on org.matsim.contrib.drt.analysis.zonal.ZonalIdleVehicleXYVisualiser with priority 0.0
2026-08-25T03:43:24,942  INFO ControlerListenerManagerImpl:180 calling notifyIterationEnds on org.matsim.contrib.dvrp.analysis.CapacityLoadAnalysisHandler with priority 0.0
2026-08-25T03:43:24,942  INFO ControlerListenerManagerImpl:180 calling notifyIterationEnds on org.matsim.contrib.drt.sharingmetrics.SharingMetricsControlerListener with priority 0.0
2026-08-25T03:43:25,208  INFO ControlerListenerManagerImpl:180 calling notifyIterationEnds on org.matsim.contrib.drt.analysis.DrtAnalysisControlerListener with priority 0.0
2026-08-25T03:43:26,337  INFO ControlerListenerManagerImpl:180 calling notifyIterationEnds on org.matsim.contrib.common.timeprofile.ProfileWriter with priority 0.0
2026-08-25T03:43:26,615  INFO ControlerListenerManagerImpl:180 calling notifyIterationEnds on org.matsim.contrib.common.timeprofile.ProfileWriter with priority 0.0
2026-08-25T03:43:26,909  INFO ControlerListenerManagerImpl:180 calling notifyIterationEnds on org.matsim.contrib.drt.analysis.zonal.DrtZonalWaitTimesAnalyzer with priority 0.0
2026-08-25T03:43:26,928  INFO ControlerListenerManagerImpl:180 calling notifyIterationEnds on org.matsim.contrib.drt.analysis.zonal.ZonalIdleVehicleXYVisualiser with priority 0.0
2026-08-25T03:43:26,933  INFO ControlerListenerManagerImpl:180 calling notifyIterationEnds on org.matsim.contrib.dvrp.analysis.CapacityLoadAnalysisHandler with priority 0.0
2026-08-25T03:43:26,933  INFO ControlerListenerManagerImpl:180 calling notifyIterationEnds on org.matsim.contrib.drt.sharingmetrics.SharingMetricsControlerListener with priority 0.0
2026-08-25T03:43:27,213  INFO ControlerListenerManagerImpl:180 calling notifyIterationEnds on org.matsim.contrib.drt.analysis.DrtAnalysisControlerListener with priority 0.0
2026-08-25T03:43:28,371  INFO ControlerListenerManagerImpl:180 calling notifyIterationEnds on org.matsim.contrib.common.timeprofile.ProfileWriter with priority 0.0
2026-08-25T03:43:28,667  INFO ControlerListenerManagerImpl:180 calling notifyIterationEnds on org.matsim.contrib.common.timeprofile.ProfileWriter with priority 0.0
2026-08-25T03:43:28,982  INFO ControlerListenerManagerImpl:180 calling notifyIterationEnds on org.matsim.contrib.drt.analysis.zonal.DrtZonalWaitTimesAnalyzer with priority 0.0
2026-08-25T03:43:28,995  INFO ControlerListenerManagerImpl:180 calling notifyIterationEnds on org.matsim.contrib.drt.analysis.zonal.ZonalIdleVehicleXYVisualiser with priority 0.0
2026-08-25T03:43:28,999  INFO ControlerListenerManagerImpl:180 calling notifyIterationEnds on org.matsim.contrib.dvrp.analysis.CapacityLoadAnalysisHandler with priority 0.0
2026-08-25T03:43:28,999  INFO ControlerListenerManagerImpl:180 calling notifyIterationEnds on org.matsim.contrib.drt.sharingmetrics.SharingMetricsControlerListener with priority 0.0
2026-08-25T03:43:29,251  INFO ControlerListenerManagerImpl:180 calling notifyIterationEnds on org.matsim.contrib.drt.analysis.DrtAnalysisControlerListener with priority 0.0
2026-08-25T03:43:30,369  INFO ControlerListenerManagerImpl:180 calling notifyIterationEnds on org.matsim.contrib.common.timeprofile.ProfileWriter with priority 0.0
2026-08-25T03:43:30,657  INFO ControlerListenerManagerImpl:180 calling notifyIterationEnds on org.matsim.contrib.common.timeprofile.ProfileWriter with priority 0.0
2026-08-25T03:43:30,970  INFO ControlerListenerManagerImpl:180 calling notifyIterationEnds on org.matsim.contrib.drt.analysis.zonal.DrtZonalWaitTimesAnalyzer with priority 0.0
2026-08-25T03:43:30,983  INFO ControlerListenerManagerImpl:180 calling notifyIterationEnds on org.matsim.contrib.drt.analysis.zonal.ZonalIdleVehicleXYVisualiser with priority 0.0
2026-08-25T03:43:30,987  INFO ControlerListenerManagerImpl:180 calling notifyIterationEnds on org.matsim.contrib.dvrp.analysis.CapacityLoadAnalysisHandler with priority 0.0
2026-08-25T03:43:30,987  INFO ControlerListenerManagerImpl:180 calling notifyIterationEnds on org.matsim.contrib.drt.sharingmetrics.SharingMetricsControlerListener with priority 0.0
2026-08-25T03:43:31,252  INFO ControlerListenerManagerImpl:180 calling notifyIterationEnds on org.matsim.contrib.drt.analysis.DrtAnalysisControlerListener with priority 0.0
2026-08-25T03:43:32,413  INFO ControlerListenerManagerImpl:180 calling notifyIterationEnds on org.matsim.contrib.common.timeprofile.ProfileWriter with priority 0.0
2026-08-25T03:43:32,724  INFO ControlerListenerManagerImpl:180 calling notifyIterationEnds on org.matsim.contrib.common.timeprofile.ProfileWriter with priority 0.0
2026-08-25T03:43:33,028  INFO ControlerListenerManagerImpl:184 [it.0] all ControlerIterationEndsListeners called.
2026-08-25T03:43:33,109  INFO AbstractController:184 ### ITERATION 0 ENDS
2026-08-25T03:43:33,109  INFO AbstractController:185 ###################################################
2026-08-25T03:43:33,109  INFO AbstractController:136 ###################################################
2026-08-25T03:43:33,109  INFO AbstractController:137 ### ITERATION 1 BEGINS
2026-08-25T03:43:33,109  INFO ControlerListenerManagerImpl:156 calling notifyIterationStarts on org.matsim.analysis.LegTimesControlerListener with priority 0.0
2026-08-25T03:43:33,111  INFO EventsManagerImpl:139 === Logging of event-handlers skipped ===
2026-08-25T03:43:33,111  INFO EventsManagerImpl:140 To enable debug output, set an environment variable i.e. export LOG_LEVEL='debug', or set log.setLogLevel(Level.DEBUG) in your run class.
2026-08-25T03:43:33,111  INFO EventsManagerImpl:210     > org.matsim.api.core.v01.events.PersonDepartureEvent
2026-08-25T03:43:33,111  INFO EventsManagerImpl:210     > org.matsim.api.core.v01.events.PersonArrivalEvent
2026-08-25T03:43:33,111  INFO EventsManagerImpl:210     > org.matsim.api.core.v01.events.ActivityEndEvent
2026-08-25T03:43:33,111  INFO EventsManagerImpl:210     > org.matsim.api.core.v01.events.ActivityStartEvent
2026-08-25T03:43:33,111  INFO EventsManagerImpl:139 === Logging of event-handlers skipped ===
2026-08-25T03:43:33,111  INFO EventsManagerImpl:140 To enable debug output, set an environment variable i.e. export LOG_LEVEL='debug', or set log.setLogLevel(Level.DEBUG) in your run class.
2026-08-25T03:43:33,111  INFO EventsManagerImpl:210     > org.matsim.api.core.v01.events.PersonDepartureEvent
2026-08-25T03:43:33,111  INFO EventsManagerImpl:210     > org.matsim.api.core.v01.events.PersonArrivalEvent
2026-08-25T03:43:33,111  INFO EventsManagerImpl:210     > org.matsim.api.core.v01.events.ActivityEndEvent
2026-08-25T03:43:33,111  INFO EventsManagerImpl:210     > org.matsim.api.core.v01.events.ActivityStartEvent
2026-08-25T03:43:33,111  INFO ControlerListenerManagerImpl:156 calling notifyIterationStarts on org.matsim.analysis.LegHistogramListener with priority 0.0
2026-08-25T03:43:33,111  INFO EventsManagerImpl:139 === Logging of event-handlers skipped ===
2026-08-25T03:43:33,111  INFO EventsManagerImpl:140 To enable debug output, set an environment variable i.e. export LOG_LEVEL='debug', or set log.setLogLevel(Level.DEBUG) in your run class.
2026-08-25T03:43:33,111  INFO EventsManagerImpl:210     > org.matsim.api.core.v01.events.PersonDepartureEvent
2026-08-25T03:43:33,111  INFO EventsManagerImpl:210     > org.matsim.api.core.v01.events.PersonArrivalEvent
2026-08-25T03:43:33,111  INFO EventsManagerImpl:210     > org.matsim.api.core.v01.events.PersonStuckEvent
2026-08-25T03:43:33,111  INFO EventsManagerImpl:139 === Logging of event-handlers skipped ===
2026-08-25T03:43:33,111  INFO EventsManagerImpl:140 To enable debug output, set an environment variable i.e. export LOG_LEVEL='debug', or set log.setLogLevel(Level.DEBUG) in your run class.
2026-08-25T03:43:33,111  INFO EventsManagerImpl:210     > org.matsim.api.core.v01.events.PersonDepartureEvent
2026-08-25T03:43:33,111  INFO EventsManagerImpl:210     > org.matsim.api.core.v01.events.PersonArrivalEvent
2026-08-25T03:43:33,111  INFO EventsManagerImpl:210     > org.matsim.api.core.v01.events.PersonStuckEvent
2026-08-25T03:43:33,111  INFO ControlerListenerManagerImpl:156 calling notifyIterationStarts on org.matsim.analysis.LinkStatsControlerListener with priority 0.0
2026-08-25T03:43:33,111  INFO ControlerListenerManagerImpl:156 calling notifyIterationStarts on org.matsim.contrib.dvrp.analysis.CapacityLoadAnalysisHandler with priority 0.0
2026-08-25T03:43:33,111  INFO ControlerListenerManagerImpl:156 calling notifyIterationStarts on org.matsim.contrib.dvrp.analysis.CapacityLoadAnalysisHandler with priority 0.0
2026-08-25T03:43:33,111  INFO ControlerListenerManagerImpl:156 calling notifyIterationStarts on org.matsim.contrib.dvrp.analysis.CapacityLoadAnalysisHandler with priority 0.0
2026-08-25T03:43:33,111  INFO ControlerListenerManagerImpl:156 calling notifyIterationStarts on org.matsim.contrib.dvrp.analysis.CapacityLoadAnalysisHandler with priority 0.0
2026-08-25T03:43:33,111  INFO ControlerListenerManagerImpl:156 calling notifyIterationStarts on org.matsim.contrib.dvrp.analysis.CapacityLoadAnalysisHandler with priority 0.0
2026-08-25T03:43:33,111  INFO ControlerListenerManagerImpl:156 calling notifyIterationStarts on org.matsim.contrib.dvrp.analysis.CapacityLoadAnalysisHandler with priority 0.0
2026-08-25T03:43:33,111  INFO ControlerListenerManagerImpl:156 calling notifyIterationStarts on org.matsim.contrib.dvrp.analysis.CapacityLoadAnalysisHandler with priority 0.0
2026-08-25T03:43:33,111  INFO ControlerListenerManagerImpl:156 calling notifyIterationStarts on org.matsim.contrib.dvrp.analysis.CapacityLoadAnalysisHandler with priority 0.0
2026-08-25T03:43:33,111  INFO ControlerListenerManagerImpl:156 calling notifyIterationStarts on org.matsim.contrib.dvrp.analysis.CapacityLoadAnalysisHandler with priority 0.0
2026-08-25T03:43:33,111  INFO ControlerListenerManagerImpl:156 calling notifyIterationStarts on org.matsim.contrib.dvrp.analysis.CapacityLoadAnalysisHandler with priority 0.0
2026-08-25T03:43:33,111  INFO ControlerListenerManagerImpl:156 calling notifyIterationStarts on org.matsim.contrib.dvrp.analysis.CapacityLoadAnalysisHandler with priority 0.0
2026-08-25T03:43:33,111  INFO ControlerListenerManagerImpl:156 calling notifyIterationStarts on org.matsim.contrib.dvrp.analysis.CapacityLoadAnalysisHandler with priority 0.0
2026-08-25T03:43:33,112  INFO ControlerListenerManagerImpl:156 calling notifyIterationStarts on org.matsim.contrib.dvrp.analysis.CapacityLoadAnalysisHandler with priority 0.0
2026-08-25T03:43:33,112  INFO ControlerListenerManagerImpl:156 calling notifyIterationStarts on org.matsim.contrib.dvrp.analysis.CapacityLoadAnalysisHandler with priority 0.0
2026-08-25T03:43:33,112  INFO ControlerListenerManagerImpl:156 calling notifyIterationStarts on org.matsim.contrib.dvrp.analysis.CapacityLoadAnalysisHandler with priority 0.0
2026-08-25T03:43:33,112  INFO ControlerListenerManagerImpl:156 calling notifyIterationStarts on org.matsim.contrib.dvrp.analysis.CapacityLoadAnalysisHandler with priority 0.0
2026-08-25T03:43:33,112  INFO ControlerListenerManagerImpl:156 calling notifyIterationStarts on org.matsim.contrib.dvrp.analysis.CapacityLoadAnalysisHandler with priority 0.0
2026-08-25T03:43:33,112  INFO ControlerListenerManagerImpl:156 calling notifyIterationStarts on org.matsim.contrib.dvrp.analysis.CapacityLoadAnalysisHandler with priority 0.0
2026-08-25T03:43:33,112  INFO ControlerListenerManagerImpl:156 calling notifyIterationStarts on org.matsim.contrib.dvrp.analysis.CapacityLoadAnalysisHandler with priority 0.0
2026-08-25T03:43:33,112  INFO ControlerListenerManagerImpl:156 calling notifyIterationStarts on org.matsim.contrib.dvrp.analysis.CapacityLoadAnalysisHandler with priority 0.0
2026-08-25T03:43:33,112  INFO ControlerListenerManagerImpl:156 calling notifyIterationStarts on org.matsim.core.replanning.ReplanningContextImpl with priority 0.0
2026-08-25T03:43:33,112  INFO ControlerListenerManagerImpl:156 calling notifyIterationStarts on org.matsim.core.scoring.ScoringFunctionsForPopulation$$Lambda/0x0000000025542d70 with priority 0.0
2026-08-25T03:43:33,116  INFO ControlerListenerManagerImpl:156 calling notifyIterationStarts on org.matsim.core.scoring.ExperiencedPlansServiceImpl$1 with priority 0.0
2026-08-25T03:43:33,117  INFO ControlerListenerManagerImpl:159 [it.1] all ControlerIterationStartsListeners called.
2026-08-25T03:43:33,119  INFO ControlerListenerManagerImpl:221 calling notifyReplanning on org.matsim.core.controler.corelisteners.PlansReplanningImpl with priority 0.0
2026-08-25T03:43:33,127  INFO RandomizingTimeDistanceTravelDisutilityFactory:86  sigma: 3.0; resulting normalization: 0.011108996538242306
2026-08-25T03:43:33,128  WARN NetworkRoutingProvider:137 [mode: car; routingMode: car] Using deprecated routing module without access/egress. Consider using AccessEgressNetworkRouter instead.
2026-08-25T03:43:33,130  WARN NetworkRoutingProvider:137 [mode: car; routingMode: car] Using deprecated routing module without access/egress. Consider using AccessEgressNetworkRouter instead.
2026-08-25T03:43:33,132  WARN NetworkRoutingProvider:137 [mode: car; routingMode: car] Using deprecated routing module without access/egress. Consider using AccessEgressNetworkRouter instead.
2026-08-25T03:43:33,133  WARN NetworkRoutingProvider:137 [mode: car; routingMode: car] Using deprecated routing module without access/egress. Consider using AccessEgressNetworkRouter instead.
2026-08-25T03:43:33,137  INFO ChooseRandomLegModeForSubtour:137 Chain based modes: [car, bike]
2026-08-25T03:43:33,137  INFO ChooseRandomLegModeForSubtour:137 Chain based modes: [car, bike]
2026-08-25T03:43:33,137  INFO ChooseRandomLegModeForSubtour:137 Chain based modes: [car, bike]
2026-08-25T03:43:33,138  INFO ChooseRandomLegModeForSubtour:137 Chain based modes: [car, bike]
2026-08-25T03:43:33,157  INFO GenericPlanStrategyImpl:135 Plan-Strategy finished, 2539 plans handled. Strategy: BestPlanSelector
2026-08-25T03:43:33,158  INFO AbstractMultithreadedModule:142 [PlanRouter] starting 4 threads, handling 248 plans
2026-08-25T03:43:33,159  INFO Counter:70 [PlanRouter] handled plan # 1
2026-08-25T03:43:33,159  INFO Counter:70 [PlanRouter] handled plan # 2
2026-08-25T03:43:33,159  INFO Counter:70 [PlanRouter] handled plan # 4
2026-08-25T03:43:33,159  INFO Counter:70 [PlanRouter] handled plan # 8
2026-08-25T03:43:33,163  INFO Counter:70 [PlanRouter] handled plan # 16
2026-08-25T03:43:33,164  INFO Counter:70 [PlanRouter] handled plan # 32
2026-08-25T03:43:33,172  INFO Counter:70 [PlanRouter] handled plan # 64
2026-08-25T03:43:33,185  INFO Counter:70 [PlanRouter] handled plan # 128
2026-08-25T03:43:33,237  INFO AbstractMultithreadedModule:157 [PlanRouter] all 4 threads finished.
2026-08-25T03:43:33,237  INFO GenericPlanStrategyImpl:135 Plan-Strategy finished, 248 plans handled. Strategy: RandomPlanSelector_ReRoute
2026-08-25T03:43:33,237  INFO AbstractMultithreadedModule:142 [ChooseRandomLegModeForSubtour] starting 4 threads, handling 281 plans
2026-08-25T03:43:33,238  INFO Counter:70 [ChooseRandomLegModeForSubtour] handled plan # 1
2026-08-25T03:43:33,238  INFO Counter:70 [ChooseRandomLegModeForSubtour] handled plan # 4
2026-08-25T03:43:33,238  INFO Counter:70 [ChooseRandomLegModeForSubtour] handled plan # 2
2026-08-25T03:43:33,240  INFO Counter:70 [ChooseRandomLegModeForSubtour] handled plan # 8
2026-08-25T03:43:33,240  INFO Counter:70 [ChooseRandomLegModeForSubtour] handled plan # 16
2026-08-25T03:43:33,241  INFO Counter:70 [ChooseRandomLegModeForSubtour] handled plan # 32
2026-08-25T03:43:33,242  INFO Counter:70 [ChooseRandomLegModeForSubtour] handled plan # 64
2026-08-25T03:43:33,243  INFO Counter:70 [ChooseRandomLegModeForSubtour] handled plan # 128
2026-08-25T03:43:33,245  INFO Counter:70 [ChooseRandomLegModeForSubtour] handled plan # 256
2026-08-25T03:43:33,246  INFO AbstractMultithreadedModule:157 [ChooseRandomLegModeForSubtour] all 4 threads finished.
2026-08-25T03:43:33,247  WARN NetworkRoutingProvider:137 [mode: car; routingMode: car] Using deprecated routing module without access/egress. Consider using AccessEgressNetworkRouter instead.
2026-08-25T03:43:33,250  WARN NetworkRoutingProvider:137 [mode: car; routingMode: car] Using deprecated routing module without access/egress. Consider using AccessEgressNetworkRouter instead.
2026-08-25T03:43:33,253  WARN NetworkRoutingProvider:137 [mode: car; routingMode: car] Using deprecated routing module without access/egress. Consider using AccessEgressNetworkRouter instead.
2026-08-25T03:43:33,255  WARN NetworkRoutingProvider:137 [mode: car; routingMode: car] Using deprecated routing module without access/egress. Consider using AccessEgressNetworkRouter instead.
2026-08-25T03:43:33,256  INFO AbstractMultithreadedModule:142 [PlanRouter] starting 4 threads, handling 281 plans
2026-08-25T03:43:33,257  INFO Counter:70 [PlanRouter] handled plan # 1
2026-08-25T03:43:33,257  INFO Counter:70 [PlanRouter] handled plan # 2
2026-08-25T03:43:33,257  INFO Counter:70 [PlanRouter] handled plan # 4
2026-08-25T03:43:33,258  INFO Counter:70 [PlanRouter] handled plan # 8
2026-08-25T03:43:33,262  INFO Counter:70 [PlanRouter] handled plan # 16
2026-08-25T03:43:33,264  INFO Counter:70 [PlanRouter] handled plan # 32
2026-08-25T03:43:33,270  INFO Counter:70 [PlanRouter] handled plan # 64
2026-08-25T03:43:33,284  INFO Counter:70 [PlanRouter] handled plan # 128
2026-08-25T03:43:33,313  INFO Counter:70 [PlanRouter] handled plan # 256
2026-08-25T03:43:33,327  INFO AbstractMultithreadedModule:157 [PlanRouter] all 4 threads finished.
2026-08-25T03:43:33,328  INFO GenericPlanStrategyImpl:135 Plan-Strategy finished, 281 plans handled. Strategy: RandomPlanSelector_SubtourModeChoice_ReRoute
2026-08-25T03:43:33,328  INFO ControlerListenerManagerImpl:227 calling notifyReplanning on org.matsim.contrib.drt.routing.DefaultDrtRouteUpdater with priority 0.0
2026-08-25T03:43:33,342  INFO ControlerListenerManagerImpl:227 calling notifyReplanning on org.matsim.contrib.drt.routing.DefaultDrtRouteUpdater with priority 0.0
2026-08-25T03:43:33,350  INFO ControlerListenerManagerImpl:227 calling notifyReplanning on org.matsim.contrib.drt.routing.DefaultDrtRouteUpdater with priority 0.0
2026-08-25T03:43:33,360  INFO ControlerListenerManagerImpl:227 calling notifyReplanning on org.matsim.contrib.drt.routing.DefaultDrtRouteUpdater with priority 0.0
2026-08-25T03:43:33,373  INFO ControlerListenerManagerImpl:227 calling notifyReplanning on org.matsim.contrib.drt.routing.DefaultDrtRouteUpdater with priority 0.0
2026-08-25T03:43:33,378  INFO ControlerListenerManagerImpl:227 calling notifyReplanning on org.matsim.contrib.drt.routing.DefaultDrtRouteUpdater with priority 0.0
2026-08-25T03:43:33,384  INFO ControlerListenerManagerImpl:227 calling notifyReplanning on org.matsim.contrib.drt.routing.DefaultDrtRouteUpdater with priority 0.0
2026-08-25T03:43:33,394  INFO ControlerListenerManagerImpl:227 calling notifyReplanning on org.matsim.contrib.drt.routing.DefaultDrtRouteUpdater with priority 0.0
2026-08-25T03:43:33,399  INFO ControlerListenerManagerImpl:227 calling notifyReplanning on org.matsim.contrib.drt.routing.DefaultDrtRouteUpdater with priority 0.0
2026-08-25T03:43:33,405  INFO ControlerListenerManagerImpl:227 calling notifyReplanning on org.matsim.contrib.drt.routing.DefaultDrtRouteUpdater with priority 0.0
2026-08-25T03:43:33,409  INFO ControlerListenerManagerImpl:227 calling notifyReplanning on org.matsim.contrib.drt.routing.DefaultDrtRouteUpdater with priority 0.0
2026-08-25T03:43:33,414  INFO ControlerListenerManagerImpl:227 calling notifyReplanning on org.matsim.contrib.drt.routing.DefaultDrtRouteUpdater with priority 0.0
2026-08-25T03:43:33,419  INFO ControlerListenerManagerImpl:227 calling notifyReplanning on org.matsim.contrib.drt.routing.DefaultDrtRouteUpdater with priority 0.0
2026-08-25T03:43:33,426  INFO ControlerListenerManagerImpl:227 calling notifyReplanning on org.matsim.contrib.drt.routing.DefaultDrtRouteUpdater with priority 0.0
2026-08-25T03:43:33,433  INFO ControlerListenerManagerImpl:227 calling notifyReplanning on org.matsim.contrib.drt.routing.DefaultDrtRouteUpdater with priority 0.0
2026-08-25T03:43:33,438  INFO ControlerListenerManagerImpl:227 calling notifyReplanning on org.matsim.contrib.drt.routing.DefaultDrtRouteUpdater with priority 0.0
2026-08-25T03:43:33,445  INFO ControlerListenerManagerImpl:227 calling notifyReplanning on org.matsim.contrib.drt.routing.DefaultDrtRouteUpdater with priority 0.0
2026-08-25T03:43:33,461  INFO ControlerListenerManagerImpl:227 calling notifyReplanning on org.matsim.contrib.drt.routing.DefaultDrtRouteUpdater with priority 0.0
2026-08-25T03:43:33,466  INFO ControlerListenerManagerImpl:227 calling notifyReplanning on org.matsim.contrib.drt.routing.DefaultDrtRouteUpdater with priority 0.0
2026-08-25T03:43:33,472  INFO ControlerListenerManagerImpl:227 calling notifyReplanning on org.matsim.contrib.drt.routing.DefaultDrtRouteUpdater with priority 0.0
2026-08-25T03:43:33,478  INFO ControlerListenerManagerImpl:230 [it.1] all ControlerReplanningListeners called.
2026-08-25T03:43:33,478  INFO ControlerListenerManagerImpl:242 calling notifyBeforeMobsim on org.matsim.core.controler.corelisteners.EventsHandlingImpl with priority 0.0
2026-08-25T03:43:33,478  INFO EventsManagerImpl:173 resetting Event-Handlers
2026-08-25T03:43:33,478  INFO EventsManagerImpl:180   org.matsim.core.trafficmonitoring.TravelTimeCalculator
2026-08-25T03:43:33,486  INFO EventsManagerImpl:180   org.matsim.project.drt.TricycleFareHandler
2026-08-25T03:43:33,486  INFO EventsManagerImpl:180   org.matsim.project.drt.JeepneyFareHandler
2026-08-25T03:43:33,486  INFO EventsManagerImpl:180   org.matsim.contrib.drt.analysis.DrtVehicleDistanceStats
2026-08-25T03:43:33,486  INFO EventsManagerImpl:180   org.matsim.contrib.drt.analysis.DrtVehicleDistanceStats
2026-08-25T03:43:33,486  INFO EventsManagerImpl:180   org.matsim.contrib.drt.analysis.DrtVehicleDistanceStats
2026-08-25T03:43:33,486  INFO EventsManagerImpl:180   org.matsim.contrib.drt.analysis.DrtVehicleDistanceStats
2026-08-25T03:43:33,486  INFO EventsManagerImpl:180   org.matsim.contrib.drt.analysis.DrtVehicleDistanceStats
2026-08-25T03:43:33,486  INFO EventsManagerImpl:180   org.matsim.contrib.drt.analysis.DrtVehicleDistanceStats
2026-08-25T03:43:33,486  INFO EventsManagerImpl:180   org.matsim.contrib.drt.analysis.DrtVehicleDistanceStats
2026-08-25T03:43:33,486  INFO EventsManagerImpl:180   org.matsim.contrib.drt.analysis.DrtVehicleDistanceStats
2026-08-25T03:43:33,486  INFO EventsManagerImpl:180   org.matsim.contrib.drt.analysis.DrtVehicleDistanceStats
2026-08-25T03:43:33,486  INFO EventsManagerImpl:180   org.matsim.contrib.drt.analysis.DrtVehicleDistanceStats
2026-08-25T03:43:33,488  INFO EventsManagerImpl:180   org.matsim.contrib.drt.analysis.DrtVehicleDistanceStats
2026-08-25T03:43:33,488  INFO EventsManagerImpl:180   org.matsim.contrib.drt.analysis.DrtVehicleDistanceStats
2026-08-25T03:43:33,488  INFO EventsManagerImpl:180   org.matsim.contrib.drt.analysis.DrtVehicleDistanceStats
2026-08-25T03:43:33,488  INFO EventsManagerImpl:180   org.matsim.contrib.drt.analysis.DrtVehicleDistanceStats
2026-08-25T03:43:33,488  INFO EventsManagerImpl:180   org.matsim.contrib.drt.analysis.DrtVehicleDistanceStats
2026-08-25T03:43:33,488  INFO EventsManagerImpl:180   org.matsim.contrib.drt.analysis.DrtVehicleDistanceStats
2026-08-25T03:43:33,488  INFO EventsManagerImpl:180   org.matsim.contrib.drt.analysis.DrtVehicleDistanceStats
2026-08-25T03:43:33,488  INFO EventsManagerImpl:180   org.matsim.contrib.drt.analysis.DrtVehicleDistanceStats
2026-08-25T03:43:33,488  INFO EventsManagerImpl:180   org.matsim.contrib.drt.analysis.DrtVehicleDistanceStats
2026-08-25T03:43:33,488  INFO EventsManagerImpl:180   org.matsim.contrib.drt.analysis.DrtVehicleDistanceStats
2026-08-25T03:43:33,488  INFO EventsManagerImpl:180   org.matsim.analysis.VolumesAnalyzer
2026-08-25T03:43:33,488  INFO EventsManagerImpl:180   org.matsim.core.scoring.ScoringFunctionsForPopulation
2026-08-25T03:43:33,488  INFO EventsManagerImpl:180   org.matsim.analysis.LegHistogram
2026-08-25T03:43:33,488  INFO EventsManagerImpl:180   org.matsim.contrib.drt.analysis.DrtEventSequenceCollector
2026-08-25T03:43:33,488  INFO EventsManagerImpl:180   org.matsim.contrib.drt.analysis.DrtEventSequenceCollector
2026-08-25T03:43:33,488  INFO EventsManagerImpl:180   org.matsim.contrib.drt.analysis.DrtEventSequenceCollector
2026-08-25T03:43:33,488  INFO EventsManagerImpl:180   org.matsim.contrib.drt.analysis.DrtEventSequenceCollector
2026-08-25T03:43:33,488  INFO EventsManagerImpl:180   org.matsim.contrib.drt.analysis.DrtEventSequenceCollector
2026-08-25T03:43:33,489  INFO EventsManagerImpl:180   org.matsim.contrib.drt.analysis.DrtEventSequenceCollector
2026-08-25T03:43:33,489  INFO EventsManagerImpl:180   org.matsim.contrib.drt.analysis.DrtEventSequenceCollector
2026-08-25T03:43:33,489  INFO EventsManagerImpl:180   org.matsim.contrib.drt.analysis.DrtEventSequenceCollector
2026-08-25T03:43:33,489  INFO EventsManagerImpl:180   org.matsim.contrib.drt.analysis.DrtEventSequenceCollector
2026-08-25T03:43:33,489  INFO EventsManagerImpl:180   org.matsim.contrib.drt.analysis.DrtEventSequenceCollector
2026-08-25T03:43:33,489  INFO EventsManagerImpl:180   org.matsim.contrib.drt.analysis.DrtEventSequenceCollector
2026-08-25T03:43:33,489  INFO EventsManagerImpl:180   org.matsim.contrib.drt.analysis.DrtEventSequenceCollector
2026-08-25T03:43:33,489  INFO EventsManagerImpl:180   org.matsim.contrib.drt.analysis.DrtEventSequenceCollector
2026-08-25T03:43:33,489  INFO EventsManagerImpl:180   org.matsim.contrib.drt.analysis.DrtEventSequenceCollector
2026-08-25T03:43:33,489  INFO EventsManagerImpl:180   org.matsim.contrib.drt.analysis.DrtEventSequenceCollector
2026-08-25T03:43:33,489  INFO EventsManagerImpl:180   org.matsim.contrib.drt.analysis.DrtEventSequenceCollector
2026-08-25T03:43:33,489  INFO EventsManagerImpl:180   org.matsim.contrib.drt.analysis.DrtEventSequenceCollector
2026-08-25T03:43:33,489  INFO EventsManagerImpl:180   org.matsim.contrib.drt.analysis.DrtEventSequenceCollector
2026-08-25T03:43:33,489  INFO EventsManagerImpl:180   org.matsim.contrib.drt.analysis.DrtEventSequenceCollector
2026-08-25T03:43:33,489  INFO EventsManagerImpl:180   org.matsim.contrib.drt.analysis.DrtEventSequenceCollector
2026-08-25T03:43:33,489  INFO EventsManagerImpl:180   org.matsim.analysis.CalcLegTimes
2026-08-25T03:43:33,489  INFO EventsManagerImpl:180   org.matsim.contrib.drt.sharingmetrics.SharingMetricsTracker
2026-08-25T03:43:33,489  INFO EventsManagerImpl:180   org.matsim.contrib.drt.sharingmetrics.SharingMetricsTracker
2026-08-25T03:43:33,489  INFO EventsManagerImpl:180   org.matsim.contrib.drt.sharingmetrics.SharingMetricsTracker
2026-08-25T03:43:33,489  INFO EventsManagerImpl:180   org.matsim.contrib.drt.sharingmetrics.SharingMetricsTracker
2026-08-25T03:43:33,489  INFO EventsManagerImpl:180   org.matsim.contrib.drt.sharingmetrics.SharingMetricsTracker
2026-08-25T03:43:33,489  INFO EventsManagerImpl:180   org.matsim.contrib.drt.sharingmetrics.SharingMetricsTracker
2026-08-25T03:43:33,490  INFO EventsManagerImpl:180   org.matsim.contrib.drt.sharingmetrics.SharingMetricsTracker
2026-08-25T03:43:33,490  INFO EventsManagerImpl:180   org.matsim.contrib.drt.sharingmetrics.SharingMetricsTracker
2026-08-25T03:43:33,490  INFO EventsManagerImpl:180   org.matsim.contrib.drt.sharingmetrics.SharingMetricsTracker
2026-08-25T03:43:33,490  INFO EventsManagerImpl:180   org.matsim.contrib.drt.sharingmetrics.SharingMetricsTracker
2026-08-25T03:43:33,490  INFO EventsManagerImpl:180   org.matsim.contrib.drt.sharingmetrics.SharingMetricsTracker
2026-08-25T03:43:33,490  INFO EventsManagerImpl:180   org.matsim.contrib.drt.sharingmetrics.SharingMetricsTracker
2026-08-25T03:43:33,490  INFO EventsManagerImpl:180   org.matsim.contrib.drt.sharingmetrics.SharingMetricsTracker
2026-08-25T03:43:33,490  INFO EventsManagerImpl:180   org.matsim.contrib.drt.sharingmetrics.SharingMetricsTracker
2026-08-25T03:43:33,490  INFO EventsManagerImpl:180   org.matsim.contrib.drt.sharingmetrics.SharingMetricsTracker
2026-08-25T03:43:33,490  INFO EventsManagerImpl:180   org.matsim.contrib.drt.sharingmetrics.SharingMetricsTracker
2026-08-25T03:43:33,490  INFO EventsManagerImpl:180   org.matsim.contrib.drt.sharingmetrics.SharingMetricsTracker
2026-08-25T03:43:33,490  INFO EventsManagerImpl:180   org.matsim.contrib.drt.sharingmetrics.SharingMetricsTracker
2026-08-25T03:43:33,490  INFO EventsManagerImpl:180   org.matsim.contrib.drt.sharingmetrics.SharingMetricsTracker
2026-08-25T03:43:33,490  INFO EventsManagerImpl:180   org.matsim.contrib.drt.sharingmetrics.SharingMetricsTracker
2026-08-25T03:43:33,491  INFO EventsManagerImpl:180   org.matsim.contrib.dvrp.analysis.VehicleOccupancyProfileCalculator
2026-08-25T03:43:33,491  INFO EventsManagerImpl:180   org.matsim.contrib.dvrp.analysis.VehicleOccupancyProfileCalculator
2026-08-25T03:43:33,491  INFO EventsManagerImpl:180   org.matsim.contrib.dvrp.analysis.VehicleOccupancyProfileCalculator
2026-08-25T03:43:33,491  INFO EventsManagerImpl:180   org.matsim.contrib.dvrp.analysis.VehicleOccupancyProfileCalculator
2026-08-25T03:43:33,491  INFO EventsManagerImpl:180   org.matsim.contrib.dvrp.analysis.VehicleOccupancyProfileCalculator
2026-08-25T03:43:33,491  INFO EventsManagerImpl:180   org.matsim.contrib.dvrp.analysis.VehicleOccupancyProfileCalculator
2026-08-25T03:43:33,491  INFO EventsManagerImpl:180   org.matsim.contrib.dvrp.analysis.VehicleOccupancyProfileCalculator
2026-08-25T03:43:33,491  INFO EventsManagerImpl:180   org.matsim.contrib.dvrp.analysis.VehicleOccupancyProfileCalculator
2026-08-25T03:43:33,491  INFO EventsManagerImpl:180   org.matsim.contrib.dvrp.analysis.VehicleOccupancyProfileCalculator
2026-08-25T03:43:33,491  INFO EventsManagerImpl:180   org.matsim.contrib.dvrp.analysis.VehicleOccupancyProfileCalculator
2026-08-25T03:43:33,491  INFO EventsManagerImpl:180   org.matsim.contrib.dvrp.analysis.VehicleOccupancyProfileCalculator
2026-08-25T03:43:33,491  INFO EventsManagerImpl:180   org.matsim.contrib.dvrp.analysis.VehicleOccupancyProfileCalculator
2026-08-25T03:43:33,491  INFO EventsManagerImpl:180   org.matsim.contrib.dvrp.analysis.VehicleOccupancyProfileCalculator
2026-08-25T03:43:33,491  INFO EventsManagerImpl:180   org.matsim.contrib.dvrp.analysis.VehicleOccupancyProfileCalculator
2026-08-25T03:43:33,492  INFO EventsManagerImpl:180   org.matsim.contrib.dvrp.analysis.VehicleOccupancyProfileCalculator
2026-08-25T03:43:33,492  INFO EventsManagerImpl:180   org.matsim.contrib.dvrp.analysis.VehicleOccupancyProfileCalculator
2026-08-25T03:43:33,492  INFO EventsManagerImpl:180   org.matsim.contrib.dvrp.analysis.VehicleOccupancyProfileCalculator
2026-08-25T03:43:33,492  INFO EventsManagerImpl:180   org.matsim.contrib.dvrp.analysis.VehicleOccupancyProfileCalculator
2026-08-25T03:43:33,492  INFO EventsManagerImpl:180   org.matsim.contrib.dvrp.analysis.VehicleOccupancyProfileCalculator
2026-08-25T03:43:33,492  INFO EventsManagerImpl:180   org.matsim.contrib.dvrp.analysis.VehicleOccupancyProfileCalculator
2026-08-25T03:43:33,492  INFO EventsManagerImpl:180   org.matsim.contrib.dvrp.analysis.ExecutedScheduleCollector
2026-08-25T03:43:33,492  INFO EventsManagerImpl:180   org.matsim.contrib.dvrp.analysis.VehicleTaskProfileCalculator
2026-08-25T03:43:33,492  INFO EventsManagerImpl:180   org.matsim.contrib.drt.analysis.zonal.ZonalIdleVehicleXYVisualiser
2026-08-25T03:43:33,493  INFO EventsManagerImpl:180   org.matsim.contrib.dvrp.analysis.ExecutedScheduleCollector
2026-08-25T03:43:33,493  INFO EventsManagerImpl:180   org.matsim.contrib.dvrp.analysis.VehicleTaskProfileCalculator
2026-08-25T03:43:33,493  INFO EventsManagerImpl:180   org.matsim.contrib.drt.analysis.zonal.ZonalIdleVehicleXYVisualiser
2026-08-25T03:43:33,493  INFO EventsManagerImpl:180   org.matsim.contrib.dvrp.analysis.ExecutedScheduleCollector
2026-08-25T03:43:33,494  INFO EventsManagerImpl:180   org.matsim.contrib.dvrp.analysis.VehicleTaskProfileCalculator
2026-08-25T03:43:33,494  INFO EventsManagerImpl:180   org.matsim.contrib.drt.analysis.zonal.ZonalIdleVehicleXYVisualiser
2026-08-25T03:43:33,494  INFO EventsManagerImpl:180   org.matsim.contrib.dvrp.analysis.ExecutedScheduleCollector
2026-08-25T03:43:33,494  INFO EventsManagerImpl:180   org.matsim.contrib.dvrp.analysis.VehicleTaskProfileCalculator
2026-08-25T03:43:33,494  INFO EventsManagerImpl:180   org.matsim.contrib.drt.analysis.zonal.ZonalIdleVehicleXYVisualiser
2026-08-25T03:43:33,495  INFO EventsManagerImpl:180   org.matsim.contrib.dvrp.analysis.ExecutedScheduleCollector
2026-08-25T03:43:33,495  INFO EventsManagerImpl:180   org.matsim.contrib.dvrp.analysis.VehicleTaskProfileCalculator
2026-08-25T03:43:33,495  INFO EventsManagerImpl:180   org.matsim.contrib.drt.analysis.zonal.ZonalIdleVehicleXYVisualiser
2026-08-25T03:43:33,497  INFO EventsManagerImpl:180   org.matsim.contrib.dvrp.analysis.ExecutedScheduleCollector
2026-08-25T03:43:33,497  INFO EventsManagerImpl:180   org.matsim.contrib.dvrp.analysis.VehicleTaskProfileCalculator
2026-08-25T03:43:33,497  INFO EventsManagerImpl:180   org.matsim.contrib.drt.analysis.zonal.ZonalIdleVehicleXYVisualiser
2026-08-25T03:43:33,497  INFO EventsManagerImpl:180   org.matsim.contrib.dvrp.analysis.ExecutedScheduleCollector
2026-08-25T03:43:33,497  INFO EventsManagerImpl:180   org.matsim.contrib.dvrp.analysis.VehicleTaskProfileCalculator
2026-08-25T03:43:33,497  INFO EventsManagerImpl:180   org.matsim.contrib.drt.analysis.zonal.ZonalIdleVehicleXYVisualiser
2026-08-25T03:43:33,498  INFO EventsManagerImpl:180   org.matsim.contrib.dvrp.analysis.ExecutedScheduleCollector
2026-08-25T03:43:33,498  INFO EventsManagerImpl:180   org.matsim.contrib.dvrp.analysis.VehicleTaskProfileCalculator
2026-08-25T03:43:33,498  INFO EventsManagerImpl:180   org.matsim.contrib.drt.analysis.zonal.ZonalIdleVehicleXYVisualiser
2026-08-25T03:43:33,499  INFO EventsManagerImpl:180   org.matsim.contrib.dvrp.analysis.ExecutedScheduleCollector
2026-08-25T03:43:33,499  INFO EventsManagerImpl:180   org.matsim.contrib.dvrp.analysis.VehicleTaskProfileCalculator
2026-08-25T03:43:33,499  INFO EventsManagerImpl:180   org.matsim.contrib.drt.analysis.zonal.ZonalIdleVehicleXYVisualiser
2026-08-25T03:43:33,500  INFO EventsManagerImpl:180   org.matsim.contrib.dvrp.analysis.ExecutedScheduleCollector
2026-08-25T03:43:33,500  INFO EventsManagerImpl:180   org.matsim.contrib.dvrp.analysis.VehicleTaskProfileCalculator
2026-08-25T03:43:33,500  INFO EventsManagerImpl:180   org.matsim.contrib.drt.analysis.zonal.ZonalIdleVehicleXYVisualiser
2026-08-25T03:43:33,501  INFO EventsManagerImpl:180   org.matsim.contrib.dvrp.analysis.ExecutedScheduleCollector
2026-08-25T03:43:33,501  INFO EventsManagerImpl:180   org.matsim.contrib.dvrp.analysis.VehicleTaskProfileCalculator
2026-08-25T03:43:33,501  INFO EventsManagerImpl:180   org.matsim.contrib.drt.analysis.zonal.ZonalIdleVehicleXYVisualiser
2026-08-25T03:43:33,501  INFO EventsManagerImpl:180   org.matsim.contrib.dvrp.analysis.ExecutedScheduleCollector
2026-08-25T03:43:33,501  INFO EventsManagerImpl:180   org.matsim.contrib.dvrp.analysis.VehicleTaskProfileCalculator
2026-08-25T03:43:33,502  INFO EventsManagerImpl:180   org.matsim.contrib.drt.analysis.zonal.ZonalIdleVehicleXYVisualiser
2026-08-25T03:43:33,502  INFO EventsManagerImpl:180   org.matsim.contrib.dvrp.analysis.ExecutedScheduleCollector
2026-08-25T03:43:33,502  INFO EventsManagerImpl:180   org.matsim.contrib.dvrp.analysis.VehicleTaskProfileCalculator
2026-08-25T03:43:33,503  INFO EventsManagerImpl:180   org.matsim.contrib.drt.analysis.zonal.ZonalIdleVehicleXYVisualiser
2026-08-25T03:43:33,503  INFO EventsManagerImpl:180   org.matsim.contrib.dvrp.analysis.ExecutedScheduleCollector
2026-08-25T03:43:33,503  INFO EventsManagerImpl:180   org.matsim.contrib.dvrp.analysis.VehicleTaskProfileCalculator
2026-08-25T03:43:33,503  INFO EventsManagerImpl:180   org.matsim.contrib.drt.analysis.zonal.ZonalIdleVehicleXYVisualiser
2026-08-25T03:43:33,504  INFO EventsManagerImpl:180   org.matsim.contrib.dvrp.analysis.ExecutedScheduleCollector
2026-08-25T03:43:33,504  INFO EventsManagerImpl:180   org.matsim.contrib.dvrp.analysis.VehicleTaskProfileCalculator
2026-08-25T03:43:33,504  INFO EventsManagerImpl:180   org.matsim.contrib.drt.analysis.zonal.ZonalIdleVehicleXYVisualiser
2026-08-25T03:43:33,504  INFO EventsManagerImpl:180   org.matsim.contrib.dvrp.analysis.ExecutedScheduleCollector
2026-08-25T03:43:33,504  INFO EventsManagerImpl:180   org.matsim.contrib.dvrp.analysis.VehicleTaskProfileCalculator
2026-08-25T03:43:33,504  INFO EventsManagerImpl:180   org.matsim.contrib.drt.analysis.zonal.ZonalIdleVehicleXYVisualiser
2026-08-25T03:43:33,506  INFO EventsManagerImpl:180   org.matsim.contrib.dvrp.analysis.ExecutedScheduleCollector
2026-08-25T03:43:33,506  INFO EventsManagerImpl:180   org.matsim.contrib.dvrp.analysis.VehicleTaskProfileCalculator
2026-08-25T03:43:33,506  INFO EventsManagerImpl:180   org.matsim.contrib.drt.analysis.zonal.ZonalIdleVehicleXYVisualiser
2026-08-25T03:43:33,507  INFO EventsManagerImpl:180   org.matsim.contrib.dvrp.analysis.ExecutedScheduleCollector
2026-08-25T03:43:33,507  INFO EventsManagerImpl:180   org.matsim.contrib.dvrp.analysis.VehicleTaskProfileCalculator
2026-08-25T03:43:33,507  INFO EventsManagerImpl:180   org.matsim.contrib.drt.analysis.zonal.ZonalIdleVehicleXYVisualiser
2026-08-25T03:43:33,508  INFO EventsManagerImpl:180   org.matsim.contrib.dvrp.analysis.ExecutedScheduleCollector
2026-08-25T03:43:33,508  INFO EventsManagerImpl:180   org.matsim.contrib.dvrp.analysis.VehicleTaskProfileCalculator
2026-08-25T03:43:33,508  INFO EventsManagerImpl:180   org.matsim.contrib.drt.analysis.zonal.ZonalIdleVehicleXYVisualiser
2026-08-25T03:43:33,509  INFO EventsManagerImpl:180   org.matsim.contrib.dvrp.analysis.ExecutedScheduleCollector
2026-08-25T03:43:33,509  INFO EventsManagerImpl:180   org.matsim.contrib.dvrp.analysis.VehicleTaskProfileCalculator
2026-08-25T03:43:33,509  INFO EventsManagerImpl:180   org.matsim.contrib.drt.analysis.zonal.ZonalIdleVehicleXYVisualiser
2026-08-25T03:43:33,510  INFO EventsManagerImpl:180   ch.sbb.matsim.routing.pt.raptor.SwissRailRaptorFactory$$Lambda/0x000000002560d200
2026-08-25T03:43:33,511  INFO EventsManagerImpl:139 === Logging of event-handlers skipped ===
2026-08-25T03:43:33,511  INFO EventsManagerImpl:140 To enable debug output, set an environment variable i.e. export LOG_LEVEL='debug', or set log.setLogLevel(Level.DEBUG) in your run class.
2026-08-25T03:43:33,512  INFO EventsManagerImpl:210     > org.matsim.api.core.v01.events.Event
2026-08-25T03:43:33,512  INFO EventsManagerImpl:139 === Logging of event-handlers skipped ===
2026-08-25T03:43:33,512  INFO EventsManagerImpl:140 To enable debug output, set an environment variable i.e. export LOG_LEVEL='debug', or set log.setLogLevel(Level.DEBUG) in your run class.
2026-08-25T03:43:33,512  INFO EventsManagerImpl:210     > org.matsim.api.core.v01.events.Event
2026-08-25T03:43:33,512  INFO ControlerListenerManagerImpl:242 calling notifyBeforeMobsim on org.matsim.core.controler.corelisteners.PlansDumpingImpl with priority 0.0
2026-08-25T03:43:33,512  INFO PlansDumpingImpl:77 dumping plans...
2026-08-25T03:43:33,517  INFO Counter:70 [PopulationWriter] dumped person # 1
2026-08-25T03:43:33,517  INFO Counter:70 [PopulationWriter] dumped person # 2
2026-08-25T03:43:33,517  INFO Counter:70 [PopulationWriter] dumped person # 4
2026-08-25T03:43:33,517  INFO Counter:70 [PopulationWriter] dumped person # 8
2026-08-25T03:43:33,517  INFO Counter:70 [PopulationWriter] dumped person # 16
2026-08-25T03:43:33,517  INFO Counter:70 [PopulationWriter] dumped person # 32
2026-08-25T03:43:33,517  INFO Counter:70 [PopulationWriter] dumped person # 64
2026-08-25T03:43:33,517  INFO Counter:70 [PopulationWriter] dumped person # 128
2026-08-25T03:43:33,517  INFO Counter:70 [PopulationWriter] dumped person # 256
2026-08-25T03:43:33,517  INFO Counter:70 [PopulationWriter] dumped person # 512
2026-08-25T03:43:33,517  INFO Counter:70 [ParallelPopulationWriterV6] dumped person # 1
2026-08-25T03:43:33,518  INFO Counter:70 [ParallelPopulationWriterV6] dumped person # 2
2026-08-25T03:43:33,518  INFO Counter:70 [ParallelPopulationWriterV6] dumped person # 4
2026-08-25T03:43:33,518  INFO Counter:70 [ParallelPopulationWriterV6] dumped person # 8
2026-08-25T03:43:33,518  INFO Counter:70 [ParallelPopulationWriterV6] dumped person # 16
2026-08-25T03:43:33,520  INFO Counter:70 [PopulationWriter] dumped person # 1024
2026-08-25T03:43:33,520  INFO Counter:70 [ParallelPopulationWriterV6] dumped person # 32
2026-08-25T03:43:33,522  INFO Counter:70 [ParallelPopulationWriterV6] dumped person # 64
2026-08-25T03:43:33,529  INFO Counter:70 [ParallelPopulationWriterV6] dumped person # 128
2026-08-25T03:43:33,538  INFO Counter:70 [ParallelPopulationWriterV6] dumped person # 256
2026-08-25T03:43:33,557  INFO Counter:70 [ParallelPopulationWriterV6] dumped person # 512
2026-08-25T03:43:33,595  INFO Counter:70 [ParallelPopulationWriterV6] dumped person # 1024
2026-08-25T03:43:33,596  INFO Counter:70 [PopulationWriter] dumped person # 2048
2026-08-25T03:43:33,674  INFO Counter:70 [ParallelPopulationWriterV6] dumped person # 2048
2026-08-25T03:43:33,751  INFO Counter:75 [ParallelPopulationWriterV6] dumped person # 3068
2026-08-25T03:43:33,751  INFO PopulationWriter:150 Population written to: ./output-downsampled-1pct-demo/ITERS/it.1/1.plans.xml.gz
2026-08-25T03:43:33,753  INFO Counter:75 [PopulationWriter] dumped person # 3068
2026-08-25T03:43:33,753  INFO PlansDumpingImpl:94 finished plans dump.
2026-08-25T03:43:33,754  INFO ControlerListenerManagerImpl:248 calling notifyBeforeMobsim on org.matsim.core.population.VspPlansCleaner with priority 0.0
2026-08-25T03:43:33,763  INFO ControlerListenerManagerImpl:251 [it.1] all ControlerBeforeMobsimListeners called.
2026-08-25T03:43:33,763  INFO PrepareForMobsimImpl:86 Network seems to be multimodal. Create car-only network which is handed over to PersonPrepareForSim.
2026-08-25T03:43:33,763  INFO NetworkImpl:165  node # 1
2026-08-25T03:43:33,763  INFO NetworkImpl:165  node # 4
2026-08-25T03:43:33,763  INFO NetworkImpl:165  node # 16
2026-08-25T03:43:33,763  INFO NetworkImpl:165  node # 64
2026-08-25T03:43:33,764  INFO NetworkImpl:165  node # 256
2026-08-25T03:43:33,764  INFO NetworkImpl:165  node # 1024
2026-08-25T03:43:33,765  INFO NetworkImpl:165  node # 4096
2026-08-25T03:43:33,767  INFO NetworkImpl:161  link # 1
2026-08-25T03:43:33,767  INFO NetworkImpl:161  link # 4
2026-08-25T03:43:33,767  INFO NetworkImpl:161  link # 16
2026-08-25T03:43:33,767  INFO NetworkImpl:161  link # 64
2026-08-25T03:43:33,768  INFO NetworkImpl:161  link # 256
2026-08-25T03:43:33,769  INFO NetworkImpl:161  link # 1024
2026-08-25T03:43:33,772  INFO NetworkImpl:161  link # 4096
2026-08-25T03:43:33,789  INFO NetworkImpl:161  link # 16384
2026-08-25T03:43:33,796  WARN NetworkRoutingProvider:137 [mode: car; routingMode: car] Using deprecated routing module without access/egress. Consider using AccessEgressNetworkRouter instead.
2026-08-25T03:43:33,802  WARN NetworkRoutingProvider:137 [mode: car; routingMode: car] Using deprecated routing module without access/egress. Consider using AccessEgressNetworkRouter instead.
2026-08-25T03:43:33,805  WARN NetworkRoutingProvider:137 [mode: car; routingMode: car] Using deprecated routing module without access/egress. Consider using AccessEgressNetworkRouter instead.
2026-08-25T03:43:33,809  WARN NetworkRoutingProvider:137 [mode: car; routingMode: car] Using deprecated routing module without access/egress. Consider using AccessEgressNetworkRouter instead.
2026-08-25T03:43:33,813  INFO Counter:70 [PersonPrepareForSim] handled person # 1
2026-08-25T03:43:33,813  INFO Counter:70 [PersonPrepareForSim] handled person # 2
2026-08-25T03:43:33,813  INFO Counter:70 [PersonPrepareForSim] handled person # 4
2026-08-25T03:43:33,814  INFO Counter:70 [PersonPrepareForSim] handled person # 8
2026-08-25T03:43:33,814  INFO Counter:70 [PersonPrepareForSim] handled person # 16
2026-08-25T03:43:33,814  INFO Counter:70 [PersonPrepareForSim] handled person # 32
2026-08-25T03:43:33,814  INFO Counter:70 [PersonPrepareForSim] handled person # 64
2026-08-25T03:43:33,814  INFO Counter:70 [PersonPrepareForSim] handled person # 128
2026-08-25T03:43:33,815  INFO Counter:70 [PersonPrepareForSim] handled person # 256
2026-08-25T03:43:33,816  INFO Counter:70 [PersonPrepareForSim] handled person # 512
2026-08-25T03:43:33,817  INFO Counter:70 [PersonPrepareForSim] handled person # 1024
2026-08-25T03:43:33,820  INFO Counter:70 [PersonPrepareForSim] handled person # 2048
2026-08-25T03:43:33,824  INFO Counter:75 [PersonPrepareForSim] handled person # 3068
2026-08-25T03:43:34,838  INFO MobsimListenerManager:50 calling addQueueSimulationListener
2026-08-25T03:43:34,838  INFO MobsimListenerManager:54   assigned class org.matsim.core.mobsim.framework.listeners.MobsimListener to interface org.matsim.contrib.dvrp.trafficmonitoring.DvrpOfflineTravelTimeEstimator
2026-08-25T03:43:34,838  INFO MobsimListenerManager:54   assigned class org.matsim.core.mobsim.framework.listeners.MobsimListener to interface org.matsim.core.mobsim.framework.listeners.MobsimBeforeCleanupListener
2026-08-25T03:43:34,838  INFO MobsimListenerManager:54   assigned class org.matsim.core.mobsim.framework.listeners.MobsimListener to interface org.matsim.core.mobsim.framework.listeners.MobsimListener
2026-08-25T03:43:34,838  INFO MobsimListenerManager:50 calling addQueueSimulationListener
2026-08-25T03:43:34,838  INFO MobsimListenerManager:54   assigned class org.matsim.core.mobsim.framework.listeners.MobsimListener to interface org.matsim.core.mobsim.framework.listeners.MobsimAfterSimStepListener
2026-08-25T03:43:34,839  INFO MobsimListenerManager:54   assigned class org.matsim.core.mobsim.framework.listeners.MobsimListener to interface org.matsim.vis.snapshotwriters.SnapshotWriterManager
2026-08-25T03:43:34,839  INFO MobsimListenerManager:54   assigned class org.matsim.core.mobsim.framework.listeners.MobsimListener to interface org.matsim.core.mobsim.framework.listeners.MobsimBeforeCleanupListener
2026-08-25T03:43:34,839  INFO MobsimListenerManager:54   assigned class org.matsim.core.mobsim.framework.listeners.MobsimListener to interface org.matsim.core.mobsim.framework.listeners.MobsimInitializedListener
2026-08-25T03:43:34,839  INFO MobsimListenerManager:54   assigned class org.matsim.core.mobsim.framework.listeners.MobsimListener to interface org.matsim.core.mobsim.framework.listeners.MobsimListener
2026-08-25T03:43:34,842  WARN TurnRestrictionsContext:144 No mode was specified, merging available DisallowedNextLinks from all modes.
2026-08-25T03:43:34,842  WARN TurnRestrictionsContext:145 This could result in a graph that is more restrictive than meant to be for routing.
2026-08-25T03:43:34,851  INFO SpeedyALTData:51 find dead ends...
2026-08-25T03:43:34,852  INFO SpeedyALTData:132 calculate landmarks...
2026-08-25T03:43:34,893  INFO SpeedyALTData:173 calculate min travelcost...
2026-08-25T03:43:34,897  WARN TurnRestrictionsContext:144 No mode was specified, merging available DisallowedNextLinks from all modes.
2026-08-25T03:43:34,897  WARN TurnRestrictionsContext:145 This could result in a graph that is more restrictive than meant to be for routing.
2026-08-25T03:43:34,905  INFO SpeedyALTData:51 find dead ends...
2026-08-25T03:43:34,906  INFO SpeedyALTData:132 calculate landmarks...
2026-08-25T03:43:34,949  INFO SpeedyALTData:173 calculate min travelcost...
2026-08-25T03:43:34,951  WARN TurnRestrictionsContext:144 No mode was specified, merging available DisallowedNextLinks from all modes.
2026-08-25T03:43:34,951  WARN TurnRestrictionsContext:145 This could result in a graph that is more restrictive than meant to be for routing.
2026-08-25T03:43:34,957  INFO SpeedyALTData:51 find dead ends...
2026-08-25T03:43:34,957  INFO SpeedyALTData:132 calculate landmarks...
2026-08-25T03:43:34,996  INFO SpeedyALTData:173 calculate min travelcost...
2026-08-25T03:43:34,999  WARN TurnRestrictionsContext:144 No mode was specified, merging available DisallowedNextLinks from all modes.
2026-08-25T03:43:34,999  WARN TurnRestrictionsContext:145 This could result in a graph that is more restrictive than meant to be for routing.
2026-08-25T03:43:35,007  INFO SpeedyALTData:51 find dead ends...
2026-08-25T03:43:35,008  INFO SpeedyALTData:132 calculate landmarks...
2026-08-25T03:43:35,045  INFO SpeedyALTData:173 calculate min travelcost...
2026-08-25T03:43:35,049  WARN TurnRestrictionsContext:144 No mode was specified, merging available DisallowedNextLinks from all modes.
2026-08-25T03:43:35,049  WARN TurnRestrictionsContext:145 This could result in a graph that is more restrictive than meant to be for routing.
2026-08-25T03:43:35,055  INFO SpeedyALTData:51 find dead ends...
2026-08-25T03:43:35,056  INFO SpeedyALTData:132 calculate landmarks...
2026-08-25T03:43:35,091  INFO SpeedyALTData:173 calculate min travelcost...
2026-08-25T03:43:35,094  WARN TurnRestrictionsContext:144 No mode was specified, merging available DisallowedNextLinks from all modes.
2026-08-25T03:43:35,094  WARN TurnRestrictionsContext:145 This could result in a graph that is more restrictive than meant to be for routing.
2026-08-25T03:43:35,102  INFO SpeedyALTData:51 find dead ends...
2026-08-25T03:43:35,102  INFO SpeedyALTData:132 calculate landmarks...
2026-08-25T03:43:35,139  INFO SpeedyALTData:173 calculate min travelcost...
2026-08-25T03:43:35,142  WARN TurnRestrictionsContext:144 No mode was specified, merging available DisallowedNextLinks from all modes.
2026-08-25T03:43:35,142  WARN TurnRestrictionsContext:145 This could result in a graph that is more restrictive than meant to be for routing.
2026-08-25T03:43:35,149  INFO SpeedyALTData:51 find dead ends...
2026-08-25T03:43:35,149  INFO SpeedyALTData:132 calculate landmarks...
2026-08-25T03:43:35,182  INFO SpeedyALTData:173 calculate min travelcost...
2026-08-25T03:43:35,185  WARN TurnRestrictionsContext:144 No mode was specified, merging available DisallowedNextLinks from all modes.
2026-08-25T03:43:35,185  WARN TurnRestrictionsContext:145 This could result in a graph that is more restrictive than meant to be for routing.
2026-08-25T03:43:35,189  INFO SpeedyALTData:51 find dead ends...
2026-08-25T03:43:35,190  INFO SpeedyALTData:132 calculate landmarks...
2026-08-25T03:43:35,220  INFO SpeedyALTData:173 calculate min travelcost...
2026-08-25T03:43:35,222  WARN TurnRestrictionsContext:144 No mode was specified, merging available DisallowedNextLinks from all modes.
2026-08-25T03:43:35,222  WARN TurnRestrictionsContext:145 This could result in a graph that is more restrictive than meant to be for routing.
2026-08-25T03:43:35,226  INFO SpeedyALTData:51 find dead ends...
2026-08-25T03:43:35,227  INFO SpeedyALTData:132 calculate landmarks...
2026-08-25T03:43:35,264  INFO SpeedyALTData:173 calculate min travelcost...
2026-08-25T03:43:35,265  WARN TurnRestrictionsContext:144 No mode was specified, merging available DisallowedNextLinks from all modes.
2026-08-25T03:43:35,265  WARN TurnRestrictionsContext:145 This could result in a graph that is more restrictive than meant to be for routing.
2026-08-25T03:43:35,271  INFO SpeedyALTData:51 find dead ends...
2026-08-25T03:43:35,271  INFO SpeedyALTData:132 calculate landmarks...
2026-08-25T03:43:35,307  INFO SpeedyALTData:173 calculate min travelcost...
2026-08-25T03:43:35,309  WARN TurnRestrictionsContext:144 No mode was specified, merging available DisallowedNextLinks from all modes.
2026-08-25T03:43:35,309  WARN TurnRestrictionsContext:145 This could result in a graph that is more restrictive than meant to be for routing.
2026-08-25T03:43:35,314  INFO SpeedyALTData:51 find dead ends...
2026-08-25T03:43:35,315  INFO SpeedyALTData:132 calculate landmarks...
2026-08-25T03:43:35,347  INFO SpeedyALTData:173 calculate min travelcost...
2026-08-25T03:43:35,351  WARN TurnRestrictionsContext:144 No mode was specified, merging available DisallowedNextLinks from all modes.
2026-08-25T03:43:35,351  WARN TurnRestrictionsContext:145 This could result in a graph that is more restrictive than meant to be for routing.
2026-08-25T03:43:35,356  INFO SpeedyALTData:51 find dead ends...
2026-08-25T03:43:35,357  INFO SpeedyALTData:132 calculate landmarks...
2026-08-25T03:43:35,393  INFO SpeedyALTData:173 calculate min travelcost...
2026-08-25T03:43:35,395  WARN TurnRestrictionsContext:144 No mode was specified, merging available DisallowedNextLinks from all modes.
2026-08-25T03:43:35,395  WARN TurnRestrictionsContext:145 This could result in a graph that is more restrictive than meant to be for routing.
2026-08-25T03:43:35,400  INFO SpeedyALTData:51 find dead ends...
2026-08-25T03:43:35,401  INFO SpeedyALTData:132 calculate landmarks...
2026-08-25T03:43:35,436  INFO SpeedyALTData:173 calculate min travelcost...
2026-08-25T03:43:35,439  WARN TurnRestrictionsContext:144 No mode was specified, merging available DisallowedNextLinks from all modes.
2026-08-25T03:43:35,439  WARN TurnRestrictionsContext:145 This could result in a graph that is more restrictive than meant to be for routing.
2026-08-25T03:43:35,443  INFO SpeedyALTData:51 find dead ends...
2026-08-25T03:43:35,444  INFO SpeedyALTData:132 calculate landmarks...
2026-08-25T03:43:35,483  INFO SpeedyALTData:173 calculate min travelcost...
2026-08-25T03:43:35,486  WARN TurnRestrictionsContext:144 No mode was specified, merging available DisallowedNextLinks from all modes.
2026-08-25T03:43:35,486  WARN TurnRestrictionsContext:145 This could result in a graph that is more restrictive than meant to be for routing.
2026-08-25T03:43:35,492  INFO SpeedyALTData:51 find dead ends...
2026-08-25T03:43:35,492  INFO SpeedyALTData:132 calculate landmarks...
2026-08-25T03:43:35,527  INFO SpeedyALTData:173 calculate min travelcost...
2026-08-25T03:43:35,529  WARN TurnRestrictionsContext:144 No mode was specified, merging available DisallowedNextLinks from all modes.
2026-08-25T03:43:35,529  WARN TurnRestrictionsContext:145 This could result in a graph that is more restrictive than meant to be for routing.
2026-08-25T03:43:35,536  INFO SpeedyALTData:51 find dead ends...
2026-08-25T03:43:35,537  INFO SpeedyALTData:132 calculate landmarks...
2026-08-25T03:43:35,574  INFO SpeedyALTData:173 calculate min travelcost...
2026-08-25T03:43:35,577  WARN TurnRestrictionsContext:144 No mode was specified, merging available DisallowedNextLinks from all modes.
2026-08-25T03:43:35,577  WARN TurnRestrictionsContext:145 This could result in a graph that is more restrictive than meant to be for routing.
2026-08-25T03:43:35,582  INFO SpeedyALTData:51 find dead ends...
2026-08-25T03:43:35,583  INFO SpeedyALTData:132 calculate landmarks...
2026-08-25T03:43:35,615  INFO SpeedyALTData:173 calculate min travelcost...
2026-08-25T03:43:35,618  WARN TurnRestrictionsContext:144 No mode was specified, merging available DisallowedNextLinks from all modes.
2026-08-25T03:43:35,618  WARN TurnRestrictionsContext:145 This could result in a graph that is more restrictive than meant to be for routing.
2026-08-25T03:43:35,624  INFO SpeedyALTData:51 find dead ends...
2026-08-25T03:43:35,624  INFO SpeedyALTData:132 calculate landmarks...
2026-08-25T03:43:35,663  INFO SpeedyALTData:173 calculate min travelcost...
2026-08-25T03:43:35,665  WARN TurnRestrictionsContext:144 No mode was specified, merging available DisallowedNextLinks from all modes.
2026-08-25T03:43:35,665  WARN TurnRestrictionsContext:145 This could result in a graph that is more restrictive than meant to be for routing.
2026-08-25T03:43:35,671  INFO SpeedyALTData:51 find dead ends...
2026-08-25T03:43:35,671  INFO SpeedyALTData:132 calculate landmarks...
2026-08-25T03:43:35,708  INFO SpeedyALTData:173 calculate min travelcost...
2026-08-25T03:43:35,710  WARN TurnRestrictionsContext:144 No mode was specified, merging available DisallowedNextLinks from all modes.
2026-08-25T03:43:35,710  WARN TurnRestrictionsContext:145 This could result in a graph that is more restrictive than meant to be for routing.
2026-08-25T03:43:35,716  INFO SpeedyALTData:51 find dead ends...
2026-08-25T03:43:35,717  INFO SpeedyALTData:132 calculate landmarks...
2026-08-25T03:43:35,754  INFO SpeedyALTData:173 calculate min travelcost...
2026-08-25T03:43:35,755  WARN TurnRestrictionsContext:144 No mode was specified, merging available DisallowedNextLinks from all modes.
2026-08-25T03:43:35,755  WARN TurnRestrictionsContext:145 This could result in a graph that is more restrictive than meant to be for routing.
2026-08-25T03:43:35,763  INFO SpeedyALTData:51 find dead ends...
2026-08-25T03:43:35,764  INFO SpeedyALTData:132 calculate landmarks...
2026-08-25T03:43:35,797  INFO SpeedyALTData:173 calculate min travelcost...
2026-08-25T03:43:35,799  WARN TurnRestrictionsContext:144 No mode was specified, merging available DisallowedNextLinks from all modes.
2026-08-25T03:43:35,800  WARN TurnRestrictionsContext:145 This could result in a graph that is more restrictive than meant to be for routing.
2026-08-25T03:43:35,804  INFO SpeedyALTData:51 find dead ends...
2026-08-25T03:43:35,806  INFO SpeedyALTData:132 calculate landmarks...
2026-08-25T03:43:35,843  INFO SpeedyALTData:173 calculate min travelcost...
2026-08-25T03:43:35,846  WARN TurnRestrictionsContext:144 No mode was specified, merging available DisallowedNextLinks from all modes.
2026-08-25T03:43:35,846  WARN TurnRestrictionsContext:145 This could result in a graph that is more restrictive than meant to be for routing.
2026-08-25T03:43:35,851  INFO SpeedyALTData:51 find dead ends...
2026-08-25T03:43:35,852  INFO SpeedyALTData:132 calculate landmarks...
2026-08-25T03:43:35,885  INFO SpeedyALTData:173 calculate min travelcost...
2026-08-25T03:43:35,888  WARN TurnRestrictionsContext:144 No mode was specified, merging available DisallowedNextLinks from all modes.
2026-08-25T03:43:35,888  WARN TurnRestrictionsContext:145 This could result in a graph that is more restrictive than meant to be for routing.
2026-08-25T03:43:35,894  INFO SpeedyALTData:51 find dead ends...
2026-08-25T03:43:35,895  INFO SpeedyALTData:132 calculate landmarks...
2026-08-25T03:43:35,931  INFO SpeedyALTData:173 calculate min travelcost...
2026-08-25T03:43:35,934  WARN TurnRestrictionsContext:144 No mode was specified, merging available DisallowedNextLinks from all modes.
2026-08-25T03:43:35,934  WARN TurnRestrictionsContext:145 This could result in a graph that is more restrictive than meant to be for routing.
2026-08-25T03:43:35,938  INFO SpeedyALTData:51 find dead ends...
2026-08-25T03:43:35,939  INFO SpeedyALTData:132 calculate landmarks...
2026-08-25T03:43:35,970  INFO SpeedyALTData:173 calculate min travelcost...
2026-08-25T03:43:35,972  WARN TurnRestrictionsContext:144 No mode was specified, merging available DisallowedNextLinks from all modes.
2026-08-25T03:43:35,972  WARN TurnRestrictionsContext:145 This could result in a graph that is more restrictive than meant to be for routing.
2026-08-25T03:43:35,978  INFO SpeedyALTData:51 find dead ends...
2026-08-25T03:43:35,978  INFO SpeedyALTData:132 calculate landmarks...
2026-08-25T03:43:36,012  INFO SpeedyALTData:173 calculate min travelcost...
2026-08-25T03:43:36,014  WARN TurnRestrictionsContext:144 No mode was specified, merging available DisallowedNextLinks from all modes.
2026-08-25T03:43:36,014  WARN TurnRestrictionsContext:145 This could result in a graph that is more restrictive than meant to be for routing.
2026-08-25T03:43:36,021  INFO SpeedyALTData:51 find dead ends...
2026-08-25T03:43:36,021  INFO SpeedyALTData:132 calculate landmarks...
2026-08-25T03:43:36,052  INFO SpeedyALTData:173 calculate min travelcost...
2026-08-25T03:43:36,055  WARN TurnRestrictionsContext:144 No mode was specified, merging available DisallowedNextLinks from all modes.
2026-08-25T03:43:36,055  WARN TurnRestrictionsContext:145 This could result in a graph that is more restrictive than meant to be for routing.
2026-08-25T03:43:36,061  INFO SpeedyALTData:51 find dead ends...
2026-08-25T03:43:36,061  INFO SpeedyALTData:132 calculate landmarks...
2026-08-25T03:43:36,096  INFO SpeedyALTData:173 calculate min travelcost...
2026-08-25T03:43:36,098  WARN TurnRestrictionsContext:144 No mode was specified, merging available DisallowedNextLinks from all modes.
2026-08-25T03:43:36,098  WARN TurnRestrictionsContext:145 This could result in a graph that is more restrictive than meant to be for routing.
2026-08-25T03:43:36,105  INFO SpeedyALTData:51 find dead ends...
2026-08-25T03:43:36,105  INFO SpeedyALTData:132 calculate landmarks...
2026-08-25T03:43:36,137  INFO SpeedyALTData:173 calculate min travelcost...
2026-08-25T03:43:36,139  WARN TurnRestrictionsContext:144 No mode was specified, merging available DisallowedNextLinks from all modes.
2026-08-25T03:43:36,139  WARN TurnRestrictionsContext:145 This could result in a graph that is more restrictive than meant to be for routing.
2026-08-25T03:43:36,145  INFO SpeedyALTData:51 find dead ends...
2026-08-25T03:43:36,145  INFO SpeedyALTData:132 calculate landmarks...
2026-08-25T03:43:36,178  INFO SpeedyALTData:173 calculate min travelcost...
2026-08-25T03:43:36,180  WARN TurnRestrictionsContext:144 No mode was specified, merging available DisallowedNextLinks from all modes.
2026-08-25T03:43:36,180  WARN TurnRestrictionsContext:145 This could result in a graph that is more restrictive than meant to be for routing.
2026-08-25T03:43:36,186  INFO SpeedyALTData:51 find dead ends...
2026-08-25T03:43:36,187  INFO SpeedyALTData:132 calculate landmarks...
2026-08-25T03:43:36,220  INFO SpeedyALTData:173 calculate min travelcost...
2026-08-25T03:43:36,223  WARN TurnRestrictionsContext:144 No mode was specified, merging available DisallowedNextLinks from all modes.
2026-08-25T03:43:36,223  WARN TurnRestrictionsContext:145 This could result in a graph that is more restrictive than meant to be for routing.
2026-08-25T03:43:36,228  INFO SpeedyALTData:51 find dead ends...
2026-08-25T03:43:36,229  INFO SpeedyALTData:132 calculate landmarks...
2026-08-25T03:43:36,267  INFO SpeedyALTData:173 calculate min travelcost...
2026-08-25T03:43:36,270  WARN TurnRestrictionsContext:144 No mode was specified, merging available DisallowedNextLinks from all modes.
2026-08-25T03:43:36,272  WARN TurnRestrictionsContext:145 This could result in a graph that is more restrictive than meant to be for routing.
2026-08-25T03:43:36,276  INFO SpeedyALTData:51 find dead ends...
2026-08-25T03:43:36,277  INFO SpeedyALTData:132 calculate landmarks...
2026-08-25T03:43:36,307  INFO SpeedyALTData:173 calculate min travelcost...
2026-08-25T03:43:36,308  WARN TurnRestrictionsContext:144 No mode was specified, merging available DisallowedNextLinks from all modes.
2026-08-25T03:43:36,308  WARN TurnRestrictionsContext:145 This could result in a graph that is more restrictive than meant to be for routing.
2026-08-25T03:43:36,314  INFO SpeedyALTData:51 find dead ends...
2026-08-25T03:43:36,315  INFO SpeedyALTData:132 calculate landmarks...
2026-08-25T03:43:36,348  INFO SpeedyALTData:173 calculate min travelcost...
2026-08-25T03:43:36,350  WARN TurnRestrictionsContext:144 No mode was specified, merging available DisallowedNextLinks from all modes.
2026-08-25T03:43:36,350  WARN TurnRestrictionsContext:145 This could result in a graph that is more restrictive than meant to be for routing.
2026-08-25T03:43:36,357  INFO SpeedyALTData:51 find dead ends...
2026-08-25T03:43:36,357  INFO SpeedyALTData:132 calculate landmarks...
2026-08-25T03:43:36,390  INFO SpeedyALTData:173 calculate min travelcost...
2026-08-25T03:43:36,392  WARN TurnRestrictionsContext:144 No mode was specified, merging available DisallowedNextLinks from all modes.
2026-08-25T03:43:36,392  WARN TurnRestrictionsContext:145 This could result in a graph that is more restrictive than meant to be for routing.
2026-08-25T03:43:36,398  INFO SpeedyALTData:51 find dead ends...
2026-08-25T03:43:36,400  INFO SpeedyALTData:132 calculate landmarks...
2026-08-25T03:43:36,437  INFO SpeedyALTData:173 calculate min travelcost...
2026-08-25T03:43:36,441  WARN TurnRestrictionsContext:144 No mode was specified, merging available DisallowedNextLinks from all modes.
2026-08-25T03:43:36,441  WARN TurnRestrictionsContext:145 This could result in a graph that is more restrictive than meant to be for routing.
2026-08-25T03:43:36,449  INFO SpeedyALTData:51 find dead ends...
2026-08-25T03:43:36,450  INFO SpeedyALTData:132 calculate landmarks...
2026-08-25T03:43:36,483  INFO SpeedyALTData:173 calculate min travelcost...
2026-08-25T03:43:36,487  WARN TurnRestrictionsContext:144 No mode was specified, merging available DisallowedNextLinks from all modes.
2026-08-25T03:43:36,487  WARN TurnRestrictionsContext:145 This could result in a graph that is more restrictive than meant to be for routing.
2026-08-25T03:43:36,493  INFO SpeedyALTData:51 find dead ends...
2026-08-25T03:43:36,493  INFO SpeedyALTData:132 calculate landmarks...
2026-08-25T03:43:36,531  INFO SpeedyALTData:173 calculate min travelcost...
2026-08-25T03:43:36,535  WARN TurnRestrictionsContext:144 No mode was specified, merging available DisallowedNextLinks from all modes.
2026-08-25T03:43:36,535  WARN TurnRestrictionsContext:145 This could result in a graph that is more restrictive than meant to be for routing.
2026-08-25T03:43:36,540  INFO SpeedyALTData:51 find dead ends...
2026-08-25T03:43:36,541  INFO SpeedyALTData:132 calculate landmarks...
2026-08-25T03:43:36,578  INFO SpeedyALTData:173 calculate min travelcost...
2026-08-25T03:43:36,581  WARN TurnRestrictionsContext:144 No mode was specified, merging available DisallowedNextLinks from all modes.
2026-08-25T03:43:36,581  WARN TurnRestrictionsContext:145 This could result in a graph that is more restrictive than meant to be for routing.
2026-08-25T03:43:36,587  INFO SpeedyALTData:51 find dead ends...
2026-08-25T03:43:36,588  INFO SpeedyALTData:132 calculate landmarks...
2026-08-25T03:43:36,627  INFO SpeedyALTData:173 calculate min travelcost...
2026-08-25T03:43:36,628  WARN NetworkRoutingProvider:137 [mode: car; routingMode: car] Using deprecated routing module without access/egress. Consider using AccessEgressNetworkRouter instead.
2026-08-25T03:43:36,630  INFO EventsManagerImpl:139 === Logging of event-handlers skipped ===
2026-08-25T03:43:36,630  INFO EventsManagerImpl:140 To enable debug output, set an environment variable i.e. export LOG_LEVEL='debug', or set log.setLogLevel(Level.DEBUG) in your run class.
2026-08-25T03:43:36,630  INFO EventsManagerImpl:210     > org.matsim.contrib.dvrp.passenger.PassengerRequestRejectedEvent
2026-08-25T03:43:36,630  INFO EventsManagerImpl:139 === Logging of event-handlers skipped ===
2026-08-25T03:43:36,630  INFO EventsManagerImpl:140 To enable debug output, set an environment variable i.e. export LOG_LEVEL='debug', or set log.setLogLevel(Level.DEBUG) in your run class.
2026-08-25T03:43:36,630  INFO EventsManagerImpl:210     > org.matsim.contrib.dvrp.passenger.PassengerRequestRejectedEvent
2026-08-25T03:43:36,630  INFO EventsManagerImpl:139 === Logging of event-handlers skipped ===
2026-08-25T03:43:36,630  INFO EventsManagerImpl:140 To enable debug output, set an environment variable i.e. export LOG_LEVEL='debug', or set log.setLogLevel(Level.DEBUG) in your run class.
2026-08-25T03:43:36,631  INFO EventsManagerImpl:210     > org.matsim.contrib.dvrp.passenger.PassengerRequestRejectedEvent
2026-08-25T03:43:36,631  INFO EventsManagerImpl:139 === Logging of event-handlers skipped ===
2026-08-25T03:43:36,631  INFO EventsManagerImpl:140 To enable debug output, set an environment variable i.e. export LOG_LEVEL='debug', or set log.setLogLevel(Level.DEBUG) in your run class.
2026-08-25T03:43:36,631  INFO EventsManagerImpl:210     > org.matsim.contrib.dvrp.passenger.PassengerRequestRejectedEvent
2026-08-25T03:43:36,631  INFO EventsManagerImpl:139 === Logging of event-handlers skipped ===
2026-08-25T03:43:36,631  INFO EventsManagerImpl:140 To enable debug output, set an environment variable i.e. export LOG_LEVEL='debug', or set log.setLogLevel(Level.DEBUG) in your run class.
2026-08-25T03:43:36,631  INFO EventsManagerImpl:210     > org.matsim.contrib.dvrp.passenger.PassengerRequestRejectedEvent
2026-08-25T03:43:36,631  INFO EventsManagerImpl:139 === Logging of event-handlers skipped ===
2026-08-25T03:43:36,631  INFO EventsManagerImpl:140 To enable debug output, set an environment variable i.e. export LOG_LEVEL='debug', or set log.setLogLevel(Level.DEBUG) in your run class.
2026-08-25T03:43:36,631  INFO EventsManagerImpl:210     > org.matsim.contrib.dvrp.passenger.PassengerRequestRejectedEvent
2026-08-25T03:43:36,631  INFO EventsManagerImpl:139 === Logging of event-handlers skipped ===
2026-08-25T03:43:36,631  INFO EventsManagerImpl:140 To enable debug output, set an environment variable i.e. export LOG_LEVEL='debug', or set log.setLogLevel(Level.DEBUG) in your run class.
2026-08-25T03:43:36,631  INFO EventsManagerImpl:210     > org.matsim.contrib.dvrp.passenger.PassengerRequestRejectedEvent
2026-08-25T03:43:36,631  INFO EventsManagerImpl:139 === Logging of event-handlers skipped ===
2026-08-25T03:43:36,631  INFO EventsManagerImpl:140 To enable debug output, set an environment variable i.e. export LOG_LEVEL='debug', or set log.setLogLevel(Level.DEBUG) in your run class.
2026-08-25T03:43:36,631  INFO EventsManagerImpl:210     > org.matsim.contrib.dvrp.passenger.PassengerRequestRejectedEvent
2026-08-25T03:43:36,631  INFO EventsManagerImpl:139 === Logging of event-handlers skipped ===
2026-08-25T03:43:36,631  INFO EventsManagerImpl:140 To enable debug output, set an environment variable i.e. export LOG_LEVEL='debug', or set log.setLogLevel(Level.DEBUG) in your run class.
2026-08-25T03:43:36,631  INFO EventsManagerImpl:210     > org.matsim.contrib.dvrp.passenger.PassengerRequestRejectedEvent
2026-08-25T03:43:36,633  INFO EventsManagerImpl:139 === Logging of event-handlers skipped ===
2026-08-25T03:43:36,633  INFO EventsManagerImpl:140 To enable debug output, set an environment variable i.e. export LOG_LEVEL='debug', or set log.setLogLevel(Level.DEBUG) in your run class.
2026-08-25T03:43:36,633  INFO EventsManagerImpl:210     > org.matsim.contrib.dvrp.passenger.PassengerRequestRejectedEvent
2026-08-25T03:43:36,633  INFO EventsManagerImpl:139 === Logging of event-handlers skipped ===
2026-08-25T03:43:36,633  INFO EventsManagerImpl:140 To enable debug output, set an environment variable i.e. export LOG_LEVEL='debug', or set log.setLogLevel(Level.DEBUG) in your run class.
2026-08-25T03:43:36,633  INFO EventsManagerImpl:210     > org.matsim.contrib.dvrp.passenger.PassengerRequestRejectedEvent
2026-08-25T03:43:36,633  INFO EventsManagerImpl:139 === Logging of event-handlers skipped ===
2026-08-25T03:43:36,633  INFO EventsManagerImpl:140 To enable debug output, set an environment variable i.e. export LOG_LEVEL='debug', or set log.setLogLevel(Level.DEBUG) in your run class.
2026-08-25T03:43:36,633  INFO EventsManagerImpl:210     > org.matsim.contrib.dvrp.passenger.PassengerRequestRejectedEvent
2026-08-25T03:43:36,633  INFO EventsManagerImpl:139 === Logging of event-handlers skipped ===
2026-08-25T03:43:36,633  INFO EventsManagerImpl:140 To enable debug output, set an environment variable i.e. export LOG_LEVEL='debug', or set log.setLogLevel(Level.DEBUG) in your run class.
2026-08-25T03:43:36,633  INFO EventsManagerImpl:210     > org.matsim.contrib.dvrp.passenger.PassengerRequestRejectedEvent
2026-08-25T03:43:36,633  INFO EventsManagerImpl:139 === Logging of event-handlers skipped ===
2026-08-25T03:43:36,633  INFO EventsManagerImpl:140 To enable debug output, set an environment variable i.e. export LOG_LEVEL='debug', or set log.setLogLevel(Level.DEBUG) in your run class.
2026-08-25T03:43:36,633  INFO EventsManagerImpl:210     > org.matsim.contrib.dvrp.passenger.PassengerRequestRejectedEvent
2026-08-25T03:43:36,634  INFO EventsManagerImpl:139 === Logging of event-handlers skipped ===
2026-08-25T03:43:36,634  INFO EventsManagerImpl:140 To enable debug output, set an environment variable i.e. export LOG_LEVEL='debug', or set log.setLogLevel(Level.DEBUG) in your run class.
2026-08-25T03:43:36,634  INFO EventsManagerImpl:210     > org.matsim.contrib.dvrp.passenger.PassengerRequestRejectedEvent
2026-08-25T03:43:36,634  INFO EventsManagerImpl:139 === Logging of event-handlers skipped ===
2026-08-25T03:43:36,634  INFO EventsManagerImpl:140 To enable debug output, set an environment variable i.e. export LOG_LEVEL='debug', or set log.setLogLevel(Level.DEBUG) in your run class.
2026-08-25T03:43:36,634  INFO EventsManagerImpl:210     > org.matsim.contrib.dvrp.passenger.PassengerRequestRejectedEvent
2026-08-25T03:43:36,634  INFO EventsManagerImpl:139 === Logging of event-handlers skipped ===
2026-08-25T03:43:36,634  INFO EventsManagerImpl:140 To enable debug output, set an environment variable i.e. export LOG_LEVEL='debug', or set log.setLogLevel(Level.DEBUG) in your run class.
2026-08-25T03:43:36,634  INFO EventsManagerImpl:210     > org.matsim.contrib.dvrp.passenger.PassengerRequestRejectedEvent
2026-08-25T03:43:36,635  INFO EventsManagerImpl:139 === Logging of event-handlers skipped ===
2026-08-25T03:43:36,635  INFO EventsManagerImpl:140 To enable debug output, set an environment variable i.e. export LOG_LEVEL='debug', or set log.setLogLevel(Level.DEBUG) in your run class.
2026-08-25T03:43:36,635  INFO EventsManagerImpl:210     > org.matsim.contrib.dvrp.passenger.PassengerRequestRejectedEvent
2026-08-25T03:43:36,635  INFO EventsManagerImpl:139 === Logging of event-handlers skipped ===
2026-08-25T03:43:36,635  INFO EventsManagerImpl:140 To enable debug output, set an environment variable i.e. export LOG_LEVEL='debug', or set log.setLogLevel(Level.DEBUG) in your run class.
2026-08-25T03:43:36,635  INFO EventsManagerImpl:210     > org.matsim.contrib.dvrp.passenger.PassengerRequestRejectedEvent
2026-08-25T03:43:36,635  INFO EventsManagerImpl:139 === Logging of event-handlers skipped ===
2026-08-25T03:43:36,635  INFO EventsManagerImpl:140 To enable debug output, set an environment variable i.e. export LOG_LEVEL='debug', or set log.setLogLevel(Level.DEBUG) in your run class.
2026-08-25T03:43:36,635  INFO EventsManagerImpl:210     > org.matsim.contrib.dvrp.passenger.PassengerRequestRejectedEvent
2026-08-25T03:43:36,635  INFO EventsManagerImpl:139 === Logging of event-handlers skipped ===
2026-08-25T03:43:36,635  INFO EventsManagerImpl:140 To enable debug output, set an environment variable i.e. export LOG_LEVEL='debug', or set log.setLogLevel(Level.DEBUG) in your run class.
2026-08-25T03:43:36,635  INFO EventsManagerImpl:210     > org.matsim.contrib.dvrp.passenger.PassengerRequestRejectedEvent
2026-08-25T03:43:36,635  INFO EventsManagerImpl:139 === Logging of event-handlers skipped ===
2026-08-25T03:43:36,635  INFO EventsManagerImpl:140 To enable debug output, set an environment variable i.e. export LOG_LEVEL='debug', or set log.setLogLevel(Level.DEBUG) in your run class.
2026-08-25T03:43:36,636  INFO EventsManagerImpl:210     > org.matsim.contrib.dvrp.passenger.PassengerRequestRejectedEvent
2026-08-25T03:43:36,636  INFO EventsManagerImpl:139 === Logging of event-handlers skipped ===
2026-08-25T03:43:36,636  INFO EventsManagerImpl:140 To enable debug output, set an environment variable i.e. export LOG_LEVEL='debug', or set log.setLogLevel(Level.DEBUG) in your run class.
2026-08-25T03:43:36,636  INFO EventsManagerImpl:210     > org.matsim.contrib.dvrp.passenger.PassengerRequestRejectedEvent
2026-08-25T03:43:36,636  INFO EventsManagerImpl:139 === Logging of event-handlers skipped ===
2026-08-25T03:43:36,636  INFO EventsManagerImpl:140 To enable debug output, set an environment variable i.e. export LOG_LEVEL='debug', or set log.setLogLevel(Level.DEBUG) in your run class.
2026-08-25T03:43:36,636  INFO EventsManagerImpl:210     > org.matsim.contrib.dvrp.passenger.PassengerRequestRejectedEvent
2026-08-25T03:43:36,636  INFO EventsManagerImpl:139 === Logging of event-handlers skipped ===
2026-08-25T03:43:36,636  INFO EventsManagerImpl:140 To enable debug output, set an environment variable i.e. export LOG_LEVEL='debug', or set log.setLogLevel(Level.DEBUG) in your run class.
2026-08-25T03:43:36,636  INFO EventsManagerImpl:210     > org.matsim.contrib.dvrp.passenger.PassengerRequestRejectedEvent
2026-08-25T03:43:36,636  INFO EventsManagerImpl:139 === Logging of event-handlers skipped ===
2026-08-25T03:43:36,636  INFO EventsManagerImpl:140 To enable debug output, set an environment variable i.e. export LOG_LEVEL='debug', or set log.setLogLevel(Level.DEBUG) in your run class.
2026-08-25T03:43:36,636  INFO EventsManagerImpl:210     > org.matsim.contrib.dvrp.passenger.PassengerRequestRejectedEvent
2026-08-25T03:43:36,636  INFO EventsManagerImpl:139 === Logging of event-handlers skipped ===
2026-08-25T03:43:36,636  INFO EventsManagerImpl:140 To enable debug output, set an environment variable i.e. export LOG_LEVEL='debug', or set log.setLogLevel(Level.DEBUG) in your run class.
2026-08-25T03:43:36,636  INFO EventsManagerImpl:210     > org.matsim.contrib.dvrp.passenger.PassengerRequestRejectedEvent
2026-08-25T03:43:36,637  INFO EventsManagerImpl:139 === Logging of event-handlers skipped ===
2026-08-25T03:43:36,637  INFO EventsManagerImpl:140 To enable debug output, set an environment variable i.e. export LOG_LEVEL='debug', or set log.setLogLevel(Level.DEBUG) in your run class.
2026-08-25T03:43:36,637  INFO EventsManagerImpl:210     > org.matsim.contrib.dvrp.passenger.PassengerRequestRejectedEvent
2026-08-25T03:43:36,637  INFO EventsManagerImpl:139 === Logging of event-handlers skipped ===
2026-08-25T03:43:36,637  INFO EventsManagerImpl:140 To enable debug output, set an environment variable i.e. export LOG_LEVEL='debug', or set log.setLogLevel(Level.DEBUG) in your run class.
2026-08-25T03:43:36,637  INFO EventsManagerImpl:210     > org.matsim.contrib.dvrp.passenger.PassengerRequestRejectedEvent
2026-08-25T03:43:36,637  INFO EventsManagerImpl:139 === Logging of event-handlers skipped ===
2026-08-25T03:43:36,638  INFO EventsManagerImpl:140 To enable debug output, set an environment variable i.e. export LOG_LEVEL='debug', or set log.setLogLevel(Level.DEBUG) in your run class.
2026-08-25T03:43:36,638  INFO EventsManagerImpl:210     > org.matsim.contrib.dvrp.passenger.PassengerRequestRejectedEvent
2026-08-25T03:43:36,638  INFO EventsManagerImpl:139 === Logging of event-handlers skipped ===
2026-08-25T03:43:36,638  INFO EventsManagerImpl:140 To enable debug output, set an environment variable i.e. export LOG_LEVEL='debug', or set log.setLogLevel(Level.DEBUG) in your run class.
2026-08-25T03:43:36,638  INFO EventsManagerImpl:210     > org.matsim.contrib.dvrp.passenger.PassengerRequestRejectedEvent
2026-08-25T03:43:36,638  INFO EventsManagerImpl:139 === Logging of event-handlers skipped ===
2026-08-25T03:43:36,638  INFO EventsManagerImpl:140 To enable debug output, set an environment variable i.e. export LOG_LEVEL='debug', or set log.setLogLevel(Level.DEBUG) in your run class.
2026-08-25T03:43:36,638  INFO EventsManagerImpl:210     > org.matsim.contrib.dvrp.passenger.PassengerRequestRejectedEvent
2026-08-25T03:43:36,638  INFO EventsManagerImpl:139 === Logging of event-handlers skipped ===
2026-08-25T03:43:36,638  INFO EventsManagerImpl:140 To enable debug output, set an environment variable i.e. export LOG_LEVEL='debug', or set log.setLogLevel(Level.DEBUG) in your run class.
2026-08-25T03:43:36,638  INFO EventsManagerImpl:210     > org.matsim.contrib.dvrp.passenger.PassengerRequestRejectedEvent
2026-08-25T03:43:36,638  INFO EventsManagerImpl:139 === Logging of event-handlers skipped ===
2026-08-25T03:43:36,638  INFO EventsManagerImpl:140 To enable debug output, set an environment variable i.e. export LOG_LEVEL='debug', or set log.setLogLevel(Level.DEBUG) in your run class.
2026-08-25T03:43:36,639  INFO EventsManagerImpl:210     > org.matsim.contrib.dvrp.passenger.PassengerRequestRejectedEvent
2026-08-25T03:43:36,639  INFO EventsManagerImpl:139 === Logging of event-handlers skipped ===
2026-08-25T03:43:36,639  INFO EventsManagerImpl:140 To enable debug output, set an environment variable i.e. export LOG_LEVEL='debug', or set log.setLogLevel(Level.DEBUG) in your run class.
2026-08-25T03:43:36,639  INFO EventsManagerImpl:210     > org.matsim.contrib.dvrp.passenger.PassengerRequestRejectedEvent
2026-08-25T03:43:36,639  INFO EventsManagerImpl:139 === Logging of event-handlers skipped ===
2026-08-25T03:43:36,639  INFO EventsManagerImpl:140 To enable debug output, set an environment variable i.e. export LOG_LEVEL='debug', or set log.setLogLevel(Level.DEBUG) in your run class.
2026-08-25T03:43:36,639  INFO EventsManagerImpl:210     > org.matsim.contrib.dvrp.passenger.PassengerRequestRejectedEvent
2026-08-25T03:43:36,639  INFO EventsManagerImpl:139 === Logging of event-handlers skipped ===
2026-08-25T03:43:36,639  INFO EventsManagerImpl:140 To enable debug output, set an environment variable i.e. export LOG_LEVEL='debug', or set log.setLogLevel(Level.DEBUG) in your run class.
2026-08-25T03:43:36,639  INFO EventsManagerImpl:210     > org.matsim.contrib.dvrp.passenger.PassengerRequestRejectedEvent
2026-08-25T03:43:36,640  INFO EventsManagerImpl:139 === Logging of event-handlers skipped ===
2026-08-25T03:43:36,640  INFO EventsManagerImpl:140 To enable debug output, set an environment variable i.e. export LOG_LEVEL='debug', or set log.setLogLevel(Level.DEBUG) in your run class.
2026-08-25T03:43:36,640  INFO EventsManagerImpl:210     > org.matsim.contrib.dvrp.passenger.PassengerRequestRejectedEvent
2026-08-25T03:43:36,640  INFO EventsManagerImpl:139 === Logging of event-handlers skipped ===
2026-08-25T03:43:36,640  INFO EventsManagerImpl:140 To enable debug output, set an environment variable i.e. export LOG_LEVEL='debug', or set log.setLogLevel(Level.DEBUG) in your run class.
2026-08-25T03:43:36,640  INFO EventsManagerImpl:210     > org.matsim.contrib.dvrp.passenger.PassengerRequestRejectedEvent
2026-08-25T03:43:36,640  INFO EventsManagerImpl:139 === Logging of event-handlers skipped ===
2026-08-25T03:43:36,640  INFO EventsManagerImpl:140 To enable debug output, set an environment variable i.e. export LOG_LEVEL='debug', or set log.setLogLevel(Level.DEBUG) in your run class.
2026-08-25T03:43:36,640  INFO EventsManagerImpl:210     > org.matsim.contrib.dvrp.passenger.PassengerRequestRejectedEvent
2026-08-25T03:43:36,640  INFO QSimProvider:131 Added MobsimEngine class org.matsim.core.mobsim.qsim.ActivityEngineDefaultImpl
2026-08-25T03:43:36,640  INFO QSimProvider:137 Added Activityhandler class org.matsim.core.mobsim.qsim.ActivityEngineDefaultImpl
2026-08-25T03:43:36,711  INFO QSimProvider:131 Added MobsimEngine class org.matsim.core.mobsim.qsim.qnetsimengine.QNetsimEngineWithThreadpool
2026-08-25T03:43:36,711  INFO QSimProvider:143 Added DepartureHandler class org.matsim.core.mobsim.qsim.qnetsimengine.NetworkModeDepartureHandlerDefaultImpl
2026-08-25T03:43:36,711  INFO QSimProvider:131 Added MobsimEngine class org.matsim.core.mobsim.qsim.DefaultTeleportationEngine
2026-08-25T03:43:36,711  INFO QSimProvider:143 Added DepartureHandler class org.matsim.core.mobsim.qsim.DefaultTeleportationEngine
2026-08-25T03:43:36,711  INFO QSimProvider:149 Added AgentSource class org.matsim.core.mobsim.qsim.agents.PopulationAgentSource
2026-08-25T03:43:36,711  INFO MobsimListenerManager:50 calling addQueueSimulationListener
2026-08-25T03:43:36,711  INFO MobsimListenerManager:54   assigned class org.matsim.core.mobsim.framework.listeners.MobsimListener to interface org.matsim.core.mobsim.framework.listeners.MobsimBeforeSimStepListener
2026-08-25T03:43:36,711  INFO MobsimListenerManager:54   assigned class org.matsim.core.mobsim.framework.listeners.MobsimListener to interface org.matsim.core.mobsim.qsim.messagequeueengine.MessageQueueEngine
2026-08-25T03:43:36,711  INFO MobsimListenerManager:54   assigned class org.matsim.core.mobsim.framework.listeners.MobsimListener to interface org.matsim.core.mobsim.framework.listeners.MobsimListener
2026-08-25T03:43:36,711  INFO QSimProvider:155 Added MobsimListener class org.matsim.core.mobsim.qsim.messagequeueengine.MessageQueueEngine
2026-08-25T03:43:36,711  INFO QSimProvider:131 Added MobsimEngine class org.matsim.core.mobsim.qsim.pt.TransitQSimEngine
2026-08-25T03:43:36,711  INFO QSimProvider:143 Added DepartureHandler class org.matsim.core.mobsim.qsim.pt.TransitQSimEngine
2026-08-25T03:43:36,711  INFO QSimProvider:149 Added AgentSource class org.matsim.core.mobsim.qsim.pt.TransitQSimEngine
2026-08-25T03:43:36,711  INFO QSimProvider:131 Added MobsimEngine class org.matsim.contrib.dynagent.run.DynActivityEngine
2026-08-25T03:43:36,711  INFO QSimProvider:137 Added Activityhandler class org.matsim.contrib.dynagent.run.DynActivityEngine
2026-08-25T03:43:36,711  INFO QSimProvider:131 Added MobsimEngine class org.matsim.core.mobsim.qsim.PreplanningEngine
2026-08-25T03:43:36,711  INFO MobsimListenerManager:50 calling addQueueSimulationListener
2026-08-25T03:43:36,712  INFO MobsimListenerManager:54   assigned class org.matsim.core.mobsim.framework.listeners.MobsimListener to interface org.matsim.contrib.drt.optimizer.insertion.selective.SingleInsertionDetourPathCalculator
2026-08-25T03:43:36,712  INFO MobsimListenerManager:54   assigned class org.matsim.core.mobsim.framework.listeners.MobsimListener to interface org.matsim.core.mobsim.framework.listeners.MobsimBeforeCleanupListener
2026-08-25T03:43:36,712  INFO MobsimListenerManager:54   assigned class org.matsim.core.mobsim.framework.listeners.MobsimListener to interface org.matsim.core.mobsim.framework.listeners.MobsimListener
2026-08-25T03:43:36,712  INFO QSimProvider:155 Added MobsimListener class org.matsim.contrib.drt.optimizer.insertion.selective.SingleInsertionDetourPathCalculator
2026-08-25T03:43:36,712  INFO QSimProvider:149 Added AgentSource class org.matsim.contrib.dvrp.vrpagent.VrpAgentSource
2026-08-25T03:43:36,712  INFO QSimProvider:131 Added MobsimEngine class org.matsim.contrib.dvrp.passenger.DefaultPassengerEngine
2026-08-25T03:43:36,712  INFO QSimProvider:143 Added DepartureHandler class org.matsim.contrib.dvrp.passenger.DefaultPassengerEngine
2026-08-25T03:43:36,712  INFO MobsimListenerManager:50 calling addQueueSimulationListener
2026-08-25T03:43:36,712  INFO MobsimListenerManager:54   assigned class org.matsim.core.mobsim.framework.listeners.MobsimListener to interface org.matsim.contrib.drt.optimizer.DrtOptimizer
2026-08-25T03:43:36,712  INFO MobsimListenerManager:54   assigned class org.matsim.core.mobsim.framework.listeners.MobsimListener to interface org.matsim.core.mobsim.framework.listeners.MobsimBeforeSimStepListener
2026-08-25T03:43:36,712  INFO MobsimListenerManager:54   assigned class org.matsim.core.mobsim.framework.listeners.MobsimListener to interface org.matsim.contrib.drt.optimizer.DefaultDrtOptimizer
2026-08-25T03:43:36,712  INFO MobsimListenerManager:54   assigned class org.matsim.core.mobsim.framework.listeners.MobsimListener to interface org.matsim.core.mobsim.framework.listeners.MobsimListener
2026-08-25T03:43:36,712  INFO QSimProvider:155 Added MobsimListener class org.matsim.contrib.drt.optimizer.DefaultDrtOptimizer
2026-08-25T03:43:36,712  INFO MobsimListenerManager:50 calling addQueueSimulationListener
2026-08-25T03:43:36,712  INFO MobsimListenerManager:54   assigned class org.matsim.core.mobsim.framework.listeners.MobsimListener to interface org.matsim.contrib.drt.optimizer.QSimScopeForkJoinPoolHolder
2026-08-25T03:43:36,712  INFO MobsimListenerManager:54   assigned class org.matsim.core.mobsim.framework.listeners.MobsimListener to interface org.matsim.core.mobsim.framework.listeners.MobsimBeforeCleanupListener
2026-08-25T03:43:36,712  INFO MobsimListenerManager:54   assigned class org.matsim.core.mobsim.framework.listeners.MobsimListener to interface org.matsim.core.mobsim.framework.listeners.MobsimListener
2026-08-25T03:43:36,712  INFO QSimProvider:155 Added MobsimListener class org.matsim.contrib.drt.optimizer.QSimScopeForkJoinPoolHolder
2026-08-25T03:43:36,712  INFO MobsimListenerManager:50 calling addQueueSimulationListener
2026-08-25T03:43:36,712  INFO MobsimListenerManager:54   assigned class org.matsim.core.mobsim.framework.listeners.MobsimListener to interface org.matsim.contrib.drt.optimizer.insertion.selective.SelectiveInsertionSearch
2026-08-25T03:43:36,712  INFO MobsimListenerManager:54   assigned class org.matsim.core.mobsim.framework.listeners.MobsimListener to interface org.matsim.core.mobsim.framework.listeners.MobsimBeforeCleanupListener
2026-08-25T03:43:36,712  INFO MobsimListenerManager:54   assigned class org.matsim.core.mobsim.framework.listeners.MobsimListener to interface org.matsim.core.mobsim.framework.listeners.MobsimListener
2026-08-25T03:43:36,712  INFO QSimProvider:155 Added MobsimListener class org.matsim.contrib.drt.optimizer.insertion.selective.SelectiveInsertionSearch
2026-08-25T03:43:36,713  INFO MobsimListenerManager:50 calling addQueueSimulationListener
2026-08-25T03:43:36,713  INFO MobsimListenerManager:54   assigned class org.matsim.core.mobsim.framework.listeners.MobsimListener to interface org.matsim.contrib.drt.optimizer.insertion.selective.SingleInsertionDetourPathCalculator
2026-08-25T03:43:36,713  INFO MobsimListenerManager:54   assigned class org.matsim.core.mobsim.framework.listeners.MobsimListener to interface org.matsim.core.mobsim.framework.listeners.MobsimBeforeCleanupListener
2026-08-25T03:43:36,713  INFO MobsimListenerManager:54   assigned class org.matsim.core.mobsim.framework.listeners.MobsimListener to interface org.matsim.core.mobsim.framework.listeners.MobsimListener
2026-08-25T03:43:36,713  INFO QSimProvider:155 Added MobsimListener class org.matsim.contrib.drt.optimizer.insertion.selective.SingleInsertionDetourPathCalculator
2026-08-25T03:43:36,713  INFO QSimProvider:149 Added AgentSource class org.matsim.contrib.dvrp.vrpagent.VrpAgentSource
2026-08-25T03:43:36,713  INFO QSimProvider:131 Added MobsimEngine class org.matsim.contrib.dvrp.passenger.DefaultPassengerEngine
2026-08-25T03:43:36,713  INFO QSimProvider:143 Added DepartureHandler class org.matsim.contrib.dvrp.passenger.DefaultPassengerEngine
2026-08-25T03:43:36,713  INFO MobsimListenerManager:50 calling addQueueSimulationListener
2026-08-25T03:43:36,713  INFO MobsimListenerManager:54   assigned class org.matsim.core.mobsim.framework.listeners.MobsimListener to interface org.matsim.contrib.drt.optimizer.DrtOptimizer
2026-08-25T03:43:36,713  INFO MobsimListenerManager:54   assigned class org.matsim.core.mobsim.framework.listeners.MobsimListener to interface org.matsim.core.mobsim.framework.listeners.MobsimBeforeSimStepListener
2026-08-25T03:43:36,713  INFO MobsimListenerManager:54   assigned class org.matsim.core.mobsim.framework.listeners.MobsimListener to interface org.matsim.contrib.drt.optimizer.DefaultDrtOptimizer
2026-08-25T03:43:36,713  INFO MobsimListenerManager:54   assigned class org.matsim.core.mobsim.framework.listeners.MobsimListener to interface org.matsim.core.mobsim.framework.listeners.MobsimListener
2026-08-25T03:43:36,713  INFO QSimProvider:155 Added MobsimListener class org.matsim.contrib.drt.optimizer.DefaultDrtOptimizer
2026-08-25T03:43:36,713  INFO MobsimListenerManager:50 calling addQueueSimulationListener
2026-08-25T03:43:36,713  INFO MobsimListenerManager:54   assigned class org.matsim.core.mobsim.framework.listeners.MobsimListener to interface org.matsim.contrib.drt.optimizer.QSimScopeForkJoinPoolHolder
2026-08-25T03:43:36,713  INFO MobsimListenerManager:54   assigned class org.matsim.core.mobsim.framework.listeners.MobsimListener to interface org.matsim.core.mobsim.framework.listeners.MobsimBeforeCleanupListener
2026-08-25T03:43:36,713  INFO MobsimListenerManager:54   assigned class org.matsim.core.mobsim.framework.listeners.MobsimListener to interface org.matsim.core.mobsim.framework.listeners.MobsimListener
2026-08-25T03:43:36,713  INFO QSimProvider:155 Added MobsimListener class org.matsim.contrib.drt.optimizer.QSimScopeForkJoinPoolHolder
2026-08-25T03:43:36,713  INFO MobsimListenerManager:50 calling addQueueSimulationListener
2026-08-25T03:43:36,713  INFO MobsimListenerManager:54   assigned class org.matsim.core.mobsim.framework.listeners.MobsimListener to interface org.matsim.contrib.drt.optimizer.insertion.selective.SelectiveInsertionSearch
2026-08-25T03:43:36,714  INFO MobsimListenerManager:54   assigned class org.matsim.core.mobsim.framework.listeners.MobsimListener to interface org.matsim.core.mobsim.framework.listeners.MobsimBeforeCleanupListener
2026-08-25T03:43:36,714  INFO MobsimListenerManager:54   assigned class org.matsim.core.mobsim.framework.listeners.MobsimListener to interface org.matsim.core.mobsim.framework.listeners.MobsimListener
2026-08-25T03:43:36,714  INFO QSimProvider:155 Added MobsimListener class org.matsim.contrib.drt.optimizer.insertion.selective.SelectiveInsertionSearch
2026-08-25T03:43:36,714  INFO MobsimListenerManager:50 calling addQueueSimulationListener
2026-08-25T03:43:36,714  INFO MobsimListenerManager:54   assigned class org.matsim.core.mobsim.framework.listeners.MobsimListener to interface org.matsim.contrib.drt.optimizer.insertion.selective.SingleInsertionDetourPathCalculator
2026-08-25T03:43:36,714  INFO MobsimListenerManager:54   assigned class org.matsim.core.mobsim.framework.listeners.MobsimListener to interface org.matsim.core.mobsim.framework.listeners.MobsimBeforeCleanupListener
2026-08-25T03:43:36,714  INFO MobsimListenerManager:54   assigned class org.matsim.core.mobsim.framework.listeners.MobsimListener to interface org.matsim.core.mobsim.framework.listeners.MobsimListener
2026-08-25T03:43:36,714  INFO QSimProvider:155 Added MobsimListener class org.matsim.contrib.drt.optimizer.insertion.selective.SingleInsertionDetourPathCalculator
2026-08-25T03:43:36,714  INFO QSimProvider:149 Added AgentSource class org.matsim.contrib.dvrp.vrpagent.VrpAgentSource
2026-08-25T03:43:36,714  INFO QSimProvider:131 Added MobsimEngine class org.matsim.contrib.dvrp.passenger.DefaultPassengerEngine
2026-08-25T03:43:36,714  INFO QSimProvider:143 Added DepartureHandler class org.matsim.contrib.dvrp.passenger.DefaultPassengerEngine
2026-08-25T03:43:36,714  INFO MobsimListenerManager:50 calling addQueueSimulationListener
2026-08-25T03:43:36,714  INFO MobsimListenerManager:54   assigned class org.matsim.core.mobsim.framework.listeners.MobsimListener to interface org.matsim.contrib.drt.optimizer.DrtOptimizer
2026-08-25T03:43:36,714  INFO MobsimListenerManager:54   assigned class org.matsim.core.mobsim.framework.listeners.MobsimListener to interface org.matsim.core.mobsim.framework.listeners.MobsimBeforeSimStepListener
2026-08-25T03:43:36,714  INFO MobsimListenerManager:54   assigned class org.matsim.core.mobsim.framework.listeners.MobsimListener to interface org.matsim.contrib.drt.optimizer.DefaultDrtOptimizer
2026-08-25T03:43:36,714  INFO MobsimListenerManager:54   assigned class org.matsim.core.mobsim.framework.listeners.MobsimListener to interface org.matsim.core.mobsim.framework.listeners.MobsimListener
2026-08-25T03:43:36,714  INFO QSimProvider:155 Added MobsimListener class org.matsim.contrib.drt.optimizer.DefaultDrtOptimizer
2026-08-25T03:43:36,714  INFO MobsimListenerManager:50 calling addQueueSimulationListener
2026-08-25T03:43:36,714  INFO MobsimListenerManager:54   assigned class org.matsim.core.mobsim.framework.listeners.MobsimListener to interface org.matsim.contrib.drt.optimizer.QSimScopeForkJoinPoolHolder
2026-08-25T03:43:36,714  INFO MobsimListenerManager:54   assigned class org.matsim.core.mobsim.framework.listeners.MobsimListener to interface org.matsim.core.mobsim.framework.listeners.MobsimBeforeCleanupListener
2026-08-25T03:43:36,714  INFO MobsimListenerManager:54   assigned class org.matsim.core.mobsim.framework.listeners.MobsimListener to interface org.matsim.core.mobsim.framework.listeners.MobsimListener
2026-08-25T03:43:36,714  INFO QSimProvider:155 Added MobsimListener class org.matsim.contrib.drt.optimizer.QSimScopeForkJoinPoolHolder
2026-08-25T03:43:36,714  INFO MobsimListenerManager:50 calling addQueueSimulationListener
2026-08-25T03:43:36,714  INFO MobsimListenerManager:54   assigned class org.matsim.core.mobsim.framework.listeners.MobsimListener to interface org.matsim.contrib.drt.optimizer.insertion.selective.SelectiveInsertionSearch
2026-08-25T03:43:36,715  INFO MobsimListenerManager:54   assigned class org.matsim.core.mobsim.framework.listeners.MobsimListener to interface org.matsim.core.mobsim.framework.listeners.MobsimBeforeCleanupListener
2026-08-25T03:43:36,715  INFO MobsimListenerManager:54   assigned class org.matsim.core.mobsim.framework.listeners.MobsimListener to interface org.matsim.core.mobsim.framework.listeners.MobsimListener
2026-08-25T03:43:36,715  INFO QSimProvider:155 Added MobsimListener class org.matsim.contrib.drt.optimizer.insertion.selective.SelectiveInsertionSearch
2026-08-25T03:43:36,715  INFO MobsimListenerManager:50 calling addQueueSimulationListener
2026-08-25T03:43:36,715  INFO MobsimListenerManager:54   assigned class org.matsim.core.mobsim.framework.listeners.MobsimListener to interface org.matsim.contrib.drt.optimizer.insertion.selective.SingleInsertionDetourPathCalculator
2026-08-25T03:43:36,715  INFO MobsimListenerManager:54   assigned class org.matsim.core.mobsim.framework.listeners.MobsimListener to interface org.matsim.core.mobsim.framework.listeners.MobsimBeforeCleanupListener
2026-08-25T03:43:36,715  INFO MobsimListenerManager:54   assigned class org.matsim.core.mobsim.framework.listeners.MobsimListener to interface org.matsim.core.mobsim.framework.listeners.MobsimListener
2026-08-25T03:43:36,715  INFO QSimProvider:155 Added MobsimListener class org.matsim.contrib.drt.optimizer.insertion.selective.SingleInsertionDetourPathCalculator
2026-08-25T03:43:36,715  INFO QSimProvider:149 Added AgentSource class org.matsim.contrib.dvrp.vrpagent.VrpAgentSource
2026-08-25T03:43:36,715  INFO QSimProvider:131 Added MobsimEngine class org.matsim.contrib.dvrp.passenger.DefaultPassengerEngine
2026-08-25T03:43:36,715  INFO QSimProvider:143 Added DepartureHandler class org.matsim.contrib.dvrp.passenger.DefaultPassengerEngine
2026-08-25T03:43:36,715  INFO MobsimListenerManager:50 calling addQueueSimulationListener
2026-08-25T03:43:36,715  INFO MobsimListenerManager:54   assigned class org.matsim.core.mobsim.framework.listeners.MobsimListener to interface org.matsim.contrib.drt.optimizer.DrtOptimizer
2026-08-25T03:43:36,715  INFO MobsimListenerManager:54   assigned class org.matsim.core.mobsim.framework.listeners.MobsimListener to interface org.matsim.core.mobsim.framework.listeners.MobsimBeforeSimStepListener
2026-08-25T03:43:36,715  INFO MobsimListenerManager:54   assigned class org.matsim.core.mobsim.framework.listeners.MobsimListener to interface org.matsim.contrib.drt.optimizer.DefaultDrtOptimizer
2026-08-25T03:43:36,715  INFO MobsimListenerManager:54   assigned class org.matsim.core.mobsim.framework.listeners.MobsimListener to interface org.matsim.core.mobsim.framework.listeners.MobsimListener
2026-08-25T03:43:36,715  INFO QSimProvider:155 Added MobsimListener class org.matsim.contrib.drt.optimizer.DefaultDrtOptimizer
2026-08-25T03:43:36,715  INFO MobsimListenerManager:50 calling addQueueSimulationListener
2026-08-25T03:43:36,715  INFO MobsimListenerManager:54   assigned class org.matsim.core.mobsim.framework.listeners.MobsimListener to interface org.matsim.contrib.drt.optimizer.QSimScopeForkJoinPoolHolder
2026-08-25T03:43:36,715  INFO MobsimListenerManager:54   assigned class org.matsim.core.mobsim.framework.listeners.MobsimListener to interface org.matsim.core.mobsim.framework.listeners.MobsimBeforeCleanupListener
2026-08-25T03:43:36,715  INFO MobsimListenerManager:54   assigned class org.matsim.core.mobsim.framework.listeners.MobsimListener to interface org.matsim.core.mobsim.framework.listeners.MobsimListener
2026-08-25T03:43:36,715  INFO QSimProvider:155 Added MobsimListener class org.matsim.contrib.drt.optimizer.QSimScopeForkJoinPoolHolder
2026-08-25T03:43:36,715  INFO MobsimListenerManager:50 calling addQueueSimulationListener
2026-08-25T03:43:36,716  INFO MobsimListenerManager:54   assigned class org.matsim.core.mobsim.framework.listeners.MobsimListener to interface org.matsim.contrib.drt.optimizer.insertion.selective.SelectiveInsertionSearch
2026-08-25T03:43:36,716  INFO MobsimListenerManager:54   assigned class org.matsim.core.mobsim.framework.listeners.MobsimListener to interface org.matsim.core.mobsim.framework.listeners.MobsimBeforeCleanupListener
2026-08-25T03:43:36,716  INFO MobsimListenerManager:54   assigned class org.matsim.core.mobsim.framework.listeners.MobsimListener to interface org.matsim.core.mobsim.framework.listeners.MobsimListener
2026-08-25T03:43:36,716  INFO QSimProvider:155 Added MobsimListener class org.matsim.contrib.drt.optimizer.insertion.selective.SelectiveInsertionSearch
2026-08-25T03:43:36,716  INFO MobsimListenerManager:50 calling addQueueSimulationListener
2026-08-25T03:43:36,716  INFO MobsimListenerManager:54   assigned class org.matsim.core.mobsim.framework.listeners.MobsimListener to interface org.matsim.contrib.drt.optimizer.insertion.selective.SingleInsertionDetourPathCalculator
2026-08-25T03:43:36,716  INFO MobsimListenerManager:54   assigned class org.matsim.core.mobsim.framework.listeners.MobsimListener to interface org.matsim.core.mobsim.framework.listeners.MobsimBeforeCleanupListener
2026-08-25T03:43:36,716  INFO MobsimListenerManager:54   assigned class org.matsim.core.mobsim.framework.listeners.MobsimListener to interface org.matsim.core.mobsim.framework.listeners.MobsimListener
2026-08-25T03:43:36,716  INFO QSimProvider:155 Added MobsimListener class org.matsim.contrib.drt.optimizer.insertion.selective.SingleInsertionDetourPathCalculator
2026-08-25T03:43:36,716  INFO QSimProvider:149 Added AgentSource class org.matsim.contrib.dvrp.vrpagent.VrpAgentSource
2026-08-25T03:43:36,716  INFO QSimProvider:131 Added MobsimEngine class org.matsim.contrib.dvrp.passenger.DefaultPassengerEngine
2026-08-25T03:43:36,716  INFO QSimProvider:143 Added DepartureHandler class org.matsim.contrib.dvrp.passenger.DefaultPassengerEngine
2026-08-25T03:43:36,716  INFO MobsimListenerManager:50 calling addQueueSimulationListener
2026-08-25T03:43:36,716  INFO MobsimListenerManager:54   assigned class org.matsim.core.mobsim.framework.listeners.MobsimListener to interface org.matsim.contrib.drt.optimizer.DrtOptimizer
2026-08-25T03:43:36,716  INFO MobsimListenerManager:54   assigned class org.matsim.core.mobsim.framework.listeners.MobsimListener to interface org.matsim.core.mobsim.framework.listeners.MobsimBeforeSimStepListener
2026-08-25T03:43:36,716  INFO MobsimListenerManager:54   assigned class org.matsim.core.mobsim.framework.listeners.MobsimListener to interface org.matsim.contrib.drt.optimizer.DefaultDrtOptimizer
2026-08-25T03:43:36,716  INFO MobsimListenerManager:54   assigned class org.matsim.core.mobsim.framework.listeners.MobsimListener to interface org.matsim.core.mobsim.framework.listeners.MobsimListener
2026-08-25T03:43:36,716  INFO QSimProvider:155 Added MobsimListener class org.matsim.contrib.drt.optimizer.DefaultDrtOptimizer
2026-08-25T03:43:36,716  INFO MobsimListenerManager:50 calling addQueueSimulationListener
2026-08-25T03:43:36,716  INFO MobsimListenerManager:54   assigned class org.matsim.core.mobsim.framework.listeners.MobsimListener to interface org.matsim.contrib.drt.optimizer.QSimScopeForkJoinPoolHolder
2026-08-25T03:43:36,716  INFO MobsimListenerManager:54   assigned class org.matsim.core.mobsim.framework.listeners.MobsimListener to interface org.matsim.core.mobsim.framework.listeners.MobsimBeforeCleanupListener
2026-08-25T03:43:36,716  INFO MobsimListenerManager:54   assigned class org.matsim.core.mobsim.framework.listeners.MobsimListener to interface org.matsim.core.mobsim.framework.listeners.MobsimListener
2026-08-25T03:43:36,716  INFO QSimProvider:155 Added MobsimListener class org.matsim.contrib.drt.optimizer.QSimScopeForkJoinPoolHolder
2026-08-25T03:43:36,716  INFO MobsimListenerManager:50 calling addQueueSimulationListener
2026-08-25T03:43:36,716  INFO MobsimListenerManager:54   assigned class org.matsim.core.mobsim.framework.listeners.MobsimListener to interface org.matsim.contrib.drt.optimizer.insertion.selective.SelectiveInsertionSearch
2026-08-25T03:43:36,716  INFO MobsimListenerManager:54   assigned class org.matsim.core.mobsim.framework.listeners.MobsimListener to interface org.matsim.core.mobsim.framework.listeners.MobsimBeforeCleanupListener
2026-08-25T03:43:36,716  INFO MobsimListenerManager:54   assigned class org.matsim.core.mobsim.framework.listeners.MobsimListener to interface org.matsim.core.mobsim.framework.listeners.MobsimListener
2026-08-25T03:43:36,717  INFO QSimProvider:155 Added MobsimListener class org.matsim.contrib.drt.optimizer.insertion.selective.SelectiveInsertionSearch
2026-08-25T03:43:36,717  INFO MobsimListenerManager:50 calling addQueueSimulationListener
2026-08-25T03:43:36,717  INFO MobsimListenerManager:54   assigned class org.matsim.core.mobsim.framework.listeners.MobsimListener to interface org.matsim.contrib.drt.optimizer.insertion.selective.SingleInsertionDetourPathCalculator
2026-08-25T03:43:36,717  INFO MobsimListenerManager:54   assigned class org.matsim.core.mobsim.framework.listeners.MobsimListener to interface org.matsim.core.mobsim.framework.listeners.MobsimBeforeCleanupListener
2026-08-25T03:43:36,717  INFO MobsimListenerManager:54   assigned class org.matsim.core.mobsim.framework.listeners.MobsimListener to interface org.matsim.core.mobsim.framework.listeners.MobsimListener
2026-08-25T03:43:36,717  INFO QSimProvider:155 Added MobsimListener class org.matsim.contrib.drt.optimizer.insertion.selective.SingleInsertionDetourPathCalculator
2026-08-25T03:43:36,717  INFO QSimProvider:149 Added AgentSource class org.matsim.contrib.dvrp.vrpagent.VrpAgentSource
2026-08-25T03:43:36,717  INFO QSimProvider:131 Added MobsimEngine class org.matsim.contrib.dvrp.passenger.DefaultPassengerEngine
2026-08-25T03:43:36,717  INFO QSimProvider:143 Added DepartureHandler class org.matsim.contrib.dvrp.passenger.DefaultPassengerEngine
2026-08-25T03:43:36,717  INFO MobsimListenerManager:50 calling addQueueSimulationListener
2026-08-25T03:43:36,717  INFO MobsimListenerManager:54   assigned class org.matsim.core.mobsim.framework.listeners.MobsimListener to interface org.matsim.contrib.drt.optimizer.DrtOptimizer
2026-08-25T03:43:36,717  INFO MobsimListenerManager:54   assigned class org.matsim.core.mobsim.framework.listeners.MobsimListener to interface org.matsim.core.mobsim.framework.listeners.MobsimBeforeSimStepListener
2026-08-25T03:43:36,717  INFO MobsimListenerManager:54   assigned class org.matsim.core.mobsim.framework.listeners.MobsimListener to interface org.matsim.contrib.drt.optimizer.DefaultDrtOptimizer
2026-08-25T03:43:36,717  INFO MobsimListenerManager:54   assigned class org.matsim.core.mobsim.framework.listeners.MobsimListener to interface org.matsim.core.mobsim.framework.listeners.MobsimListener
2026-08-25T03:43:36,717  INFO QSimProvider:155 Added MobsimListener class org.matsim.contrib.drt.optimizer.DefaultDrtOptimizer
2026-08-25T03:43:36,717  INFO MobsimListenerManager:50 calling addQueueSimulationListener
2026-08-25T03:43:36,717  INFO MobsimListenerManager:54   assigned class org.matsim.core.mobsim.framework.listeners.MobsimListener to interface org.matsim.contrib.drt.optimizer.QSimScopeForkJoinPoolHolder
2026-08-25T03:43:36,717  INFO MobsimListenerManager:54   assigned class org.matsim.core.mobsim.framework.listeners.MobsimListener to interface org.matsim.core.mobsim.framework.listeners.MobsimBeforeCleanupListener
2026-08-25T03:43:36,717  INFO MobsimListenerManager:54   assigned class org.matsim.core.mobsim.framework.listeners.MobsimListener to interface org.matsim.core.mobsim.framework.listeners.MobsimListener
2026-08-25T03:43:36,717  INFO QSimProvider:155 Added MobsimListener class org.matsim.contrib.drt.optimizer.QSimScopeForkJoinPoolHolder
2026-08-25T03:43:36,717  INFO MobsimListenerManager:50 calling addQueueSimulationListener
2026-08-25T03:43:36,718  INFO MobsimListenerManager:54   assigned class org.matsim.core.mobsim.framework.listeners.MobsimListener to interface org.matsim.contrib.drt.optimizer.insertion.selective.SelectiveInsertionSearch
2026-08-25T03:43:36,718  INFO MobsimListenerManager:54   assigned class org.matsim.core.mobsim.framework.listeners.MobsimListener to interface org.matsim.core.mobsim.framework.listeners.MobsimBeforeCleanupListener
2026-08-25T03:43:36,718  INFO MobsimListenerManager:54   assigned class org.matsim.core.mobsim.framework.listeners.MobsimListener to interface org.matsim.core.mobsim.framework.listeners.MobsimListener
2026-08-25T03:43:36,718  INFO QSimProvider:155 Added MobsimListener class org.matsim.contrib.drt.optimizer.insertion.selective.SelectiveInsertionSearch
2026-08-25T03:43:36,718  INFO MobsimListenerManager:50 calling addQueueSimulationListener
2026-08-25T03:43:36,718  INFO MobsimListenerManager:54   assigned class org.matsim.core.mobsim.framework.listeners.MobsimListener to interface org.matsim.contrib.drt.optimizer.insertion.selective.SingleInsertionDetourPathCalculator
2026-08-25T03:43:36,718  INFO MobsimListenerManager:54   assigned class org.matsim.core.mobsim.framework.listeners.MobsimListener to interface org.matsim.core.mobsim.framework.listeners.MobsimBeforeCleanupListener
2026-08-25T03:43:36,718  INFO MobsimListenerManager:54   assigned class org.matsim.core.mobsim.framework.listeners.MobsimListener to interface org.matsim.core.mobsim.framework.listeners.MobsimListener
2026-08-25T03:43:36,718  INFO QSimProvider:155 Added MobsimListener class org.matsim.contrib.drt.optimizer.insertion.selective.SingleInsertionDetourPathCalculator
2026-08-25T03:43:36,718  INFO QSimProvider:149 Added AgentSource class org.matsim.contrib.dvrp.vrpagent.VrpAgentSource
2026-08-25T03:43:36,718  INFO QSimProvider:131 Added MobsimEngine class org.matsim.contrib.dvrp.passenger.DefaultPassengerEngine
2026-08-25T03:43:36,718  INFO QSimProvider:143 Added DepartureHandler class org.matsim.contrib.dvrp.passenger.DefaultPassengerEngine
2026-08-25T03:43:36,718  INFO MobsimListenerManager:50 calling addQueueSimulationListener
2026-08-25T03:43:36,718  INFO MobsimListenerManager:54   assigned class org.matsim.core.mobsim.framework.listeners.MobsimListener to interface org.matsim.contrib.drt.optimizer.DrtOptimizer
2026-08-25T03:43:36,718  INFO MobsimListenerManager:54   assigned class org.matsim.core.mobsim.framework.listeners.MobsimListener to interface org.matsim.core.mobsim.framework.listeners.MobsimBeforeSimStepListener
2026-08-25T03:43:36,718  INFO MobsimListenerManager:54   assigned class org.matsim.core.mobsim.framework.listeners.MobsimListener to interface org.matsim.contrib.drt.optimizer.DefaultDrtOptimizer
2026-08-25T03:43:36,718  INFO MobsimListenerManager:54   assigned class org.matsim.core.mobsim.framework.listeners.MobsimListener to interface org.matsim.core.mobsim.framework.listeners.MobsimListener
2026-08-25T03:43:36,718  INFO QSimProvider:155 Added MobsimListener class org.matsim.contrib.drt.optimizer.DefaultDrtOptimizer
2026-08-25T03:43:36,718  INFO MobsimListenerManager:50 calling addQueueSimulationListener
2026-08-25T03:43:36,718  INFO MobsimListenerManager:54   assigned class org.matsim.core.mobsim.framework.listeners.MobsimListener to interface org.matsim.contrib.drt.optimizer.QSimScopeForkJoinPoolHolder
2026-08-25T03:43:36,718  INFO MobsimListenerManager:54   assigned class org.matsim.core.mobsim.framework.listeners.MobsimListener to interface org.matsim.core.mobsim.framework.listeners.MobsimBeforeCleanupListener
2026-08-25T03:43:36,718  INFO MobsimListenerManager:54   assigned class org.matsim.core.mobsim.framework.listeners.MobsimListener to interface org.matsim.core.mobsim.framework.listeners.MobsimListener
2026-08-25T03:43:36,718  INFO QSimProvider:155 Added MobsimListener class org.matsim.contrib.drt.optimizer.QSimScopeForkJoinPoolHolder
2026-08-25T03:43:36,718  INFO MobsimListenerManager:50 calling addQueueSimulationListener
2026-08-25T03:43:36,718  INFO MobsimListenerManager:54   assigned class org.matsim.core.mobsim.framework.listeners.MobsimListener to interface org.matsim.contrib.drt.optimizer.insertion.selective.SelectiveInsertionSearch
2026-08-25T03:43:36,718  INFO MobsimListenerManager:54   assigned class org.matsim.core.mobsim.framework.listeners.MobsimListener to interface org.matsim.core.mobsim.framework.listeners.MobsimBeforeCleanupListener
2026-08-25T03:43:36,718  INFO MobsimListenerManager:54   assigned class org.matsim.core.mobsim.framework.listeners.MobsimListener to interface org.matsim.core.mobsim.framework.listeners.MobsimListener
2026-08-25T03:43:36,718  INFO QSimProvider:155 Added MobsimListener class org.matsim.contrib.drt.optimizer.insertion.selective.SelectiveInsertionSearch
2026-08-25T03:43:36,718  INFO MobsimListenerManager:50 calling addQueueSimulationListener
2026-08-25T03:43:36,718  INFO MobsimListenerManager:54   assigned class org.matsim.core.mobsim.framework.listeners.MobsimListener to interface org.matsim.contrib.drt.optimizer.insertion.selective.SingleInsertionDetourPathCalculator
2026-08-25T03:43:36,718  INFO MobsimListenerManager:54   assigned class org.matsim.core.mobsim.framework.listeners.MobsimListener to interface org.matsim.core.mobsim.framework.listeners.MobsimBeforeCleanupListener
2026-08-25T03:43:36,718  INFO MobsimListenerManager:54   assigned class org.matsim.core.mobsim.framework.listeners.MobsimListener to interface org.matsim.core.mobsim.framework.listeners.MobsimListener
2026-08-25T03:43:36,718  INFO QSimProvider:155 Added MobsimListener class org.matsim.contrib.drt.optimizer.insertion.selective.SingleInsertionDetourPathCalculator
2026-08-25T03:43:36,718  INFO QSimProvider:149 Added AgentSource class org.matsim.contrib.dvrp.vrpagent.VrpAgentSource
2026-08-25T03:43:36,718  INFO QSimProvider:131 Added MobsimEngine class org.matsim.contrib.dvrp.passenger.DefaultPassengerEngine
2026-08-25T03:43:36,718  INFO QSimProvider:143 Added DepartureHandler class org.matsim.contrib.dvrp.passenger.DefaultPassengerEngine
2026-08-25T03:43:36,719  INFO MobsimListenerManager:50 calling addQueueSimulationListener
2026-08-25T03:43:36,719  INFO MobsimListenerManager:54   assigned class org.matsim.core.mobsim.framework.listeners.MobsimListener to interface org.matsim.contrib.drt.optimizer.DrtOptimizer
2026-08-25T03:43:36,719  INFO MobsimListenerManager:54   assigned class org.matsim.core.mobsim.framework.listeners.MobsimListener to interface org.matsim.core.mobsim.framework.listeners.MobsimBeforeSimStepListener
2026-08-25T03:43:36,719  INFO MobsimListenerManager:54   assigned class org.matsim.core.mobsim.framework.listeners.MobsimListener to interface org.matsim.contrib.drt.optimizer.DefaultDrtOptimizer
2026-08-25T03:43:36,719  INFO MobsimListenerManager:54   assigned class org.matsim.core.mobsim.framework.listeners.MobsimListener to interface org.matsim.core.mobsim.framework.listeners.MobsimListener
2026-08-25T03:43:36,719  INFO QSimProvider:155 Added MobsimListener class org.matsim.contrib.drt.optimizer.DefaultDrtOptimizer
2026-08-25T03:43:36,719  INFO MobsimListenerManager:50 calling addQueueSimulationListener
2026-08-25T03:43:36,719  INFO MobsimListenerManager:54   assigned class org.matsim.core.mobsim.framework.listeners.MobsimListener to interface org.matsim.contrib.drt.optimizer.QSimScopeForkJoinPoolHolder
2026-08-25T03:43:36,719  INFO MobsimListenerManager:54   assigned class org.matsim.core.mobsim.framework.listeners.MobsimListener to interface org.matsim.core.mobsim.framework.listeners.MobsimBeforeCleanupListener
2026-08-25T03:43:36,719  INFO MobsimListenerManager:54   assigned class org.matsim.core.mobsim.framework.listeners.MobsimListener to interface org.matsim.core.mobsim.framework.listeners.MobsimListener
2026-08-25T03:43:36,719  INFO QSimProvider:155 Added MobsimListener class org.matsim.contrib.drt.optimizer.QSimScopeForkJoinPoolHolder
2026-08-25T03:43:36,719  INFO MobsimListenerManager:50 calling addQueueSimulationListener
2026-08-25T03:43:36,719  INFO MobsimListenerManager:54   assigned class org.matsim.core.mobsim.framework.listeners.MobsimListener to interface org.matsim.contrib.drt.optimizer.insertion.selective.SelectiveInsertionSearch
2026-08-25T03:43:36,719  INFO MobsimListenerManager:54   assigned class org.matsim.core.mobsim.framework.listeners.MobsimListener to interface org.matsim.core.mobsim.framework.listeners.MobsimBeforeCleanupListener
2026-08-25T03:43:36,719  INFO MobsimListenerManager:54   assigned class org.matsim.core.mobsim.framework.listeners.MobsimListener to interface org.matsim.core.mobsim.framework.listeners.MobsimListener
2026-08-25T03:43:36,719  INFO QSimProvider:155 Added MobsimListener class org.matsim.contrib.drt.optimizer.insertion.selective.SelectiveInsertionSearch
2026-08-25T03:43:36,719  INFO MobsimListenerManager:50 calling addQueueSimulationListener
2026-08-25T03:43:36,719  INFO MobsimListenerManager:54   assigned class org.matsim.core.mobsim.framework.listeners.MobsimListener to interface org.matsim.contrib.drt.optimizer.insertion.selective.SingleInsertionDetourPathCalculator
2026-08-25T03:43:36,719  INFO MobsimListenerManager:54   assigned class org.matsim.core.mobsim.framework.listeners.MobsimListener to interface org.matsim.core.mobsim.framework.listeners.MobsimBeforeCleanupListener
2026-08-25T03:43:36,719  INFO MobsimListenerManager:54   assigned class org.matsim.core.mobsim.framework.listeners.MobsimListener to interface org.matsim.core.mobsim.framework.listeners.MobsimListener
2026-08-25T03:43:36,719  INFO QSimProvider:155 Added MobsimListener class org.matsim.contrib.drt.optimizer.insertion.selective.SingleInsertionDetourPathCalculator
2026-08-25T03:43:36,719  INFO QSimProvider:149 Added AgentSource class org.matsim.contrib.dvrp.vrpagent.VrpAgentSource
2026-08-25T03:43:36,719  INFO QSimProvider:131 Added MobsimEngine class org.matsim.contrib.dvrp.passenger.DefaultPassengerEngine
2026-08-25T03:43:36,719  INFO QSimProvider:143 Added DepartureHandler class org.matsim.contrib.dvrp.passenger.DefaultPassengerEngine
2026-08-25T03:43:36,719  INFO MobsimListenerManager:50 calling addQueueSimulationListener
2026-08-25T03:43:36,719  INFO MobsimListenerManager:54   assigned class org.matsim.core.mobsim.framework.listeners.MobsimListener to interface org.matsim.contrib.drt.optimizer.DrtOptimizer
2026-08-25T03:43:36,719  INFO MobsimListenerManager:54   assigned class org.matsim.core.mobsim.framework.listeners.MobsimListener to interface org.matsim.core.mobsim.framework.listeners.MobsimBeforeSimStepListener
2026-08-25T03:43:36,719  INFO MobsimListenerManager:54   assigned class org.matsim.core.mobsim.framework.listeners.MobsimListener to interface org.matsim.contrib.drt.optimizer.DefaultDrtOptimizer
2026-08-25T03:43:36,719  INFO MobsimListenerManager:54   assigned class org.matsim.core.mobsim.framework.listeners.MobsimListener to interface org.matsim.core.mobsim.framework.listeners.MobsimListener
2026-08-25T03:43:36,719  INFO QSimProvider:155 Added MobsimListener class org.matsim.contrib.drt.optimizer.DefaultDrtOptimizer
2026-08-25T03:43:36,719  INFO MobsimListenerManager:50 calling addQueueSimulationListener
2026-08-25T03:43:36,719  INFO MobsimListenerManager:54   assigned class org.matsim.core.mobsim.framework.listeners.MobsimListener to interface org.matsim.contrib.drt.optimizer.QSimScopeForkJoinPoolHolder
2026-08-25T03:43:36,719  INFO MobsimListenerManager:54   assigned class org.matsim.core.mobsim.framework.listeners.MobsimListener to interface org.matsim.core.mobsim.framework.listeners.MobsimBeforeCleanupListener
2026-08-25T03:43:36,719  INFO MobsimListenerManager:54   assigned class org.matsim.core.mobsim.framework.listeners.MobsimListener to interface org.matsim.core.mobsim.framework.listeners.MobsimListener
2026-08-25T03:43:36,719  INFO QSimProvider:155 Added MobsimListener class org.matsim.contrib.drt.optimizer.QSimScopeForkJoinPoolHolder
2026-08-25T03:43:36,719  INFO MobsimListenerManager:50 calling addQueueSimulationListener
2026-08-25T03:43:36,719  INFO MobsimListenerManager:54   assigned class org.matsim.core.mobsim.framework.listeners.MobsimListener to interface org.matsim.contrib.drt.optimizer.insertion.selective.SelectiveInsertionSearch
2026-08-25T03:43:36,719  INFO MobsimListenerManager:54   assigned class org.matsim.core.mobsim.framework.listeners.MobsimListener to interface org.matsim.core.mobsim.framework.listeners.MobsimBeforeCleanupListener
2026-08-25T03:43:36,719  INFO MobsimListenerManager:54   assigned class org.matsim.core.mobsim.framework.listeners.MobsimListener to interface org.matsim.core.mobsim.framework.listeners.MobsimListener
2026-08-25T03:43:36,719  INFO QSimProvider:155 Added MobsimListener class org.matsim.contrib.drt.optimizer.insertion.selective.SelectiveInsertionSearch
2026-08-25T03:43:36,719  INFO MobsimListenerManager:50 calling addQueueSimulationListener
2026-08-25T03:43:36,719  INFO MobsimListenerManager:54   assigned class org.matsim.core.mobsim.framework.listeners.MobsimListener to interface org.matsim.contrib.drt.optimizer.insertion.selective.SingleInsertionDetourPathCalculator
2026-08-25T03:43:36,719  INFO MobsimListenerManager:54   assigned class org.matsim.core.mobsim.framework.listeners.MobsimListener to interface org.matsim.core.mobsim.framework.listeners.MobsimBeforeCleanupListener
2026-08-25T03:43:36,719  INFO MobsimListenerManager:54   assigned class org.matsim.core.mobsim.framework.listeners.MobsimListener to interface org.matsim.core.mobsim.framework.listeners.MobsimListener
2026-08-25T03:43:36,719  INFO QSimProvider:155 Added MobsimListener class org.matsim.contrib.drt.optimizer.insertion.selective.SingleInsertionDetourPathCalculator
2026-08-25T03:43:36,721  INFO QSimProvider:149 Added AgentSource class org.matsim.contrib.dvrp.vrpagent.VrpAgentSource
2026-08-25T03:43:36,721  INFO QSimProvider:131 Added MobsimEngine class org.matsim.contrib.dvrp.passenger.DefaultPassengerEngine
2026-08-25T03:43:36,721  INFO QSimProvider:143 Added DepartureHandler class org.matsim.contrib.dvrp.passenger.DefaultPassengerEngine
2026-08-25T03:43:36,721  INFO MobsimListenerManager:50 calling addQueueSimulationListener
2026-08-25T03:43:36,721  INFO MobsimListenerManager:54   assigned class org.matsim.core.mobsim.framework.listeners.MobsimListener to interface org.matsim.contrib.drt.optimizer.DrtOptimizer
2026-08-25T03:43:36,721  INFO MobsimListenerManager:54   assigned class org.matsim.core.mobsim.framework.listeners.MobsimListener to interface org.matsim.core.mobsim.framework.listeners.MobsimBeforeSimStepListener
2026-08-25T03:43:36,721  INFO MobsimListenerManager:54   assigned class org.matsim.core.mobsim.framework.listeners.MobsimListener to interface org.matsim.contrib.drt.optimizer.DefaultDrtOptimizer
2026-08-25T03:43:36,721  INFO MobsimListenerManager:54   assigned class org.matsim.core.mobsim.framework.listeners.MobsimListener to interface org.matsim.core.mobsim.framework.listeners.MobsimListener
2026-08-25T03:43:36,721  INFO QSimProvider:155 Added MobsimListener class org.matsim.contrib.drt.optimizer.DefaultDrtOptimizer
2026-08-25T03:43:36,721  INFO MobsimListenerManager:50 calling addQueueSimulationListener
2026-08-25T03:43:36,721  INFO MobsimListenerManager:54   assigned class org.matsim.core.mobsim.framework.listeners.MobsimListener to interface org.matsim.contrib.drt.optimizer.QSimScopeForkJoinPoolHolder
2026-08-25T03:43:36,721  INFO MobsimListenerManager:54   assigned class org.matsim.core.mobsim.framework.listeners.MobsimListener to interface org.matsim.core.mobsim.framework.listeners.MobsimBeforeCleanupListener
2026-08-25T03:43:36,721  INFO MobsimListenerManager:54   assigned class org.matsim.core.mobsim.framework.listeners.MobsimListener to interface org.matsim.core.mobsim.framework.listeners.MobsimListener
2026-08-25T03:43:36,721  INFO QSimProvider:155 Added MobsimListener class org.matsim.contrib.drt.optimizer.QSimScopeForkJoinPoolHolder
2026-08-25T03:43:36,721  INFO MobsimListenerManager:50 calling addQueueSimulationListener
2026-08-25T03:43:36,721  INFO MobsimListenerManager:54   assigned class org.matsim.core.mobsim.framework.listeners.MobsimListener to interface org.matsim.contrib.drt.optimizer.insertion.selective.SelectiveInsertionSearch
2026-08-25T03:43:36,721  INFO MobsimListenerManager:54   assigned class org.matsim.core.mobsim.framework.listeners.MobsimListener to interface org.matsim.core.mobsim.framework.listeners.MobsimBeforeCleanupListener
2026-08-25T03:43:36,721  INFO MobsimListenerManager:54   assigned class org.matsim.core.mobsim.framework.listeners.MobsimListener to interface org.matsim.core.mobsim.framework.listeners.MobsimListener
2026-08-25T03:43:36,721  INFO QSimProvider:155 Added MobsimListener class org.matsim.contrib.drt.optimizer.insertion.selective.SelectiveInsertionSearch
2026-08-25T03:43:36,721  INFO MobsimListenerManager:50 calling addQueueSimulationListener
2026-08-25T03:43:36,721  INFO MobsimListenerManager:54   assigned class org.matsim.core.mobsim.framework.listeners.MobsimListener to interface org.matsim.contrib.drt.optimizer.insertion.selective.SingleInsertionDetourPathCalculator
2026-08-25T03:43:36,721  INFO MobsimListenerManager:54   assigned class org.matsim.core.mobsim.framework.listeners.MobsimListener to interface org.matsim.core.mobsim.framework.listeners.MobsimBeforeCleanupListener
2026-08-25T03:43:36,721  INFO MobsimListenerManager:54   assigned class org.matsim.core.mobsim.framework.listeners.MobsimListener to interface org.matsim.core.mobsim.framework.listeners.MobsimListener
2026-08-25T03:43:36,721  INFO QSimProvider:155 Added MobsimListener class org.matsim.contrib.drt.optimizer.insertion.selective.SingleInsertionDetourPathCalculator
2026-08-25T03:43:36,721  INFO QSimProvider:149 Added AgentSource class org.matsim.contrib.dvrp.vrpagent.VrpAgentSource
2026-08-25T03:43:36,721  INFO QSimProvider:131 Added MobsimEngine class org.matsim.contrib.dvrp.passenger.DefaultPassengerEngine
2026-08-25T03:43:36,721  INFO QSimProvider:143 Added DepartureHandler class org.matsim.contrib.dvrp.passenger.DefaultPassengerEngine
2026-08-25T03:43:36,721  INFO MobsimListenerManager:50 calling addQueueSimulationListener
2026-08-25T03:43:36,721  INFO MobsimListenerManager:54   assigned class org.matsim.core.mobsim.framework.listeners.MobsimListener to interface org.matsim.contrib.drt.optimizer.DrtOptimizer
2026-08-25T03:43:36,721  INFO MobsimListenerManager:54   assigned class org.matsim.core.mobsim.framework.listeners.MobsimListener to interface org.matsim.core.mobsim.framework.listeners.MobsimBeforeSimStepListener
2026-08-25T03:43:36,721  INFO MobsimListenerManager:54   assigned class org.matsim.core.mobsim.framework.listeners.MobsimListener to interface org.matsim.contrib.drt.optimizer.DefaultDrtOptimizer
2026-08-25T03:43:36,721  INFO MobsimListenerManager:54   assigned class org.matsim.core.mobsim.framework.listeners.MobsimListener to interface org.matsim.core.mobsim.framework.listeners.MobsimListener
2026-08-25T03:43:36,722  INFO QSimProvider:155 Added MobsimListener class org.matsim.contrib.drt.optimizer.DefaultDrtOptimizer
2026-08-25T03:43:36,722  INFO MobsimListenerManager:50 calling addQueueSimulationListener
2026-08-25T03:43:36,722  INFO MobsimListenerManager:54   assigned class org.matsim.core.mobsim.framework.listeners.MobsimListener to interface org.matsim.contrib.drt.optimizer.QSimScopeForkJoinPoolHolder
2026-08-25T03:43:36,722  INFO MobsimListenerManager:54   assigned class org.matsim.core.mobsim.framework.listeners.MobsimListener to interface org.matsim.core.mobsim.framework.listeners.MobsimBeforeCleanupListener
2026-08-25T03:43:36,722  INFO MobsimListenerManager:54   assigned class org.matsim.core.mobsim.framework.listeners.MobsimListener to interface org.matsim.core.mobsim.framework.listeners.MobsimListener
2026-08-25T03:43:36,722  INFO QSimProvider:155 Added MobsimListener class org.matsim.contrib.drt.optimizer.QSimScopeForkJoinPoolHolder
2026-08-25T03:43:36,722  INFO MobsimListenerManager:50 calling addQueueSimulationListener
2026-08-25T03:43:36,722  INFO MobsimListenerManager:54   assigned class org.matsim.core.mobsim.framework.listeners.MobsimListener to interface org.matsim.contrib.drt.optimizer.insertion.selective.SelectiveInsertionSearch
2026-08-25T03:43:36,722  INFO MobsimListenerManager:54   assigned class org.matsim.core.mobsim.framework.listeners.MobsimListener to interface org.matsim.core.mobsim.framework.listeners.MobsimBeforeCleanupListener
2026-08-25T03:43:36,722  INFO MobsimListenerManager:54   assigned class org.matsim.core.mobsim.framework.listeners.MobsimListener to interface org.matsim.core.mobsim.framework.listeners.MobsimListener
2026-08-25T03:43:36,722  INFO QSimProvider:155 Added MobsimListener class org.matsim.contrib.drt.optimizer.insertion.selective.SelectiveInsertionSearch
2026-08-25T03:43:36,722  INFO MobsimListenerManager:50 calling addQueueSimulationListener
2026-08-25T03:43:36,722  INFO MobsimListenerManager:54   assigned class org.matsim.core.mobsim.framework.listeners.MobsimListener to interface org.matsim.contrib.drt.optimizer.insertion.selective.SingleInsertionDetourPathCalculator
2026-08-25T03:43:36,722  INFO MobsimListenerManager:54   assigned class org.matsim.core.mobsim.framework.listeners.MobsimListener to interface org.matsim.core.mobsim.framework.listeners.MobsimBeforeCleanupListener
2026-08-25T03:43:36,722  INFO MobsimListenerManager:54   assigned class org.matsim.core.mobsim.framework.listeners.MobsimListener to interface org.matsim.core.mobsim.framework.listeners.MobsimListener
2026-08-25T03:43:36,722  INFO QSimProvider:155 Added MobsimListener class org.matsim.contrib.drt.optimizer.insertion.selective.SingleInsertionDetourPathCalculator
2026-08-25T03:43:36,722  INFO QSimProvider:149 Added AgentSource class org.matsim.contrib.dvrp.vrpagent.VrpAgentSource
2026-08-25T03:43:36,722  INFO QSimProvider:131 Added MobsimEngine class org.matsim.contrib.dvrp.passenger.DefaultPassengerEngine
2026-08-25T03:43:36,722  INFO QSimProvider:143 Added DepartureHandler class org.matsim.contrib.dvrp.passenger.DefaultPassengerEngine
2026-08-25T03:43:36,722  INFO MobsimListenerManager:50 calling addQueueSimulationListener
2026-08-25T03:43:36,722  INFO MobsimListenerManager:54   assigned class org.matsim.core.mobsim.framework.listeners.MobsimListener to interface org.matsim.contrib.drt.optimizer.DrtOptimizer
2026-08-25T03:43:36,722  INFO MobsimListenerManager:54   assigned class org.matsim.core.mobsim.framework.listeners.MobsimListener to interface org.matsim.core.mobsim.framework.listeners.MobsimBeforeSimStepListener
2026-08-25T03:43:36,722  INFO MobsimListenerManager:54   assigned class org.matsim.core.mobsim.framework.listeners.MobsimListener to interface org.matsim.contrib.drt.optimizer.DefaultDrtOptimizer
2026-08-25T03:43:36,722  INFO MobsimListenerManager:54   assigned class org.matsim.core.mobsim.framework.listeners.MobsimListener to interface org.matsim.core.mobsim.framework.listeners.MobsimListener
2026-08-25T03:43:36,722  INFO QSimProvider:155 Added MobsimListener class org.matsim.contrib.drt.optimizer.DefaultDrtOptimizer
2026-08-25T03:43:36,722  INFO MobsimListenerManager:50 calling addQueueSimulationListener
2026-08-25T03:43:36,722  INFO MobsimListenerManager:54   assigned class org.matsim.core.mobsim.framework.listeners.MobsimListener to interface org.matsim.contrib.drt.optimizer.QSimScopeForkJoinPoolHolder
2026-08-25T03:43:36,722  INFO MobsimListenerManager:54   assigned class org.matsim.core.mobsim.framework.listeners.MobsimListener to interface org.matsim.core.mobsim.framework.listeners.MobsimBeforeCleanupListener
2026-08-25T03:43:36,722  INFO MobsimListenerManager:54   assigned class org.matsim.core.mobsim.framework.listeners.MobsimListener to interface org.matsim.core.mobsim.framework.listeners.MobsimListener
2026-08-25T03:43:36,722  INFO QSimProvider:155 Added MobsimListener class org.matsim.contrib.drt.optimizer.QSimScopeForkJoinPoolHolder
2026-08-25T03:43:36,722  INFO MobsimListenerManager:50 calling addQueueSimulationListener
2026-08-25T03:43:36,722  INFO MobsimListenerManager:54   assigned class org.matsim.core.mobsim.framework.listeners.MobsimListener to interface org.matsim.contrib.drt.optimizer.insertion.selective.SelectiveInsertionSearch
2026-08-25T03:43:36,722  INFO MobsimListenerManager:54   assigned class org.matsim.core.mobsim.framework.listeners.MobsimListener to interface org.matsim.core.mobsim.framework.listeners.MobsimBeforeCleanupListener
2026-08-25T03:43:36,722  INFO MobsimListenerManager:54   assigned class org.matsim.core.mobsim.framework.listeners.MobsimListener to interface org.matsim.core.mobsim.framework.listeners.MobsimListener
2026-08-25T03:43:36,722  INFO QSimProvider:155 Added MobsimListener class org.matsim.contrib.drt.optimizer.insertion.selective.SelectiveInsertionSearch
2026-08-25T03:43:36,722  INFO MobsimListenerManager:50 calling addQueueSimulationListener
2026-08-25T03:43:36,722  INFO MobsimListenerManager:54   assigned class org.matsim.core.mobsim.framework.listeners.MobsimListener to interface org.matsim.contrib.drt.optimizer.insertion.selective.SingleInsertionDetourPathCalculator
2026-08-25T03:43:36,722  INFO MobsimListenerManager:54   assigned class org.matsim.core.mobsim.framework.listeners.MobsimListener to interface org.matsim.core.mobsim.framework.listeners.MobsimBeforeCleanupListener
2026-08-25T03:43:36,722  INFO MobsimListenerManager:54   assigned class org.matsim.core.mobsim.framework.listeners.MobsimListener to interface org.matsim.core.mobsim.framework.listeners.MobsimListener
2026-08-25T03:43:36,722  INFO QSimProvider:155 Added MobsimListener class org.matsim.contrib.drt.optimizer.insertion.selective.SingleInsertionDetourPathCalculator
2026-08-25T03:43:36,722  INFO QSimProvider:149 Added AgentSource class org.matsim.contrib.dvrp.vrpagent.VrpAgentSource
2026-08-25T03:43:36,722  INFO QSimProvider:131 Added MobsimEngine class org.matsim.contrib.dvrp.passenger.DefaultPassengerEngine
2026-08-25T03:43:36,722  INFO QSimProvider:143 Added DepartureHandler class org.matsim.contrib.dvrp.passenger.DefaultPassengerEngine
2026-08-25T03:43:36,722  INFO MobsimListenerManager:50 calling addQueueSimulationListener
2026-08-25T03:43:36,722  INFO MobsimListenerManager:54   assigned class org.matsim.core.mobsim.framework.listeners.MobsimListener to interface org.matsim.contrib.drt.optimizer.DrtOptimizer
2026-08-25T03:43:36,722  INFO MobsimListenerManager:54   assigned class org.matsim.core.mobsim.framework.listeners.MobsimListener to interface org.matsim.core.mobsim.framework.listeners.MobsimBeforeSimStepListener
2026-08-25T03:43:36,723  INFO MobsimListenerManager:54   assigned class org.matsim.core.mobsim.framework.listeners.MobsimListener to interface org.matsim.contrib.drt.optimizer.DefaultDrtOptimizer
2026-08-25T03:43:36,723  INFO MobsimListenerManager:54   assigned class org.matsim.core.mobsim.framework.listeners.MobsimListener to interface org.matsim.core.mobsim.framework.listeners.MobsimListener
2026-08-25T03:43:36,723  INFO QSimProvider:155 Added MobsimListener class org.matsim.contrib.drt.optimizer.DefaultDrtOptimizer
2026-08-25T03:43:36,723  INFO MobsimListenerManager:50 calling addQueueSimulationListener
2026-08-25T03:43:36,723  INFO MobsimListenerManager:54   assigned class org.matsim.core.mobsim.framework.listeners.MobsimListener to interface org.matsim.contrib.drt.optimizer.QSimScopeForkJoinPoolHolder
2026-08-25T03:43:36,723  INFO MobsimListenerManager:54   assigned class org.matsim.core.mobsim.framework.listeners.MobsimListener to interface org.matsim.core.mobsim.framework.listeners.MobsimBeforeCleanupListener
2026-08-25T03:43:36,723  INFO MobsimListenerManager:54   assigned class org.matsim.core.mobsim.framework.listeners.MobsimListener to interface org.matsim.core.mobsim.framework.listeners.MobsimListener
2026-08-25T03:43:36,723  INFO QSimProvider:155 Added MobsimListener class org.matsim.contrib.drt.optimizer.QSimScopeForkJoinPoolHolder
2026-08-25T03:43:36,723  INFO MobsimListenerManager:50 calling addQueueSimulationListener
2026-08-25T03:43:36,723  INFO MobsimListenerManager:54   assigned class org.matsim.core.mobsim.framework.listeners.MobsimListener to interface org.matsim.contrib.drt.optimizer.insertion.selective.SelectiveInsertionSearch
2026-08-25T03:43:36,723  INFO MobsimListenerManager:54   assigned class org.matsim.core.mobsim.framework.listeners.MobsimListener to interface org.matsim.core.mobsim.framework.listeners.MobsimBeforeCleanupListener
2026-08-25T03:43:36,723  INFO MobsimListenerManager:54   assigned class org.matsim.core.mobsim.framework.listeners.MobsimListener to interface org.matsim.core.mobsim.framework.listeners.MobsimListener
2026-08-25T03:43:36,723  INFO QSimProvider:155 Added MobsimListener class org.matsim.contrib.drt.optimizer.insertion.selective.SelectiveInsertionSearch
2026-08-25T03:43:36,723  INFO MobsimListenerManager:50 calling addQueueSimulationListener
2026-08-25T03:43:36,723  INFO MobsimListenerManager:54   assigned class org.matsim.core.mobsim.framework.listeners.MobsimListener to interface org.matsim.contrib.drt.optimizer.insertion.selective.SingleInsertionDetourPathCalculator
2026-08-25T03:43:36,723  INFO MobsimListenerManager:54   assigned class org.matsim.core.mobsim.framework.listeners.MobsimListener to interface org.matsim.core.mobsim.framework.listeners.MobsimBeforeCleanupListener
2026-08-25T03:43:36,723  INFO MobsimListenerManager:54   assigned class org.matsim.core.mobsim.framework.listeners.MobsimListener to interface org.matsim.core.mobsim.framework.listeners.MobsimListener
2026-08-25T03:43:36,723  INFO QSimProvider:155 Added MobsimListener class org.matsim.contrib.drt.optimizer.insertion.selective.SingleInsertionDetourPathCalculator
2026-08-25T03:43:36,723  INFO QSimProvider:149 Added AgentSource class org.matsim.contrib.dvrp.vrpagent.VrpAgentSource
2026-08-25T03:43:36,723  INFO QSimProvider:131 Added MobsimEngine class org.matsim.contrib.dvrp.passenger.DefaultPassengerEngine
2026-08-25T03:43:36,723  INFO QSimProvider:143 Added DepartureHandler class org.matsim.contrib.dvrp.passenger.DefaultPassengerEngine
2026-08-25T03:43:36,723  INFO MobsimListenerManager:50 calling addQueueSimulationListener
2026-08-25T03:43:36,723  INFO MobsimListenerManager:54   assigned class org.matsim.core.mobsim.framework.listeners.MobsimListener to interface org.matsim.contrib.drt.optimizer.DrtOptimizer
2026-08-25T03:43:36,723  INFO MobsimListenerManager:54   assigned class org.matsim.core.mobsim.framework.listeners.MobsimListener to interface org.matsim.core.mobsim.framework.listeners.MobsimBeforeSimStepListener
2026-08-25T03:43:36,723  INFO MobsimListenerManager:54   assigned class org.matsim.core.mobsim.framework.listeners.MobsimListener to interface org.matsim.contrib.drt.optimizer.DefaultDrtOptimizer
2026-08-25T03:43:36,723  INFO MobsimListenerManager:54   assigned class org.matsim.core.mobsim.framework.listeners.MobsimListener to interface org.matsim.core.mobsim.framework.listeners.MobsimListener
2026-08-25T03:43:36,723  INFO QSimProvider:155 Added MobsimListener class org.matsim.contrib.drt.optimizer.DefaultDrtOptimizer
2026-08-25T03:43:36,723  INFO MobsimListenerManager:50 calling addQueueSimulationListener
2026-08-25T03:43:36,723  INFO MobsimListenerManager:54   assigned class org.matsim.core.mobsim.framework.listeners.MobsimListener to interface org.matsim.contrib.drt.optimizer.QSimScopeForkJoinPoolHolder
2026-08-25T03:43:36,723  INFO MobsimListenerManager:54   assigned class org.matsim.core.mobsim.framework.listeners.MobsimListener to interface org.matsim.core.mobsim.framework.listeners.MobsimBeforeCleanupListener
2026-08-25T03:43:36,723  INFO MobsimListenerManager:54   assigned class org.matsim.core.mobsim.framework.listeners.MobsimListener to interface org.matsim.core.mobsim.framework.listeners.MobsimListener
2026-08-25T03:43:36,723  INFO QSimProvider:155 Added MobsimListener class org.matsim.contrib.drt.optimizer.QSimScopeForkJoinPoolHolder
2026-08-25T03:43:36,723  INFO MobsimListenerManager:50 calling addQueueSimulationListener
2026-08-25T03:43:36,723  INFO MobsimListenerManager:54   assigned class org.matsim.core.mobsim.framework.listeners.MobsimListener to interface org.matsim.contrib.drt.optimizer.insertion.selective.SelectiveInsertionSearch
2026-08-25T03:43:36,723  INFO MobsimListenerManager:54   assigned class org.matsim.core.mobsim.framework.listeners.MobsimListener to interface org.matsim.core.mobsim.framework.listeners.MobsimBeforeCleanupListener
2026-08-25T03:43:36,724  INFO MobsimListenerManager:54   assigned class org.matsim.core.mobsim.framework.listeners.MobsimListener to interface org.matsim.core.mobsim.framework.listeners.MobsimListener
2026-08-25T03:43:36,724  INFO QSimProvider:155 Added MobsimListener class org.matsim.contrib.drt.optimizer.insertion.selective.SelectiveInsertionSearch
2026-08-25T03:43:36,724  INFO MobsimListenerManager:50 calling addQueueSimulationListener
2026-08-25T03:43:36,724  INFO MobsimListenerManager:54   assigned class org.matsim.core.mobsim.framework.listeners.MobsimListener to interface org.matsim.contrib.drt.optimizer.insertion.selective.SingleInsertionDetourPathCalculator
2026-08-25T03:43:36,724  INFO MobsimListenerManager:54   assigned class org.matsim.core.mobsim.framework.listeners.MobsimListener to interface org.matsim.core.mobsim.framework.listeners.MobsimBeforeCleanupListener
2026-08-25T03:43:36,724  INFO MobsimListenerManager:54   assigned class org.matsim.core.mobsim.framework.listeners.MobsimListener to interface org.matsim.core.mobsim.framework.listeners.MobsimListener
2026-08-25T03:43:36,724  INFO QSimProvider:155 Added MobsimListener class org.matsim.contrib.drt.optimizer.insertion.selective.SingleInsertionDetourPathCalculator
2026-08-25T03:43:36,724  INFO QSimProvider:149 Added AgentSource class org.matsim.contrib.dvrp.vrpagent.VrpAgentSource
2026-08-25T03:43:36,724  INFO QSimProvider:131 Added MobsimEngine class org.matsim.contrib.dvrp.passenger.DefaultPassengerEngine
2026-08-25T03:43:36,724  INFO QSimProvider:143 Added DepartureHandler class org.matsim.contrib.dvrp.passenger.DefaultPassengerEngine
2026-08-25T03:43:36,724  INFO MobsimListenerManager:50 calling addQueueSimulationListener
2026-08-25T03:43:36,724  INFO MobsimListenerManager:54   assigned class org.matsim.core.mobsim.framework.listeners.MobsimListener to interface org.matsim.contrib.drt.optimizer.DrtOptimizer
2026-08-25T03:43:36,724  INFO MobsimListenerManager:54   assigned class org.matsim.core.mobsim.framework.listeners.MobsimListener to interface org.matsim.core.mobsim.framework.listeners.MobsimBeforeSimStepListener
2026-08-25T03:43:36,724  INFO MobsimListenerManager:54   assigned class org.matsim.core.mobsim.framework.listeners.MobsimListener to interface org.matsim.contrib.drt.optimizer.DefaultDrtOptimizer
2026-08-25T03:43:36,724  INFO MobsimListenerManager:54   assigned class org.matsim.core.mobsim.framework.listeners.MobsimListener to interface org.matsim.core.mobsim.framework.listeners.MobsimListener
2026-08-25T03:43:36,724  INFO QSimProvider:155 Added MobsimListener class org.matsim.contrib.drt.optimizer.DefaultDrtOptimizer
2026-08-25T03:43:36,724  INFO MobsimListenerManager:50 calling addQueueSimulationListener
2026-08-25T03:43:36,724  INFO MobsimListenerManager:54   assigned class org.matsim.core.mobsim.framework.listeners.MobsimListener to interface org.matsim.contrib.drt.optimizer.QSimScopeForkJoinPoolHolder
2026-08-25T03:43:36,724  INFO MobsimListenerManager:54   assigned class org.matsim.core.mobsim.framework.listeners.MobsimListener to interface org.matsim.core.mobsim.framework.listeners.MobsimBeforeCleanupListener
2026-08-25T03:43:36,724  INFO MobsimListenerManager:54   assigned class org.matsim.core.mobsim.framework.listeners.MobsimListener to interface org.matsim.core.mobsim.framework.listeners.MobsimListener
2026-08-25T03:43:36,724  INFO QSimProvider:155 Added MobsimListener class org.matsim.contrib.drt.optimizer.QSimScopeForkJoinPoolHolder
2026-08-25T03:43:36,724  INFO MobsimListenerManager:50 calling addQueueSimulationListener
2026-08-25T03:43:36,724  INFO MobsimListenerManager:54   assigned class org.matsim.core.mobsim.framework.listeners.MobsimListener to interface org.matsim.contrib.drt.optimizer.insertion.selective.SelectiveInsertionSearch
2026-08-25T03:43:36,724  INFO MobsimListenerManager:54   assigned class org.matsim.core.mobsim.framework.listeners.MobsimListener to interface org.matsim.core.mobsim.framework.listeners.MobsimBeforeCleanupListener
2026-08-25T03:43:36,724  INFO MobsimListenerManager:54   assigned class org.matsim.core.mobsim.framework.listeners.MobsimListener to interface org.matsim.core.mobsim.framework.listeners.MobsimListener
2026-08-25T03:43:36,724  INFO QSimProvider:155 Added MobsimListener class org.matsim.contrib.drt.optimizer.insertion.selective.SelectiveInsertionSearch
2026-08-25T03:43:36,724  INFO MobsimListenerManager:50 calling addQueueSimulationListener
2026-08-25T03:43:36,724  INFO MobsimListenerManager:54   assigned class org.matsim.core.mobsim.framework.listeners.MobsimListener to interface org.matsim.contrib.drt.optimizer.insertion.selective.SingleInsertionDetourPathCalculator
2026-08-25T03:43:36,724  INFO MobsimListenerManager:54   assigned class org.matsim.core.mobsim.framework.listeners.MobsimListener to interface org.matsim.core.mobsim.framework.listeners.MobsimBeforeCleanupListener
2026-08-25T03:43:36,724  INFO MobsimListenerManager:54   assigned class org.matsim.core.mobsim.framework.listeners.MobsimListener to interface org.matsim.core.mobsim.framework.listeners.MobsimListener
2026-08-25T03:43:36,725  INFO QSimProvider:155 Added MobsimListener class org.matsim.contrib.drt.optimizer.insertion.selective.SingleInsertionDetourPathCalculator
2026-08-25T03:43:36,725  INFO QSimProvider:149 Added AgentSource class org.matsim.contrib.dvrp.vrpagent.VrpAgentSource
2026-08-25T03:43:36,725  INFO QSimProvider:131 Added MobsimEngine class org.matsim.contrib.dvrp.passenger.DefaultPassengerEngine
2026-08-25T03:43:36,725  INFO QSimProvider:143 Added DepartureHandler class org.matsim.contrib.dvrp.passenger.DefaultPassengerEngine
2026-08-25T03:43:36,725  INFO MobsimListenerManager:50 calling addQueueSimulationListener
2026-08-25T03:43:36,725  INFO MobsimListenerManager:54   assigned class org.matsim.core.mobsim.framework.listeners.MobsimListener to interface org.matsim.contrib.drt.optimizer.DrtOptimizer
2026-08-25T03:43:36,725  INFO MobsimListenerManager:54   assigned class org.matsim.core.mobsim.framework.listeners.MobsimListener to interface org.matsim.core.mobsim.framework.listeners.MobsimBeforeSimStepListener
2026-08-25T03:43:36,725  INFO MobsimListenerManager:54   assigned class org.matsim.core.mobsim.framework.listeners.MobsimListener to interface org.matsim.contrib.drt.optimizer.DefaultDrtOptimizer
2026-08-25T03:43:36,725  INFO MobsimListenerManager:54   assigned class org.matsim.core.mobsim.framework.listeners.MobsimListener to interface org.matsim.core.mobsim.framework.listeners.MobsimListener
2026-08-25T03:43:36,725  INFO QSimProvider:155 Added MobsimListener class org.matsim.contrib.drt.optimizer.DefaultDrtOptimizer
2026-08-25T03:43:36,725  INFO MobsimListenerManager:50 calling addQueueSimulationListener
2026-08-25T03:43:36,725  INFO MobsimListenerManager:54   assigned class org.matsim.core.mobsim.framework.listeners.MobsimListener to interface org.matsim.contrib.drt.optimizer.QSimScopeForkJoinPoolHolder
2026-08-25T03:43:36,725  INFO MobsimListenerManager:54   assigned class org.matsim.core.mobsim.framework.listeners.MobsimListener to interface org.matsim.core.mobsim.framework.listeners.MobsimBeforeCleanupListener
2026-08-25T03:43:36,725  INFO MobsimListenerManager:54   assigned class org.matsim.core.mobsim.framework.listeners.MobsimListener to interface org.matsim.core.mobsim.framework.listeners.MobsimListener
2026-08-25T03:43:36,725  INFO QSimProvider:155 Added MobsimListener class org.matsim.contrib.drt.optimizer.QSimScopeForkJoinPoolHolder
2026-08-25T03:43:36,725  INFO MobsimListenerManager:50 calling addQueueSimulationListener
2026-08-25T03:43:36,725  INFO MobsimListenerManager:54   assigned class org.matsim.core.mobsim.framework.listeners.MobsimListener to interface org.matsim.contrib.drt.optimizer.insertion.selective.SelectiveInsertionSearch
2026-08-25T03:43:36,725  INFO MobsimListenerManager:54   assigned class org.matsim.core.mobsim.framework.listeners.MobsimListener to interface org.matsim.core.mobsim.framework.listeners.MobsimBeforeCleanupListener
2026-08-25T03:43:36,725  INFO MobsimListenerManager:54   assigned class org.matsim.core.mobsim.framework.listeners.MobsimListener to interface org.matsim.core.mobsim.framework.listeners.MobsimListener
2026-08-25T03:43:36,725  INFO QSimProvider:155 Added MobsimListener class org.matsim.contrib.drt.optimizer.insertion.selective.SelectiveInsertionSearch
2026-08-25T03:43:36,725  INFO MobsimListenerManager:50 calling addQueueSimulationListener
2026-08-25T03:43:36,725  INFO MobsimListenerManager:54   assigned class org.matsim.core.mobsim.framework.listeners.MobsimListener to interface org.matsim.contrib.drt.optimizer.insertion.selective.SingleInsertionDetourPathCalculator
2026-08-25T03:43:36,725  INFO MobsimListenerManager:54   assigned class org.matsim.core.mobsim.framework.listeners.MobsimListener to interface org.matsim.core.mobsim.framework.listeners.MobsimBeforeCleanupListener
2026-08-25T03:43:36,725  INFO MobsimListenerManager:54   assigned class org.matsim.core.mobsim.framework.listeners.MobsimListener to interface org.matsim.core.mobsim.framework.listeners.MobsimListener
2026-08-25T03:43:36,725  INFO QSimProvider:155 Added MobsimListener class org.matsim.contrib.drt.optimizer.insertion.selective.SingleInsertionDetourPathCalculator
2026-08-25T03:43:36,726  INFO QSimProvider:149 Added AgentSource class org.matsim.contrib.dvrp.vrpagent.VrpAgentSource
2026-08-25T03:43:36,726  INFO QSimProvider:131 Added MobsimEngine class org.matsim.contrib.dvrp.passenger.DefaultPassengerEngine
2026-08-25T03:43:36,726  INFO QSimProvider:143 Added DepartureHandler class org.matsim.contrib.dvrp.passenger.DefaultPassengerEngine
2026-08-25T03:43:36,726  INFO MobsimListenerManager:50 calling addQueueSimulationListener
2026-08-25T03:43:36,726  INFO MobsimListenerManager:54   assigned class org.matsim.core.mobsim.framework.listeners.MobsimListener to interface org.matsim.contrib.drt.optimizer.DrtOptimizer
2026-08-25T03:43:36,726  INFO MobsimListenerManager:54   assigned class org.matsim.core.mobsim.framework.listeners.MobsimListener to interface org.matsim.core.mobsim.framework.listeners.MobsimBeforeSimStepListener
2026-08-25T03:43:36,726  INFO MobsimListenerManager:54   assigned class org.matsim.core.mobsim.framework.listeners.MobsimListener to interface org.matsim.contrib.drt.optimizer.DefaultDrtOptimizer
2026-08-25T03:43:36,726  INFO MobsimListenerManager:54   assigned class org.matsim.core.mobsim.framework.listeners.MobsimListener to interface org.matsim.core.mobsim.framework.listeners.MobsimListener
2026-08-25T03:43:36,726  INFO QSimProvider:155 Added MobsimListener class org.matsim.contrib.drt.optimizer.DefaultDrtOptimizer
2026-08-25T03:43:36,726  INFO MobsimListenerManager:50 calling addQueueSimulationListener
2026-08-25T03:43:36,726  INFO MobsimListenerManager:54   assigned class org.matsim.core.mobsim.framework.listeners.MobsimListener to interface org.matsim.contrib.drt.optimizer.QSimScopeForkJoinPoolHolder
2026-08-25T03:43:36,726  INFO MobsimListenerManager:54   assigned class org.matsim.core.mobsim.framework.listeners.MobsimListener to interface org.matsim.core.mobsim.framework.listeners.MobsimBeforeCleanupListener
2026-08-25T03:43:36,726  INFO MobsimListenerManager:54   assigned class org.matsim.core.mobsim.framework.listeners.MobsimListener to interface org.matsim.core.mobsim.framework.listeners.MobsimListener
2026-08-25T03:43:36,726  INFO QSimProvider:155 Added MobsimListener class org.matsim.contrib.drt.optimizer.QSimScopeForkJoinPoolHolder
2026-08-25T03:43:36,726  INFO MobsimListenerManager:50 calling addQueueSimulationListener
2026-08-25T03:43:36,726  INFO MobsimListenerManager:54   assigned class org.matsim.core.mobsim.framework.listeners.MobsimListener to interface org.matsim.contrib.drt.optimizer.insertion.selective.SelectiveInsertionSearch
2026-08-25T03:43:36,726  INFO MobsimListenerManager:54   assigned class org.matsim.core.mobsim.framework.listeners.MobsimListener to interface org.matsim.core.mobsim.framework.listeners.MobsimBeforeCleanupListener
2026-08-25T03:43:36,726  INFO MobsimListenerManager:54   assigned class org.matsim.core.mobsim.framework.listeners.MobsimListener to interface org.matsim.core.mobsim.framework.listeners.MobsimListener
2026-08-25T03:43:36,726  INFO QSimProvider:155 Added MobsimListener class org.matsim.contrib.drt.optimizer.insertion.selective.SelectiveInsertionSearch
2026-08-25T03:43:36,726  INFO MobsimListenerManager:50 calling addQueueSimulationListener
2026-08-25T03:43:36,726  INFO MobsimListenerManager:54   assigned class org.matsim.core.mobsim.framework.listeners.MobsimListener to interface org.matsim.contrib.drt.optimizer.insertion.selective.SingleInsertionDetourPathCalculator
2026-08-25T03:43:36,726  INFO MobsimListenerManager:54   assigned class org.matsim.core.mobsim.framework.listeners.MobsimListener to interface org.matsim.core.mobsim.framework.listeners.MobsimBeforeCleanupListener
2026-08-25T03:43:36,726  INFO MobsimListenerManager:54   assigned class org.matsim.core.mobsim.framework.listeners.MobsimListener to interface org.matsim.core.mobsim.framework.listeners.MobsimListener
2026-08-25T03:43:36,726  INFO QSimProvider:155 Added MobsimListener class org.matsim.contrib.drt.optimizer.insertion.selective.SingleInsertionDetourPathCalculator
2026-08-25T03:43:36,726  INFO QSimProvider:149 Added AgentSource class org.matsim.contrib.dvrp.vrpagent.VrpAgentSource
2026-08-25T03:43:36,726  INFO QSimProvider:131 Added MobsimEngine class org.matsim.contrib.dvrp.passenger.DefaultPassengerEngine
2026-08-25T03:43:36,726  INFO QSimProvider:143 Added DepartureHandler class org.matsim.contrib.dvrp.passenger.DefaultPassengerEngine
2026-08-25T03:43:36,726  INFO MobsimListenerManager:50 calling addQueueSimulationListener
2026-08-25T03:43:36,726  INFO MobsimListenerManager:54   assigned class org.matsim.core.mobsim.framework.listeners.MobsimListener to interface org.matsim.contrib.drt.optimizer.DrtOptimizer
2026-08-25T03:43:36,726  INFO MobsimListenerManager:54   assigned class org.matsim.core.mobsim.framework.listeners.MobsimListener to interface org.matsim.core.mobsim.framework.listeners.MobsimBeforeSimStepListener
2026-08-25T03:43:36,726  INFO MobsimListenerManager:54   assigned class org.matsim.core.mobsim.framework.listeners.MobsimListener to interface org.matsim.contrib.drt.optimizer.DefaultDrtOptimizer
2026-08-25T03:43:36,726  INFO MobsimListenerManager:54   assigned class org.matsim.core.mobsim.framework.listeners.MobsimListener to interface org.matsim.core.mobsim.framework.listeners.MobsimListener
2026-08-25T03:43:36,727  INFO QSimProvider:155 Added MobsimListener class org.matsim.contrib.drt.optimizer.DefaultDrtOptimizer
2026-08-25T03:43:36,727  INFO MobsimListenerManager:50 calling addQueueSimulationListener
2026-08-25T03:43:36,727  INFO MobsimListenerManager:54   assigned class org.matsim.core.mobsim.framework.listeners.MobsimListener to interface org.matsim.contrib.drt.optimizer.QSimScopeForkJoinPoolHolder
2026-08-25T03:43:36,727  INFO MobsimListenerManager:54   assigned class org.matsim.core.mobsim.framework.listeners.MobsimListener to interface org.matsim.core.mobsim.framework.listeners.MobsimBeforeCleanupListener
2026-08-25T03:43:36,727  INFO MobsimListenerManager:54   assigned class org.matsim.core.mobsim.framework.listeners.MobsimListener to interface org.matsim.core.mobsim.framework.listeners.MobsimListener
2026-08-25T03:43:36,727  INFO QSimProvider:155 Added MobsimListener class org.matsim.contrib.drt.optimizer.QSimScopeForkJoinPoolHolder
2026-08-25T03:43:36,727  INFO MobsimListenerManager:50 calling addQueueSimulationListener
2026-08-25T03:43:36,727  INFO MobsimListenerManager:54   assigned class org.matsim.core.mobsim.framework.listeners.MobsimListener to interface org.matsim.contrib.drt.optimizer.insertion.selective.SelectiveInsertionSearch
2026-08-25T03:43:36,727  INFO MobsimListenerManager:54   assigned class org.matsim.core.mobsim.framework.listeners.MobsimListener to interface org.matsim.core.mobsim.framework.listeners.MobsimBeforeCleanupListener
2026-08-25T03:43:36,727  INFO MobsimListenerManager:54   assigned class org.matsim.core.mobsim.framework.listeners.MobsimListener to interface org.matsim.core.mobsim.framework.listeners.MobsimListener
2026-08-25T03:43:36,727  INFO QSimProvider:155 Added MobsimListener class org.matsim.contrib.drt.optimizer.insertion.selective.SelectiveInsertionSearch
2026-08-25T03:43:36,727  INFO MobsimListenerManager:50 calling addQueueSimulationListener
2026-08-25T03:43:36,727  INFO MobsimListenerManager:54   assigned class org.matsim.core.mobsim.framework.listeners.MobsimListener to interface org.matsim.contrib.drt.optimizer.insertion.selective.SingleInsertionDetourPathCalculator
2026-08-25T03:43:36,727  INFO MobsimListenerManager:54   assigned class org.matsim.core.mobsim.framework.listeners.MobsimListener to interface org.matsim.core.mobsim.framework.listeners.MobsimBeforeCleanupListener
2026-08-25T03:43:36,727  INFO MobsimListenerManager:54   assigned class org.matsim.core.mobsim.framework.listeners.MobsimListener to interface org.matsim.core.mobsim.framework.listeners.MobsimListener
2026-08-25T03:43:36,727  INFO QSimProvider:155 Added MobsimListener class org.matsim.contrib.drt.optimizer.insertion.selective.SingleInsertionDetourPathCalculator
2026-08-25T03:43:36,727  INFO QSimProvider:149 Added AgentSource class org.matsim.contrib.dvrp.vrpagent.VrpAgentSource
2026-08-25T03:43:36,727  INFO QSimProvider:131 Added MobsimEngine class org.matsim.contrib.dvrp.passenger.DefaultPassengerEngine
2026-08-25T03:43:36,727  INFO QSimProvider:143 Added DepartureHandler class org.matsim.contrib.dvrp.passenger.DefaultPassengerEngine
2026-08-25T03:43:36,727  INFO MobsimListenerManager:50 calling addQueueSimulationListener
2026-08-25T03:43:36,727  INFO MobsimListenerManager:54   assigned class org.matsim.core.mobsim.framework.listeners.MobsimListener to interface org.matsim.contrib.drt.optimizer.DrtOptimizer
2026-08-25T03:43:36,727  INFO MobsimListenerManager:54   assigned class org.matsim.core.mobsim.framework.listeners.MobsimListener to interface org.matsim.core.mobsim.framework.listeners.MobsimBeforeSimStepListener
2026-08-25T03:43:36,727  INFO MobsimListenerManager:54   assigned class org.matsim.core.mobsim.framework.listeners.MobsimListener to interface org.matsim.contrib.drt.optimizer.DefaultDrtOptimizer
2026-08-25T03:43:36,727  INFO MobsimListenerManager:54   assigned class org.matsim.core.mobsim.framework.listeners.MobsimListener to interface org.matsim.core.mobsim.framework.listeners.MobsimListener
2026-08-25T03:43:36,727  INFO QSimProvider:155 Added MobsimListener class org.matsim.contrib.drt.optimizer.DefaultDrtOptimizer
2026-08-25T03:43:36,727  INFO MobsimListenerManager:50 calling addQueueSimulationListener
2026-08-25T03:43:36,727  INFO MobsimListenerManager:54   assigned class org.matsim.core.mobsim.framework.listeners.MobsimListener to interface org.matsim.contrib.drt.optimizer.QSimScopeForkJoinPoolHolder
2026-08-25T03:43:36,727  INFO MobsimListenerManager:54   assigned class org.matsim.core.mobsim.framework.listeners.MobsimListener to interface org.matsim.core.mobsim.framework.listeners.MobsimBeforeCleanupListener
2026-08-25T03:43:36,727  INFO MobsimListenerManager:54   assigned class org.matsim.core.mobsim.framework.listeners.MobsimListener to interface org.matsim.core.mobsim.framework.listeners.MobsimListener
2026-08-25T03:43:36,727  INFO QSimProvider:155 Added MobsimListener class org.matsim.contrib.drt.optimizer.QSimScopeForkJoinPoolHolder
2026-08-25T03:43:36,727  INFO MobsimListenerManager:50 calling addQueueSimulationListener
2026-08-25T03:43:36,727  INFO MobsimListenerManager:54   assigned class org.matsim.core.mobsim.framework.listeners.MobsimListener to interface org.matsim.contrib.drt.optimizer.insertion.selective.SelectiveInsertionSearch
2026-08-25T03:43:36,727  INFO MobsimListenerManager:54   assigned class org.matsim.core.mobsim.framework.listeners.MobsimListener to interface org.matsim.core.mobsim.framework.listeners.MobsimBeforeCleanupListener
2026-08-25T03:43:36,727  INFO MobsimListenerManager:54   assigned class org.matsim.core.mobsim.framework.listeners.MobsimListener to interface org.matsim.core.mobsim.framework.listeners.MobsimListener
2026-08-25T03:43:36,727  INFO QSimProvider:155 Added MobsimListener class org.matsim.contrib.drt.optimizer.insertion.selective.SelectiveInsertionSearch
2026-08-25T03:43:36,727  INFO MobsimListenerManager:50 calling addQueueSimulationListener
2026-08-25T03:43:36,727  INFO MobsimListenerManager:54   assigned class org.matsim.core.mobsim.framework.listeners.MobsimListener to interface org.matsim.contrib.drt.optimizer.insertion.selective.SingleInsertionDetourPathCalculator
2026-08-25T03:43:36,727  INFO MobsimListenerManager:54   assigned class org.matsim.core.mobsim.framework.listeners.MobsimListener to interface org.matsim.core.mobsim.framework.listeners.MobsimBeforeCleanupListener
2026-08-25T03:43:36,727  INFO MobsimListenerManager:54   assigned class org.matsim.core.mobsim.framework.listeners.MobsimListener to interface org.matsim.core.mobsim.framework.listeners.MobsimListener
2026-08-25T03:43:36,727  INFO QSimProvider:155 Added MobsimListener class org.matsim.contrib.drt.optimizer.insertion.selective.SingleInsertionDetourPathCalculator
2026-08-25T03:43:36,729  INFO QSimProvider:149 Added AgentSource class org.matsim.contrib.dvrp.vrpagent.VrpAgentSource
2026-08-25T03:43:36,729  INFO QSimProvider:131 Added MobsimEngine class org.matsim.contrib.dvrp.passenger.DefaultPassengerEngine
2026-08-25T03:43:36,729  INFO QSimProvider:143 Added DepartureHandler class org.matsim.contrib.dvrp.passenger.DefaultPassengerEngine
2026-08-25T03:43:36,729  INFO MobsimListenerManager:50 calling addQueueSimulationListener
2026-08-25T03:43:36,729  INFO MobsimListenerManager:54   assigned class org.matsim.core.mobsim.framework.listeners.MobsimListener to interface org.matsim.contrib.drt.optimizer.DrtOptimizer
2026-08-25T03:43:36,729  INFO MobsimListenerManager:54   assigned class org.matsim.core.mobsim.framework.listeners.MobsimListener to interface org.matsim.core.mobsim.framework.listeners.MobsimBeforeSimStepListener
2026-08-25T03:43:36,729  INFO MobsimListenerManager:54   assigned class org.matsim.core.mobsim.framework.listeners.MobsimListener to interface org.matsim.contrib.drt.optimizer.DefaultDrtOptimizer
2026-08-25T03:43:36,729  INFO MobsimListenerManager:54   assigned class org.matsim.core.mobsim.framework.listeners.MobsimListener to interface org.matsim.core.mobsim.framework.listeners.MobsimListener
2026-08-25T03:43:36,729  INFO QSimProvider:155 Added MobsimListener class org.matsim.contrib.drt.optimizer.DefaultDrtOptimizer
2026-08-25T03:43:36,729  INFO MobsimListenerManager:50 calling addQueueSimulationListener
2026-08-25T03:43:36,729  INFO MobsimListenerManager:54   assigned class org.matsim.core.mobsim.framework.listeners.MobsimListener to interface org.matsim.contrib.drt.optimizer.QSimScopeForkJoinPoolHolder
2026-08-25T03:43:36,729  INFO MobsimListenerManager:54   assigned class org.matsim.core.mobsim.framework.listeners.MobsimListener to interface org.matsim.core.mobsim.framework.listeners.MobsimBeforeCleanupListener
2026-08-25T03:43:36,729  INFO MobsimListenerManager:54   assigned class org.matsim.core.mobsim.framework.listeners.MobsimListener to interface org.matsim.core.mobsim.framework.listeners.MobsimListener
2026-08-25T03:43:36,729  INFO QSimProvider:155 Added MobsimListener class org.matsim.contrib.drt.optimizer.QSimScopeForkJoinPoolHolder
2026-08-25T03:43:36,729  INFO MobsimListenerManager:50 calling addQueueSimulationListener
2026-08-25T03:43:36,729  INFO MobsimListenerManager:54   assigned class org.matsim.core.mobsim.framework.listeners.MobsimListener to interface org.matsim.contrib.drt.optimizer.insertion.selective.SelectiveInsertionSearch
2026-08-25T03:43:36,729  INFO MobsimListenerManager:54   assigned class org.matsim.core.mobsim.framework.listeners.MobsimListener to interface org.matsim.core.mobsim.framework.listeners.MobsimBeforeCleanupListener
2026-08-25T03:43:36,729  INFO MobsimListenerManager:54   assigned class org.matsim.core.mobsim.framework.listeners.MobsimListener to interface org.matsim.core.mobsim.framework.listeners.MobsimListener
2026-08-25T03:43:36,729  INFO QSimProvider:155 Added MobsimListener class org.matsim.contrib.drt.optimizer.insertion.selective.SelectiveInsertionSearch
2026-08-25T03:43:36,744  INFO ReconstructingUmlaufBuilder:131 Generating UmlaufStuecke ...
...................................2026-08-25T03:43:36,746  INFO ReconstructingUmlaufBuilder:144 ... done generating UmlaufStuecke
...................................2026-08-25T03:43:36,787  INFO AbstractQNetsimEngine:418 Assigned 7727 nodes and 19773 links to QSimEngineRunner #0
2026-08-25T03:43:36,788  WARN PreplanningEngine:119 running onPrepareSim
2026-08-25T03:43:36,794  INFO AbstractQNetsimEngine:356 SIMULATION (QNetsimEngine) AT 00:00:00 : #links=0 #nodes=8
2026-08-25T03:43:36,794  INFO QSim:552 SIMULATION (NEW QSim) AT 00:00:00 : #Veh=6041 lost=0 simT=0.0s realT=1s; (s/r): 0.0
2026-08-25T03:43:37,042  INFO AbstractQNetsimEngine:356 SIMULATION (QNetsimEngine) AT 01:00:00 : #links=7 #nodes=2
2026-08-25T03:43:37,042  INFO QSim:552 SIMULATION (NEW QSim) AT 01:00:00 : #Veh=6033 lost=0 simT=3600.0s realT=2s; (s/r): 1800.0
2026-08-25T03:43:37,261  INFO AbstractQNetsimEngine:356 SIMULATION (QNetsimEngine) AT 02:00:00 : #links=5 #nodes=1
2026-08-25T03:43:37,261  INFO QSim:552 SIMULATION (NEW QSim) AT 02:00:00 : #Veh=6027 lost=0 simT=7200.0s realT=2s; (s/r): 3600.0
2026-08-25T03:43:37,461  INFO AbstractQNetsimEngine:356 SIMULATION (QNetsimEngine) AT 03:00:00 : #links=3 #nodes=4
2026-08-25T03:43:37,461  INFO QSim:552 SIMULATION (NEW QSim) AT 03:00:00 : #Veh=6024 lost=0 simT=10800.0s realT=2s; (s/r): 5400.0
2026-08-25T03:43:37,785  INFO AbstractQNetsimEngine:356 SIMULATION (QNetsimEngine) AT 04:00:00 : #links=51 #nodes=25
2026-08-25T03:43:37,785  INFO QSim:552 SIMULATION (NEW QSim) AT 04:00:00 : #Veh=6016 lost=4 simT=14400.0s realT=2s; (s/r): 7200.0
2026-08-25T03:43:38,333  INFO AbstractQNetsimEngine:356 SIMULATION (QNetsimEngine) AT 05:00:00 : #links=80 #nodes=34
2026-08-25T03:43:38,334  INFO QSim:552 SIMULATION (NEW QSim) AT 05:00:00 : #Veh=5929 lost=22 simT=18000.0s realT=3s; (s/r): 6000.0
2026-08-25T03:43:38,955  INFO AbstractQNetsimEngine:356 SIMULATION (QNetsimEngine) AT 06:00:00 : #links=99 #nodes=39
2026-08-25T03:43:38,955  INFO QSim:552 SIMULATION (NEW QSim) AT 06:00:00 : #Veh=5805 lost=23 simT=21600.0s realT=4s; (s/r): 5400.0
2026-08-25T03:43:39,866  INFO AbstractQNetsimEngine:356 SIMULATION (QNetsimEngine) AT 07:00:00 : #links=158 #nodes=52
2026-08-25T03:43:39,866  INFO QSim:552 SIMULATION (NEW QSim) AT 07:00:00 : #Veh=5656 lost=35 simT=25200.0s realT=5s; (s/r): 5040.0
2026-08-25T03:43:41,524  INFO AbstractQNetsimEngine:356 SIMULATION (QNetsimEngine) AT 08:00:00 : #links=251 #nodes=67
2026-08-25T03:43:41,524  INFO QSim:552 SIMULATION (NEW QSim) AT 08:00:00 : #Veh=5342 lost=74 simT=28800.0s realT=6s; (s/r): 4800.0
2026-08-25T03:43:42,968  INFO AbstractQNetsimEngine:356 SIMULATION (QNetsimEngine) AT 09:00:00 : #links=225 #nodes=55
2026-08-25T03:43:42,968  INFO QSim:552 SIMULATION (NEW QSim) AT 09:00:00 : #Veh=4988 lost=91 simT=32400.0s realT=8s; (s/r): 4050.0
2026-08-25T03:43:44,216  INFO AbstractQNetsimEngine:356 SIMULATION (QNetsimEngine) AT 10:00:00 : #links=191 #nodes=53
2026-08-25T03:43:44,216  INFO QSim:552 SIMULATION (NEW QSim) AT 10:00:00 : #Veh=4599 lost=109 simT=36000.0s realT=9s; (s/r): 4000.0
2026-08-25T03:43:45,455  INFO AbstractQNetsimEngine:356 SIMULATION (QNetsimEngine) AT 11:00:00 : #links=159 #nodes=54
2026-08-25T03:43:45,455  INFO QSim:552 SIMULATION (NEW QSim) AT 11:00:00 : #Veh=4200 lost=131 simT=39600.0s realT=10s; (s/r): 3960.0
2026-08-25T03:43:46,408  INFO AbstractQNetsimEngine:356 SIMULATION (QNetsimEngine) AT 12:00:00 : #links=167 #nodes=50
2026-08-25T03:43:46,408  INFO QSim:552 SIMULATION (NEW QSim) AT 12:00:00 : #Veh=3830 lost=149 simT=43200.0s realT=11s; (s/r): 3927.2727272727275
2026-08-25T03:43:47,407  INFO AbstractQNetsimEngine:356 SIMULATION (QNetsimEngine) AT 13:00:00 : #links=142 #nodes=48
2026-08-25T03:43:47,408  INFO QSim:552 SIMULATION (NEW QSim) AT 13:00:00 : #Veh=3482 lost=158 simT=46800.0s realT=12s; (s/r): 3900.0
2026-08-25T03:43:48,302  INFO AbstractQNetsimEngine:356 SIMULATION (QNetsimEngine) AT 14:00:00 : #links=155 #nodes=54
2026-08-25T03:43:48,302  INFO QSim:552 SIMULATION (NEW QSim) AT 14:00:00 : #Veh=3234 lost=162 simT=50400.0s realT=13s; (s/r): 3876.923076923077
2026-08-25T03:43:48,392  INFO EventsManagerImpl:116  event # 4194304
2026-08-25T03:43:49,314  INFO AbstractQNetsimEngine:356 SIMULATION (QNetsimEngine) AT 15:00:00 : #links=130 #nodes=41
2026-08-25T03:43:49,314  INFO QSim:552 SIMULATION (NEW QSim) AT 15:00:00 : #Veh=2926 lost=168 simT=54000.0s realT=14s; (s/r): 3857.1428571428573
2026-08-25T03:43:51,043  INFO AbstractQNetsimEngine:356 SIMULATION (QNetsimEngine) AT 16:00:00 : #links=137 #nodes=49
2026-08-25T03:43:51,043  INFO QSim:552 SIMULATION (NEW QSim) AT 16:00:00 : #Veh=2599 lost=179 simT=57600.0s realT=16s; (s/r): 3600.0
2026-08-25T03:43:53,020  INFO AbstractQNetsimEngine:356 SIMULATION (QNetsimEngine) AT 17:00:00 : #links=224 #nodes=63
2026-08-25T03:43:53,021  INFO QSim:552 SIMULATION (NEW QSim) AT 17:00:00 : #Veh=2112 lost=192 simT=61200.0s realT=18s; (s/r): 3400.0
2026-08-25T03:43:54,472  INFO AbstractQNetsimEngine:356 SIMULATION (QNetsimEngine) AT 18:00:00 : #links=200 #nodes=66
2026-08-25T03:43:54,472  INFO QSim:552 SIMULATION (NEW QSim) AT 18:00:00 : #Veh=1411 lost=208 simT=64800.0s realT=19s; (s/r): 3410.5263157894738
2026-08-25T03:43:55,506  INFO AbstractQNetsimEngine:356 SIMULATION (QNetsimEngine) AT 19:00:00 : #links=168 #nodes=47
2026-08-25T03:43:55,506  INFO QSim:552 SIMULATION (NEW QSim) AT 19:00:00 : #Veh=925 lost=223 simT=68400.0s realT=20s; (s/r): 3420.0
2026-08-25T03:43:56,230  INFO AbstractQNetsimEngine:356 SIMULATION (QNetsimEngine) AT 20:00:00 : #links=105 #nodes=32
2026-08-25T03:43:56,230  INFO QSim:552 SIMULATION (NEW QSim) AT 20:00:00 : #Veh=584 lost=226 simT=72000.0s realT=21s; (s/r): 3428.5714285714284
2026-08-25T03:43:56,700  INFO AbstractQNetsimEngine:356 SIMULATION (QNetsimEngine) AT 21:00:00 : #links=67 #nodes=22
2026-08-25T03:43:56,700  INFO QSim:552 SIMULATION (NEW QSim) AT 21:00:00 : #Veh=395 lost=226 simT=75600.0s realT=21s; (s/r): 3600.0
2026-08-25T03:43:57,000  INFO AbstractQNetsimEngine:356 SIMULATION (QNetsimEngine) AT 22:00:00 : #links=12 #nodes=13
2026-08-25T03:43:57,000  INFO QSim:552 SIMULATION (NEW QSim) AT 22:00:00 : #Veh=215 lost=234 simT=79200.0s realT=22s; (s/r): 3600.0
2026-08-25T03:43:57,257  INFO AbstractQNetsimEngine:356 SIMULATION (QNetsimEngine) AT 23:00:00 : #links=47 #nodes=18
2026-08-25T03:43:57,257  INFO QSim:552 SIMULATION (NEW QSim) AT 23:00:00 : #Veh=157 lost=244 simT=82800.0s realT=22s; (s/r): 3763.6363636363635
2026-08-25T03:43:57,507  INFO AbstractQNetsimEngine:356 SIMULATION (QNetsimEngine) AT 24:00:00 : #links=10 #nodes=2
2026-08-25T03:43:57,507  INFO QSim:552 SIMULATION (NEW QSim) AT 24:00:00 : #Veh=72 lost=248 simT=86400.0s realT=22s; (s/r): 3927.2727272727275
2026-08-25T03:43:57,599  INFO Gbl:196 Thread performance: Thread=class org.matsim.core.events.SimStepParallelEventsManagerImpl$ProcessEventsRunnable0  cpu-time=14.984375sec
2026-08-25T03:43:57,599  INFO AbstractController$9:237 ### ITERATION 1 fires after mobsim event
2026-08-25T03:43:57,599  INFO ControlerListenerManagerImpl:269 calling notifyAfterMobsim on org.matsim.analysis.LegTimesControlerListener with priority 0.0
2026-08-25T03:43:57,603  INFO LegTimesControlerListener:73 [1] average leg duration is: 1183 seconds = 00:19:43
2026-08-25T03:43:57,603  INFO ControlerListenerManagerImpl:269 calling notifyAfterMobsim on org.matsim.core.events.MobsimScopeEventHandling with priority 0.0
2026-08-25T03:43:57,603  INFO EventsManagerImpl:164 removing Event-Handler: org.matsim.contrib.dvrp.passenger.DefaultPassengerEngine
2026-08-25T03:43:57,603  INFO EventsManagerImpl:164 removing Event-Handler: org.matsim.contrib.dvrp.passenger.DefaultPassengerEngine
2026-08-25T03:43:57,603  INFO EventsManagerImpl:164 removing Event-Handler: org.matsim.contrib.dvrp.passenger.DefaultPassengerEngine
2026-08-25T03:43:57,603  INFO EventsManagerImpl:164 removing Event-Handler: org.matsim.contrib.dvrp.passenger.DefaultPassengerEngine
2026-08-25T03:43:57,603  INFO EventsManagerImpl:164 removing Event-Handler: org.matsim.contrib.dvrp.passenger.DefaultPassengerEngine
2026-08-25T03:43:57,603  INFO EventsManagerImpl:164 removing Event-Handler: org.matsim.contrib.dvrp.passenger.DefaultPassengerEngine
2026-08-25T03:43:57,603  INFO EventsManagerImpl:164 removing Event-Handler: org.matsim.contrib.dvrp.passenger.DefaultPassengerEngine
2026-08-25T03:43:57,603  INFO EventsManagerImpl:164 removing Event-Handler: org.matsim.contrib.dvrp.passenger.DefaultPassengerEngine
2026-08-25T03:43:57,603  INFO EventsManagerImpl:164 removing Event-Handler: org.matsim.contrib.dvrp.passenger.DefaultPassengerEngine
2026-08-25T03:43:57,604  INFO EventsManagerImpl:164 removing Event-Handler: org.matsim.contrib.dvrp.passenger.DefaultPassengerEngine
2026-08-25T03:43:57,604  INFO EventsManagerImpl:164 removing Event-Handler: org.matsim.contrib.dvrp.passenger.DefaultPassengerEngine
2026-08-25T03:43:57,604  INFO EventsManagerImpl:164 removing Event-Handler: org.matsim.contrib.dvrp.passenger.DefaultPassengerEngine
2026-08-25T03:43:57,604  INFO EventsManagerImpl:164 removing Event-Handler: org.matsim.contrib.dvrp.passenger.DefaultPassengerEngine
2026-08-25T03:43:57,604  INFO EventsManagerImpl:164 removing Event-Handler: org.matsim.contrib.dvrp.passenger.DefaultPassengerEngine
2026-08-25T03:43:57,604  INFO EventsManagerImpl:164 removing Event-Handler: org.matsim.contrib.dvrp.passenger.DefaultPassengerEngine
2026-08-25T03:43:57,604  INFO EventsManagerImpl:164 removing Event-Handler: org.matsim.contrib.dvrp.passenger.DefaultPassengerEngine
2026-08-25T03:43:57,604  INFO EventsManagerImpl:164 removing Event-Handler: org.matsim.contrib.dvrp.passenger.DefaultPassengerEngine
2026-08-25T03:43:57,604  INFO EventsManagerImpl:164 removing Event-Handler: org.matsim.contrib.dvrp.passenger.DefaultPassengerEngine
2026-08-25T03:43:57,604  INFO EventsManagerImpl:164 removing Event-Handler: org.matsim.contrib.dvrp.passenger.DefaultPassengerEngine
2026-08-25T03:43:57,604  INFO EventsManagerImpl:164 removing Event-Handler: org.matsim.contrib.dvrp.passenger.DefaultPassengerEngine
2026-08-25T03:43:57,604  INFO EventsManagerImpl:164 removing Event-Handler: org.matsim.contrib.dvrp.passenger.DefaultPassengerEngine
2026-08-25T03:43:57,604  INFO EventsManagerImpl:164 removing Event-Handler: org.matsim.contrib.dvrp.passenger.DefaultPassengerEngine
2026-08-25T03:43:57,604  INFO EventsManagerImpl:164 removing Event-Handler: org.matsim.contrib.dvrp.passenger.DefaultPassengerEngine
2026-08-25T03:43:57,604  INFO EventsManagerImpl:164 removing Event-Handler: org.matsim.contrib.dvrp.passenger.DefaultPassengerEngine
2026-08-25T03:43:57,604  INFO EventsManagerImpl:164 removing Event-Handler: org.matsim.contrib.dvrp.passenger.DefaultPassengerEngine
2026-08-25T03:43:57,604  INFO EventsManagerImpl:164 removing Event-Handler: org.matsim.contrib.dvrp.passenger.DefaultPassengerEngine
2026-08-25T03:43:57,604  INFO EventsManagerImpl:164 removing Event-Handler: org.matsim.contrib.dvrp.passenger.DefaultPassengerEngine
2026-08-25T03:43:57,604  INFO EventsManagerImpl:164 removing Event-Handler: org.matsim.contrib.dvrp.passenger.DefaultPassengerEngine
2026-08-25T03:43:57,604  INFO EventsManagerImpl:164 removing Event-Handler: org.matsim.contrib.dvrp.passenger.DefaultPassengerEngine
2026-08-25T03:43:57,604  INFO EventsManagerImpl:164 removing Event-Handler: org.matsim.contrib.dvrp.passenger.DefaultPassengerEngine
2026-08-25T03:43:57,604  INFO EventsManagerImpl:164 removing Event-Handler: org.matsim.contrib.dvrp.passenger.DefaultPassengerEngine
2026-08-25T03:43:57,604  INFO EventsManagerImpl:164 removing Event-Handler: org.matsim.contrib.dvrp.passenger.DefaultPassengerEngine
2026-08-25T03:43:57,604  INFO EventsManagerImpl:164 removing Event-Handler: org.matsim.contrib.dvrp.passenger.DefaultPassengerEngine
2026-08-25T03:43:57,604  INFO EventsManagerImpl:164 removing Event-Handler: org.matsim.contrib.dvrp.passenger.DefaultPassengerEngine
2026-08-25T03:43:57,604  INFO EventsManagerImpl:164 removing Event-Handler: org.matsim.contrib.dvrp.passenger.DefaultPassengerEngine
2026-08-25T03:43:57,604  INFO EventsManagerImpl:164 removing Event-Handler: org.matsim.contrib.dvrp.passenger.DefaultPassengerEngine
2026-08-25T03:43:57,604  INFO EventsManagerImpl:164 removing Event-Handler: org.matsim.contrib.dvrp.passenger.DefaultPassengerEngine
2026-08-25T03:43:57,604  INFO EventsManagerImpl:164 removing Event-Handler: org.matsim.contrib.dvrp.passenger.DefaultPassengerEngine
2026-08-25T03:43:57,604  INFO EventsManagerImpl:164 removing Event-Handler: org.matsim.contrib.dvrp.passenger.DefaultPassengerEngine
2026-08-25T03:43:57,604  INFO EventsManagerImpl:164 removing Event-Handler: org.matsim.contrib.dvrp.passenger.DefaultPassengerEngine
2026-08-25T03:43:57,604  INFO ControlerListenerManagerImpl:269 calling notifyAfterMobsim on org.matsim.contrib.dvrp.trafficmonitoring.DvrpOfflineTravelTimeEstimator with priority 0.0
2026-08-25T03:43:57,771  INFO ControlerListenerManagerImpl:269 calling notifyAfterMobsim on org.matsim.core.scoring.EventsToActivities$1 with priority 0.0
2026-08-25T03:43:57,774  INFO ControlerListenerManagerImpl:272 [it.1] all ControlerAfterMobsimListeners called.
2026-08-25T03:43:57,774  INFO AbstractController$4:162 ### ITERATION 1 fires scoring event
2026-08-25T03:43:57,774  INFO ControlerListenerManagerImpl:197 calling notifyScoring on org.matsim.core.scoring.PlansScoringImpl with priority 0.0
2026-08-25T03:43:57,777  INFO NewScoreAssignerImpl:60 it: 1 msaStart: null
2026-08-25T03:43:57,780  INFO ControlerListenerManagerImpl:209 [it.1] all ControlerScoringListeners called.
2026-08-25T03:43:57,780  INFO AbstractController$5:170 ### ITERATION 1 fires iteration end event
2026-08-25T03:43:57,780  INFO ControlerListenerManagerImpl:172 calling notifyIterationEnds on org.matsim.core.controler.corelisteners.EventsHandlingImpl with priority 0.0
2026-08-25T03:43:57,781  INFO EventsManagerImpl:164 removing Event-Handler: org.matsim.core.events.algorithms.EventWriterXML
2026-08-25T03:43:57,781  INFO EventsManagerImpl:164 removing Event-Handler: org.matsim.core.events.algorithms.EventWriterXML
2026-08-25T03:43:57,781  INFO ControlerListenerManagerImpl:172 calling notifyIterationEnds on org.matsim.core.scoring.PlansScoringImpl with priority 0.0
2026-08-25T03:43:57,783  INFO ControlerListenerManagerImpl:180 calling notifyIterationEnds on org.matsim.counts.CountsControlerListener with priority 0.0
2026-08-25T03:43:57,783  INFO ControlerListenerManagerImpl:180 calling notifyIterationEnds on org.matsim.analysis.ModeChoiceCoverageControlerListener with priority 0.0
2026-08-25T03:43:57,800  INFO ModeChoiceCoverageControlerListener:144 -- mode choice coverage (1x) of mode bike = 0.006697362913352867
2026-08-25T03:43:57,800  INFO ModeChoiceCoverageControlerListener:144 -- mode choice coverage (1x) of mode car = 0.0493930514859774
2026-08-25T03:43:57,800  INFO ModeChoiceCoverageControlerListener:144 -- mode choice coverage (1x) of mode drt_astoda = 0.01444118878191712
2026-08-25T03:43:57,800  INFO ModeChoiceCoverageControlerListener:144 -- mode choice coverage (1x) of mode drt_bancao_bancao_toda = 0.027835914608622853
2026-08-25T03:43:57,800  INFO ModeChoiceCoverageControlerListener:144 -- mode choice coverage (1x) of mode drt_bmtoda = 0.01444118878191712
2026-08-25T03:43:57,800  INFO ModeChoiceCoverageControlerListener:144 -- mode choice coverage (1x) of mode drt_gvtv = 0.010883214734198409
2026-08-25T03:43:57,800  INFO ModeChoiceCoverageControlerListener:144 -- mode choice coverage (1x) of mode drt_istoda = 0.011511092507325241
2026-08-25T03:43:57,800  INFO ModeChoiceCoverageControlerListener:144 -- mode choice coverage (1x) of mode drt_istoda2 = 0.013394725826705735
2026-08-25T03:43:57,800  INFO ModeChoiceCoverageControlerListener:144 -- mode choice coverage (1x) of mode drt_jtoda = 0.010464629552113856
2026-08-25T03:43:57,800  INFO ModeChoiceCoverageControlerListener:144 -- mode choice coverage (1x) of mode drt_kabiptoda = 0.007743825868564253
2026-08-25T03:43:57,800  INFO ModeChoiceCoverageControlerListener:144 -- mode choice coverage (1x) of mode drt_litoda = 0.01234826287149435
2026-08-25T03:43:57,800  INFO ModeChoiceCoverageControlerListener:144 -- mode choice coverage (1x) of mode drt_nnps = 0.010046044370029301
2026-08-25T03:43:57,801  INFO ModeChoiceCoverageControlerListener:144 -- mode choice coverage (1x) of mode drt_nobtoda = 0.009627459187944746
2026-08-25T03:43:57,801  INFO ModeChoiceCoverageControlerListener:144 -- mode choice coverage (1x) of mode drt_pastoda = 0.009836751778987024
2026-08-25T03:43:57,801  INFO ModeChoiceCoverageControlerListener:144 -- mode choice coverage (1x) of mode drt_rotonda = 0.010464629552113856
2026-08-25T03:43:57,801  INFO ModeChoiceCoverageControlerListener:144 -- mode choice coverage (1x) of mode drt_sjtoda = 0.03997488488907493
2026-08-25T03:43:57,801  INFO ModeChoiceCoverageControlerListener:144 -- mode choice coverage (1x) of mode drt_sl_toda = 0.006697362913352867
2026-08-25T03:43:57,801  INFO ModeChoiceCoverageControlerListener:144 -- mode choice coverage (1x) of mode drt_sm_city_toda = 0.04541649225617413
2026-08-25T03:43:57,801  INFO ModeChoiceCoverageControlerListener:144 -- mode choice coverage (1x) of mode drt_sm_toda = 0.027417329426538302
2026-08-25T03:43:57,801  INFO ModeChoiceCoverageControlerListener:144 -- mode choice coverage (1x) of mode drt_sptoda = 0.016743407283382167
2026-08-25T03:43:57,801  INFO ModeChoiceCoverageControlerListener:144 -- mode choice coverage (1x) of mode drt_todat = 0.007115948095437421
2026-08-25T03:43:57,801  INFO ModeChoiceCoverageControlerListener:144 -- mode choice coverage (1x) of mode drt_westoda = 0.03453327752197572
2026-08-25T03:43:57,801  INFO ModeChoiceCoverageControlerListener:144 -- mode choice coverage (1x) of mode motorcycle = 0.3218920050230222
2026-08-25T03:43:57,801  INFO ModeChoiceCoverageControlerListener:144 -- mode choice coverage (1x) of mode pt = 0.13017999162829635
2026-08-25T03:43:57,801  INFO ModeChoiceCoverageControlerListener:144 -- mode choice coverage (1x) of mode walk = 0.23377982419422352
2026-08-25T03:43:57,801  INFO ModeChoiceCoverageControlerListener:144 -- mode choice coverage (5x) of mode bike = 0.0
2026-08-25T03:43:57,801  INFO ModeChoiceCoverageControlerListener:144 -- mode choice coverage (5x) of mode car = 0.0
2026-08-25T03:43:57,801  INFO ModeChoiceCoverageControlerListener:144 -- mode choice coverage (5x) of mode drt_astoda = 0.0
2026-08-25T03:43:57,801  INFO ModeChoiceCoverageControlerListener:144 -- mode choice coverage (5x) of mode drt_bancao_bancao_toda = 0.0
2026-08-25T03:43:57,801  INFO ModeChoiceCoverageControlerListener:144 -- mode choice coverage (5x) of mode drt_bmtoda = 0.0
2026-08-25T03:43:57,801  INFO ModeChoiceCoverageControlerListener:144 -- mode choice coverage (5x) of mode drt_gvtv = 0.0
2026-08-25T03:43:57,801  INFO ModeChoiceCoverageControlerListener:144 -- mode choice coverage (5x) of mode drt_istoda = 0.0
2026-08-25T03:43:57,801  INFO ModeChoiceCoverageControlerListener:144 -- mode choice coverage (5x) of mode drt_istoda2 = 0.0
2026-08-25T03:43:57,801  INFO ModeChoiceCoverageControlerListener:144 -- mode choice coverage (5x) of mode drt_jtoda = 0.0
2026-08-25T03:43:57,801  INFO ModeChoiceCoverageControlerListener:144 -- mode choice coverage (5x) of mode drt_kabiptoda = 0.0
2026-08-25T03:43:57,801  INFO ModeChoiceCoverageControlerListener:144 -- mode choice coverage (5x) of mode drt_litoda = 0.0
2026-08-25T03:43:57,801  INFO ModeChoiceCoverageControlerListener:144 -- mode choice coverage (5x) of mode drt_nnps = 0.0
2026-08-25T03:43:57,801  INFO ModeChoiceCoverageControlerListener:144 -- mode choice coverage (5x) of mode drt_nobtoda = 0.0
2026-08-25T03:43:57,801  INFO ModeChoiceCoverageControlerListener:144 -- mode choice coverage (5x) of mode drt_pastoda = 0.0
2026-08-25T03:43:57,801  INFO ModeChoiceCoverageControlerListener:144 -- mode choice coverage (5x) of mode drt_rotonda = 0.0
2026-08-25T03:43:57,801  INFO ModeChoiceCoverageControlerListener:144 -- mode choice coverage (5x) of mode drt_sjtoda = 0.0
2026-08-25T03:43:57,801  INFO ModeChoiceCoverageControlerListener:144 -- mode choice coverage (5x) of mode drt_sl_toda = 0.0
2026-08-25T03:43:57,801  INFO ModeChoiceCoverageControlerListener:144 -- mode choice coverage (5x) of mode drt_sm_city_toda = 0.0
2026-08-25T03:43:57,801  INFO ModeChoiceCoverageControlerListener:144 -- mode choice coverage (5x) of mode drt_sm_toda = 0.0
2026-08-25T03:43:57,801  INFO ModeChoiceCoverageControlerListener:144 -- mode choice coverage (5x) of mode drt_sptoda = 0.0
2026-08-25T03:43:57,801  INFO ModeChoiceCoverageControlerListener:144 -- mode choice coverage (5x) of mode drt_todat = 0.0
2026-08-25T03:43:57,801  INFO ModeChoiceCoverageControlerListener:144 -- mode choice coverage (5x) of mode drt_westoda = 0.0
2026-08-25T03:43:57,801  INFO ModeChoiceCoverageControlerListener:144 -- mode choice coverage (5x) of mode motorcycle = 0.0
2026-08-25T03:43:57,801  INFO ModeChoiceCoverageControlerListener:144 -- mode choice coverage (5x) of mode pt = 0.0
2026-08-25T03:43:57,801  INFO ModeChoiceCoverageControlerListener:144 -- mode choice coverage (5x) of mode walk = 0.0
2026-08-25T03:43:57,801  INFO ModeChoiceCoverageControlerListener:144 -- mode choice coverage (10x) of mode bike = 0.0
2026-08-25T03:43:57,802  INFO ModeChoiceCoverageControlerListener:144 -- mode choice coverage (10x) of mode car = 0.0
2026-08-25T03:43:57,802  INFO ModeChoiceCoverageControlerListener:144 -- mode choice coverage (10x) of mode drt_astoda = 0.0
2026-08-25T03:43:57,802  INFO ModeChoiceCoverageControlerListener:144 -- mode choice coverage (10x) of mode drt_bancao_bancao_toda = 0.0
2026-08-25T03:43:57,802  INFO ModeChoiceCoverageControlerListener:144 -- mode choice coverage (10x) of mode drt_bmtoda = 0.0
2026-08-25T03:43:57,802  INFO ModeChoiceCoverageControlerListener:144 -- mode choice coverage (10x) of mode drt_gvtv = 0.0
2026-08-25T03:43:57,802  INFO ModeChoiceCoverageControlerListener:144 -- mode choice coverage (10x) of mode drt_istoda = 0.0
2026-08-25T03:43:57,802  INFO ModeChoiceCoverageControlerListener:144 -- mode choice coverage (10x) of mode drt_istoda2 = 0.0
2026-08-25T03:43:57,802  INFO ModeChoiceCoverageControlerListener:144 -- mode choice coverage (10x) of mode drt_jtoda = 0.0
2026-08-25T03:43:57,802  INFO ModeChoiceCoverageControlerListener:144 -- mode choice coverage (10x) of mode drt_kabiptoda = 0.0
2026-08-25T03:43:57,802  INFO ModeChoiceCoverageControlerListener:144 -- mode choice coverage (10x) of mode drt_litoda = 0.0
2026-08-25T03:43:57,802  INFO ModeChoiceCoverageControlerListener:144 -- mode choice coverage (10x) of mode drt_nnps = 0.0
2026-08-25T03:43:57,802  INFO ModeChoiceCoverageControlerListener:144 -- mode choice coverage (10x) of mode drt_nobtoda = 0.0
2026-08-25T03:43:57,802  INFO ModeChoiceCoverageControlerListener:144 -- mode choice coverage (10x) of mode drt_pastoda = 0.0
2026-08-25T03:43:57,802  INFO ModeChoiceCoverageControlerListener:144 -- mode choice coverage (10x) of mode drt_rotonda = 0.0
2026-08-25T03:43:57,802  INFO ModeChoiceCoverageControlerListener:144 -- mode choice coverage (10x) of mode drt_sjtoda = 0.0
2026-08-25T03:43:57,802  INFO ModeChoiceCoverageControlerListener:144 -- mode choice coverage (10x) of mode drt_sl_toda = 0.0
2026-08-25T03:43:57,802  INFO ModeChoiceCoverageControlerListener:144 -- mode choice coverage (10x) of mode drt_sm_city_toda = 0.0
2026-08-25T03:43:57,802  INFO ModeChoiceCoverageControlerListener:144 -- mode choice coverage (10x) of mode drt_sm_toda = 0.0
2026-08-25T03:43:57,802  INFO ModeChoiceCoverageControlerListener:144 -- mode choice coverage (10x) of mode drt_sptoda = 0.0
2026-08-25T03:43:57,802  INFO ModeChoiceCoverageControlerListener:144 -- mode choice coverage (10x) of mode drt_todat = 0.0
2026-08-25T03:43:57,802  INFO ModeChoiceCoverageControlerListener:144 -- mode choice coverage (10x) of mode drt_westoda = 0.0
2026-08-25T03:43:57,802  INFO ModeChoiceCoverageControlerListener:144 -- mode choice coverage (10x) of mode motorcycle = 0.0
2026-08-25T03:43:57,802  INFO ModeChoiceCoverageControlerListener:144 -- mode choice coverage (10x) of mode pt = 0.0
2026-08-25T03:43:57,802  INFO ModeChoiceCoverageControlerListener:144 -- mode choice coverage (10x) of mode walk = 0.0
2026-08-25T03:43:57,960  INFO ControlerListenerManagerImpl:180 calling notifyIterationEnds on org.matsim.analysis.ModeStatsControlerListener with priority 0.0
2026-08-25T03:43:57,964  INFO ModeStatsControlerListener:133 Mode shares over all 4778.0 trips found. MainModeIdentifier: class org.matsim.core.router.DefaultAnalysisMainModeIdentifier
2026-08-25T03:43:57,964  INFO ModeStatsControlerListener:140 -- mode share of mode bike = 0.006697362913352867
2026-08-25T03:43:57,964  INFO ModeStatsControlerListener:140 -- mode share of mode car = 0.046462955211385513
2026-08-25T03:43:57,964  INFO ModeStatsControlerListener:140 -- mode share of mode drt_astoda = 0.013604018417748012
2026-08-25T03:43:57,964  INFO ModeStatsControlerListener:140 -- mode share of mode drt_bancao_bancao_toda = 0.025742988698200082
2026-08-25T03:43:57,964  INFO ModeStatsControlerListener:140 -- mode share of mode drt_bmtoda = 0.013604018417748012
2026-08-25T03:43:57,964  INFO ModeStatsControlerListener:140 -- mode share of mode drt_gvtv = 0.010464629552113856
2026-08-25T03:43:57,964  INFO ModeStatsControlerListener:140 -- mode share of mode drt_istoda = 0.010255336961071579
2026-08-25T03:43:57,964  INFO ModeStatsControlerListener:140 -- mode share of mode drt_istoda2 = 0.011720385098367517
2026-08-25T03:43:57,965  INFO ModeStatsControlerListener:140 -- mode share of mode drt_jtoda = 0.010046044370029301
2026-08-25T03:43:57,965  INFO ModeStatsControlerListener:140 -- mode share of mode drt_kabiptoda = 0.007534533277521975
2026-08-25T03:43:57,965  INFO ModeStatsControlerListener:140 -- mode share of mode drt_litoda = 0.01234826287149435
2026-08-25T03:43:57,965  INFO ModeStatsControlerListener:140 -- mode share of mode drt_nnps = 0.009836751778987024
2026-08-25T03:43:57,965  INFO ModeStatsControlerListener:140 -- mode share of mode drt_nobtoda = 0.009208874005860193
2026-08-25T03:43:57,965  INFO ModeStatsControlerListener:140 -- mode share of mode drt_pastoda = 0.009208874005860193
2026-08-25T03:43:57,965  INFO ModeStatsControlerListener:140 -- mode share of mode drt_rotonda = 0.010464629552113856
2026-08-25T03:43:57,965  INFO ModeStatsControlerListener:140 -- mode share of mode drt_sjtoda = 0.036626203432398495
2026-08-25T03:43:57,965  INFO ModeStatsControlerListener:140 -- mode share of mode drt_sl_toda = 0.006278777731268313
2026-08-25T03:43:57,965  INFO ModeStatsControlerListener:140 -- mode share of mode drt_sm_city_toda = 0.041649225617413146
2026-08-25T03:43:57,965  INFO ModeStatsControlerListener:140 -- mode share of mode drt_sm_toda = 0.025742988698200082
2026-08-25T03:43:57,965  INFO ModeStatsControlerListener:140 -- mode share of mode drt_sptoda = 0.016324822101297615
2026-08-25T03:43:57,965  INFO ModeStatsControlerListener:140 -- mode share of mode drt_todat = 0.00648807032231059
2026-08-25T03:43:57,965  INFO ModeStatsControlerListener:140 -- mode share of mode drt_westoda = 0.033068229384679786
2026-08-25T03:43:57,965  INFO ModeStatsControlerListener:140 -- mode share of mode motorcycle = 0.2942653830054416
2026-08-25T03:43:57,965  INFO ModeStatsControlerListener:140 -- mode share of mode pt = 0.11804102134784429
2026-08-25T03:43:57,965  INFO ModeStatsControlerListener:140 -- mode share of mode walk = 0.21431561322729176
2026-08-25T03:43:58,067  INFO ControlerListenerManagerImpl:180 calling notifyIterationEnds on org.matsim.analysis.ScoreStatsControlerListener with priority 0.0
2026-08-25T03:43:58,068  INFO ScoreStatsControlerListener:154 -- avg. score of the executed plan of each agent: -53.635355878632446
2026-08-25T03:43:58,068  INFO ScoreStatsControlerListener:155 -- avg. score of the worst plan of each agent: -55.98470804529481
2026-08-25T03:43:58,068  INFO ScoreStatsControlerListener:156 -- avg. of the avg. plan score per agent: -43.39446812208299
2026-08-25T03:43:58,068  INFO ScoreStatsControlerListener:157 -- avg. score of the best plan of each agent: -30.80422819887136
2026-08-25T03:43:58,106  INFO ControlerListenerManagerImpl:180 calling notifyIterationEnds on org.matsim.analysis.IterationTravelStatsControlerListener with priority 0.0
2026-08-25T03:43:58,113  INFO TravelDistanceStats:115 -- average leg distance per plan (executed plans only): 5016.414684482671 meters
2026-08-25T03:43:58,113  INFO TravelDistanceStats:116 average leg distance per Person (executed plans only): 13826.206835718862 meters (statistic on all 8456 legs which have a finite distance)
2026-08-25T03:43:58,113  INFO TravelDistanceStats:117 -- average trip distance per plan (executed plans only): 9528.69404105816 meters
2026-08-25T03:43:58,113  INFO TravelDistanceStats:118 average trip distance per Person (executed plans only): 13364.397150806148 meters (statistic on all 4303 trips which have a finite distance)
2026-08-25T03:43:58,113  INFO TravelDistanceStats:119 (TravelDistanceStats takes an average over all legs where the simulation reports travelled (network) distances
2026-08-25T03:43:58,113  INFO TravelDistanceStats:120 (and teleported legs whose route contains a distance.)
2026-08-25T03:43:58,357  INFO ActivityWriter:39 Writing all Activities to activitiescsv
2026-08-25T03:43:58,423  INFO ActivityWriter:59 ...done
2026-08-25T03:43:58,423  INFO ControlerListenerManagerImpl:180 calling notifyIterationEnds on org.matsim.analysis.LegTimesControlerListener with priority 0.0
2026-08-25T03:43:58,423  INFO EventsManagerImpl:164 removing Event-Handler: org.matsim.analysis.CalcLegTimes
2026-08-25T03:43:58,423  INFO EventsManagerImpl:164 removing Event-Handler: org.matsim.analysis.CalcLegTimes
2026-08-25T03:43:58,423  INFO ControlerListenerManagerImpl:180 calling notifyIterationEnds on org.matsim.analysis.LegHistogramListener with priority 0.0
2026-08-25T03:43:58,427  INFO LegHistogramListener:78 number of legs:	26292	100%
2026-08-25T03:43:58,427  INFO LegHistogramListener:85 number of bike legs:	96	0.3651300775901415%
2026-08-25T03:43:58,427  INFO LegHistogramListener:85 number of car legs:	666	2.5330899132816067%
2026-08-25T03:43:58,427  INFO LegHistogramListener:85 number of drt_astoda legs:	171	0.6503879507074395%
2026-08-25T03:43:58,427  INFO LegHistogramListener:85 number of drt_bancao_bancao_toda legs:	318	1.2094933820173437%
2026-08-25T03:43:58,427  INFO LegHistogramListener:85 number of drt_bmtoda legs:	174	0.6617982656321314%
2026-08-25T03:43:58,427  INFO LegHistogramListener:85 number of drt_gvtv legs:	141	0.5362848014605203%
2026-08-25T03:43:58,428  INFO LegHistogramListener:85 number of drt_istoda legs:	120	0.45641259698767683%
2026-08-25T03:43:58,428  INFO LegHistogramListener:85 number of drt_istoda2 legs:	162	0.6161570059333638%
2026-08-25T03:43:58,428  INFO LegHistogramListener:85 number of drt_jtoda legs:	135	0.5134641716111364%
2026-08-25T03:43:58,428  INFO LegHistogramListener:85 number of drt_kabiptoda legs:	105	0.3993610223642173%
2026-08-25T03:43:58,428  INFO LegHistogramListener:85 number of drt_litoda legs:	156	0.5933363760839799%
2026-08-25T03:43:58,428  INFO LegHistogramListener:85 number of drt_nnps legs:	132	0.5020538566864445%
2026-08-25T03:43:58,428  INFO LegHistogramListener:85 number of drt_nobtoda legs:	126	0.4792332268370607%
2026-08-25T03:43:58,428  INFO LegHistogramListener:85 number of drt_pastoda legs:	126	0.4792332268370607%
2026-08-25T03:43:58,428  INFO LegHistogramListener:85 number of drt_rotonda legs:	126	0.4792332268370607%
2026-08-25T03:43:58,428  INFO LegHistogramListener:85 number of drt_sjtoda legs:	450	1.7115472387037882%
2026-08-25T03:43:58,428  INFO LegHistogramListener:85 number of drt_sl_toda legs:	84	0.3194888178913738%
2026-08-25T03:43:58,428  INFO LegHistogramListener:85 number of drt_sm_city_toda legs:	558	2.1223185759926975%
2026-08-25T03:43:58,428  INFO LegHistogramListener:85 number of drt_sm_toda legs:	321	1.2209036969420357%
2026-08-25T03:43:58,428  INFO LegHistogramListener:85 number of drt_sptoda legs:	201	0.7644910999543587%
2026-08-25T03:43:58,428  INFO LegHistogramListener:85 number of drt_todat legs:	87	0.3308991328160657%
2026-08-25T03:43:58,428  INFO LegHistogramListener:85 number of drt_westoda legs:	429	1.6316750342309447%
2026-08-25T03:43:58,428  INFO LegHistogramListener:85 number of motorcycle legs:	4215	16.03149246919215%
2026-08-25T03:43:58,428  INFO LegHistogramListener:85 number of pt legs:	2499	9.504792332268371%
2026-08-25T03:43:58,428  INFO LegHistogramListener:85 number of walk legs:	14694	55.887722501141035%
2026-08-25T03:43:59,768  INFO ControlerListenerManagerImpl:180 calling notifyIterationEnds on org.matsim.analysis.LinkStatsControlerListener with priority 0.0
2026-08-25T03:43:59,768  INFO ControlerListenerManagerImpl:180 calling notifyIterationEnds on org.matsim.contrib.drt.analysis.zonal.DrtZonalWaitTimesAnalyzer with priority 0.0
2026-08-25T03:43:59,782  INFO ControlerListenerManagerImpl:180 calling notifyIterationEnds on org.matsim.contrib.drt.analysis.zonal.ZonalIdleVehicleXYVisualiser with priority 0.0
2026-08-25T03:43:59,787  INFO ControlerListenerManagerImpl:180 calling notifyIterationEnds on org.matsim.contrib.dvrp.analysis.CapacityLoadAnalysisHandler with priority 0.0
2026-08-25T03:43:59,787  INFO ControlerListenerManagerImpl:180 calling notifyIterationEnds on org.matsim.contrib.drt.sharingmetrics.SharingMetricsControlerListener with priority 0.0
2026-08-25T03:44:00,027  INFO ControlerListenerManagerImpl:180 calling notifyIterationEnds on org.matsim.contrib.drt.analysis.DrtAnalysisControlerListener with priority 0.0
2026-08-25T03:44:01,057  INFO ControlerListenerManagerImpl:180 calling notifyIterationEnds on org.matsim.contrib.common.timeprofile.ProfileWriter with priority 0.0
2026-08-25T03:44:01,317  INFO ControlerListenerManagerImpl:180 calling notifyIterationEnds on org.matsim.contrib.common.timeprofile.ProfileWriter with priority 0.0
2026-08-25T03:44:01,580  INFO ControlerListenerManagerImpl:180 calling notifyIterationEnds on org.matsim.contrib.drt.analysis.zonal.DrtZonalWaitTimesAnalyzer with priority 0.0
2026-08-25T03:44:01,592  INFO ControlerListenerManagerImpl:180 calling notifyIterationEnds on org.matsim.contrib.drt.analysis.zonal.ZonalIdleVehicleXYVisualiser with priority 0.0
2026-08-25T03:44:01,595  INFO ControlerListenerManagerImpl:180 calling notifyIterationEnds on org.matsim.contrib.dvrp.analysis.CapacityLoadAnalysisHandler with priority 0.0
2026-08-25T03:44:01,595  INFO ControlerListenerManagerImpl:180 calling notifyIterationEnds on org.matsim.contrib.drt.sharingmetrics.SharingMetricsControlerListener with priority 0.0
2026-08-25T03:44:01,827  INFO ControlerListenerManagerImpl:180 calling notifyIterationEnds on org.matsim.contrib.drt.analysis.DrtAnalysisControlerListener with priority 0.0
2026-08-25T03:44:02,837  INFO ControlerListenerManagerImpl:180 calling notifyIterationEnds on org.matsim.contrib.common.timeprofile.ProfileWriter with priority 0.0
2026-08-25T03:44:03,097  INFO ControlerListenerManagerImpl:180 calling notifyIterationEnds on org.matsim.contrib.common.timeprofile.ProfileWriter with priority 0.0
2026-08-25T03:44:03,363  INFO ControlerListenerManagerImpl:180 calling notifyIterationEnds on org.matsim.contrib.drt.analysis.zonal.DrtZonalWaitTimesAnalyzer with priority 0.0
2026-08-25T03:44:03,375  INFO ControlerListenerManagerImpl:180 calling notifyIterationEnds on org.matsim.contrib.drt.analysis.zonal.ZonalIdleVehicleXYVisualiser with priority 0.0
2026-08-25T03:44:03,379  INFO ControlerListenerManagerImpl:180 calling notifyIterationEnds on org.matsim.contrib.dvrp.analysis.CapacityLoadAnalysisHandler with priority 0.0
2026-08-25T03:44:03,379  INFO ControlerListenerManagerImpl:180 calling notifyIterationEnds on org.matsim.contrib.drt.sharingmetrics.SharingMetricsControlerListener with priority 0.0
2026-08-25T03:44:03,619  INFO ControlerListenerManagerImpl:180 calling notifyIterationEnds on org.matsim.contrib.drt.analysis.DrtAnalysisControlerListener with priority 0.0
2026-08-25T03:44:04,705  INFO ControlerListenerManagerImpl:180 calling notifyIterationEnds on org.matsim.contrib.common.timeprofile.ProfileWriter with priority 0.0
2026-08-25T03:44:05,005  INFO ControlerListenerManagerImpl:180 calling notifyIterationEnds on org.matsim.contrib.common.timeprofile.ProfileWriter with priority 0.0
2026-08-25T03:44:05,319  INFO ControlerListenerManagerImpl:180 calling notifyIterationEnds on org.matsim.contrib.drt.analysis.zonal.DrtZonalWaitTimesAnalyzer with priority 0.0
2026-08-25T03:44:05,332  INFO ControlerListenerManagerImpl:180 calling notifyIterationEnds on org.matsim.contrib.drt.analysis.zonal.ZonalIdleVehicleXYVisualiser with priority 0.0
2026-08-25T03:44:05,336  INFO ControlerListenerManagerImpl:180 calling notifyIterationEnds on org.matsim.contrib.dvrp.analysis.CapacityLoadAnalysisHandler with priority 0.0
2026-08-25T03:44:05,337  INFO ControlerListenerManagerImpl:180 calling notifyIterationEnds on org.matsim.contrib.drt.sharingmetrics.SharingMetricsControlerListener with priority 0.0
2026-08-25T03:44:05,576  INFO ControlerListenerManagerImpl:180 calling notifyIterationEnds on org.matsim.contrib.drt.analysis.DrtAnalysisControlerListener with priority 0.0
2026-08-25T03:44:06,610  INFO ControlerListenerManagerImpl:180 calling notifyIterationEnds on org.matsim.contrib.common.timeprofile.ProfileWriter with priority 0.0
2026-08-25T03:44:06,867  INFO ControlerListenerManagerImpl:180 calling notifyIterationEnds on org.matsim.contrib.common.timeprofile.ProfileWriter with priority 0.0
2026-08-25T03:44:07,155  INFO ControlerListenerManagerImpl:180 calling notifyIterationEnds on org.matsim.contrib.drt.analysis.zonal.DrtZonalWaitTimesAnalyzer with priority 0.0
2026-08-25T03:44:07,168  INFO ControlerListenerManagerImpl:180 calling notifyIterationEnds on org.matsim.contrib.drt.analysis.zonal.ZonalIdleVehicleXYVisualiser with priority 0.0
2026-08-25T03:44:07,173  INFO ControlerListenerManagerImpl:180 calling notifyIterationEnds on org.matsim.contrib.dvrp.analysis.CapacityLoadAnalysisHandler with priority 0.0
2026-08-25T03:44:07,173  INFO ControlerListenerManagerImpl:180 calling notifyIterationEnds on org.matsim.contrib.drt.sharingmetrics.SharingMetricsControlerListener with priority 0.0
2026-08-25T03:44:07,446  INFO ControlerListenerManagerImpl:180 calling notifyIterationEnds on org.matsim.contrib.drt.analysis.DrtAnalysisControlerListener with priority 0.0
2026-08-25T03:44:08,670  INFO ControlerListenerManagerImpl:180 calling notifyIterationEnds on org.matsim.contrib.common.timeprofile.ProfileWriter with priority 0.0
2026-08-25T03:44:09,017  INFO ControlerListenerManagerImpl:180 calling notifyIterationEnds on org.matsim.contrib.common.timeprofile.ProfileWriter with priority 0.0
2026-08-25T03:44:09,304  INFO ControlerListenerManagerImpl:180 calling notifyIterationEnds on org.matsim.contrib.drt.analysis.zonal.DrtZonalWaitTimesAnalyzer with priority 0.0
2026-08-25T03:44:09,314  INFO ControlerListenerManagerImpl:180 calling notifyIterationEnds on org.matsim.contrib.drt.analysis.zonal.ZonalIdleVehicleXYVisualiser with priority 0.0
2026-08-25T03:44:09,318  INFO ControlerListenerManagerImpl:180 calling notifyIterationEnds on org.matsim.contrib.dvrp.analysis.CapacityLoadAnalysisHandler with priority 0.0
2026-08-25T03:44:09,318  INFO ControlerListenerManagerImpl:180 calling notifyIterationEnds on org.matsim.contrib.drt.sharingmetrics.SharingMetricsControlerListener with priority 0.0
2026-08-25T03:44:09,583  INFO ControlerListenerManagerImpl:180 calling notifyIterationEnds on org.matsim.contrib.drt.analysis.DrtAnalysisControlerListener with priority 0.0
2026-08-25T03:44:10,700  INFO ControlerListenerManagerImpl:180 calling notifyIterationEnds on org.matsim.contrib.common.timeprofile.ProfileWriter with priority 0.0
2026-08-25T03:44:10,992  INFO ControlerListenerManagerImpl:180 calling notifyIterationEnds on org.matsim.contrib.common.timeprofile.ProfileWriter with priority 0.0
2026-08-25T03:44:11,288  INFO ControlerListenerManagerImpl:180 calling notifyIterationEnds on org.matsim.contrib.drt.analysis.zonal.DrtZonalWaitTimesAnalyzer with priority 0.0
2026-08-25T03:44:11,300  INFO ControlerListenerManagerImpl:180 calling notifyIterationEnds on org.matsim.contrib.drt.analysis.zonal.ZonalIdleVehicleXYVisualiser with priority 0.0
2026-08-25T03:44:11,305  INFO ControlerListenerManagerImpl:180 calling notifyIterationEnds on org.matsim.contrib.dvrp.analysis.CapacityLoadAnalysisHandler with priority 0.0
2026-08-25T03:44:11,305  INFO ControlerListenerManagerImpl:180 calling notifyIterationEnds on org.matsim.contrib.drt.sharingmetrics.SharingMetricsControlerListener with priority 0.0
2026-08-25T03:44:11,553  INFO ControlerListenerManagerImpl:180 calling notifyIterationEnds on org.matsim.contrib.drt.analysis.DrtAnalysisControlerListener with priority 0.0
2026-08-25T03:44:11,717  INFO MemoryObserver:42 used RAM: 1825 MB  free: 334 MB  total: 2160 MB
2026-08-25T03:44:12,628  INFO ControlerListenerManagerImpl:180 calling notifyIterationEnds on org.matsim.contrib.common.timeprofile.ProfileWriter with priority 0.0
2026-08-25T03:44:12,911  INFO ControlerListenerManagerImpl:180 calling notifyIterationEnds on org.matsim.contrib.common.timeprofile.ProfileWriter with priority 0.0
2026-08-25T03:44:13,198  INFO ControlerListenerManagerImpl:180 calling notifyIterationEnds on org.matsim.contrib.drt.analysis.zonal.DrtZonalWaitTimesAnalyzer with priority 0.0
2026-08-25T03:44:13,207  INFO ControlerListenerManagerImpl:180 calling notifyIterationEnds on org.matsim.contrib.drt.analysis.zonal.ZonalIdleVehicleXYVisualiser with priority 0.0
2026-08-25T03:44:13,212  INFO ControlerListenerManagerImpl:180 calling notifyIterationEnds on org.matsim.contrib.dvrp.analysis.CapacityLoadAnalysisHandler with priority 0.0
2026-08-25T03:44:13,212  INFO ControlerListenerManagerImpl:180 calling notifyIterationEnds on org.matsim.contrib.drt.sharingmetrics.SharingMetricsControlerListener with priority 0.0
2026-08-25T03:44:13,457  INFO ControlerListenerManagerImpl:180 calling notifyIterationEnds on org.matsim.contrib.drt.analysis.DrtAnalysisControlerListener with priority 0.0
2026-08-25T03:44:14,514  INFO ControlerListenerManagerImpl:180 calling notifyIterationEnds on org.matsim.contrib.common.timeprofile.ProfileWriter with priority 0.0
2026-08-25T03:44:14,832  INFO ControlerListenerManagerImpl:180 calling notifyIterationEnds on org.matsim.contrib.common.timeprofile.ProfileWriter with priority 0.0
2026-08-25T03:44:15,126  INFO ControlerListenerManagerImpl:180 calling notifyIterationEnds on org.matsim.contrib.drt.analysis.zonal.DrtZonalWaitTimesAnalyzer with priority 0.0
2026-08-25T03:44:15,134  INFO ControlerListenerManagerImpl:180 calling notifyIterationEnds on org.matsim.contrib.drt.analysis.zonal.ZonalIdleVehicleXYVisualiser with priority 0.0
2026-08-25T03:44:15,139  INFO ControlerListenerManagerImpl:180 calling notifyIterationEnds on org.matsim.contrib.dvrp.analysis.CapacityLoadAnalysisHandler with priority 0.0
2026-08-25T03:44:15,139  INFO ControlerListenerManagerImpl:180 calling notifyIterationEnds on org.matsim.contrib.drt.sharingmetrics.SharingMetricsControlerListener with priority 0.0
2026-08-25T03:44:15,414  INFO ControlerListenerManagerImpl:180 calling notifyIterationEnds on org.matsim.contrib.drt.analysis.DrtAnalysisControlerListener with priority 0.0
2026-08-25T03:44:16,580  INFO ControlerListenerManagerImpl:180 calling notifyIterationEnds on org.matsim.contrib.common.timeprofile.ProfileWriter with priority 0.0
2026-08-25T03:44:16,843  INFO ControlerListenerManagerImpl:180 calling notifyIterationEnds on org.matsim.contrib.common.timeprofile.ProfileWriter with priority 0.0
2026-08-25T03:44:17,117  INFO ControlerListenerManagerImpl:180 calling notifyIterationEnds on org.matsim.contrib.drt.analysis.zonal.DrtZonalWaitTimesAnalyzer with priority 0.0
2026-08-25T03:44:17,147  INFO ControlerListenerManagerImpl:180 calling notifyIterationEnds on org.matsim.contrib.drt.analysis.zonal.ZonalIdleVehicleXYVisualiser with priority 0.0
2026-08-25T03:44:17,151  INFO ControlerListenerManagerImpl:180 calling notifyIterationEnds on org.matsim.contrib.dvrp.analysis.CapacityLoadAnalysisHandler with priority 0.0
2026-08-25T03:44:17,151  INFO ControlerListenerManagerImpl:180 calling notifyIterationEnds on org.matsim.contrib.drt.sharingmetrics.SharingMetricsControlerListener with priority 0.0
2026-08-25T03:44:17,400  INFO ControlerListenerManagerImpl:180 calling notifyIterationEnds on org.matsim.contrib.drt.analysis.DrtAnalysisControlerListener with priority 0.0
2026-08-25T03:44:18,539  INFO ControlerListenerManagerImpl:180 calling notifyIterationEnds on org.matsim.contrib.common.timeprofile.ProfileWriter with priority 0.0
2026-08-25T03:44:18,877  INFO ControlerListenerManagerImpl:180 calling notifyIterationEnds on org.matsim.contrib.common.timeprofile.ProfileWriter with priority 0.0
2026-08-25T03:44:19,187  INFO ControlerListenerManagerImpl:180 calling notifyIterationEnds on org.matsim.contrib.drt.analysis.zonal.DrtZonalWaitTimesAnalyzer with priority 0.0
2026-08-25T03:44:19,194  INFO ControlerListenerManagerImpl:180 calling notifyIterationEnds on org.matsim.contrib.drt.analysis.zonal.ZonalIdleVehicleXYVisualiser with priority 0.0
2026-08-25T03:44:19,199  INFO ControlerListenerManagerImpl:180 calling notifyIterationEnds on org.matsim.contrib.dvrp.analysis.CapacityLoadAnalysisHandler with priority 0.0
2026-08-25T03:44:19,199  INFO ControlerListenerManagerImpl:180 calling notifyIterationEnds on org.matsim.contrib.drt.sharingmetrics.SharingMetricsControlerListener with priority 0.0
2026-08-25T03:44:19,444  INFO ControlerListenerManagerImpl:180 calling notifyIterationEnds on org.matsim.contrib.drt.analysis.DrtAnalysisControlerListener with priority 0.0
2026-08-25T03:44:20,550  INFO ControlerListenerManagerImpl:180 calling notifyIterationEnds on org.matsim.contrib.common.timeprofile.ProfileWriter with priority 0.0
2026-08-25T03:44:20,843  INFO ControlerListenerManagerImpl:180 calling notifyIterationEnds on org.matsim.contrib.common.timeprofile.ProfileWriter with priority 0.0
2026-08-25T03:44:21,149  INFO ControlerListenerManagerImpl:180 calling notifyIterationEnds on org.matsim.contrib.drt.analysis.zonal.DrtZonalWaitTimesAnalyzer with priority 0.0
2026-08-25T03:44:21,158  INFO ControlerListenerManagerImpl:180 calling notifyIterationEnds on org.matsim.contrib.drt.analysis.zonal.ZonalIdleVehicleXYVisualiser with priority 0.0
2026-08-25T03:44:21,162  INFO ControlerListenerManagerImpl:180 calling notifyIterationEnds on org.matsim.contrib.dvrp.analysis.CapacityLoadAnalysisHandler with priority 0.0
2026-08-25T03:44:21,162  INFO ControlerListenerManagerImpl:180 calling notifyIterationEnds on org.matsim.contrib.drt.sharingmetrics.SharingMetricsControlerListener with priority 0.0
2026-08-25T03:44:21,444  INFO ControlerListenerManagerImpl:180 calling notifyIterationEnds on org.matsim.contrib.drt.analysis.DrtAnalysisControlerListener with priority 0.0
2026-08-25T03:44:22,572  INFO ControlerListenerManagerImpl:180 calling notifyIterationEnds on org.matsim.contrib.common.timeprofile.ProfileWriter with priority 0.0
2026-08-25T03:44:22,868  INFO ControlerListenerManagerImpl:180 calling notifyIterationEnds on org.matsim.contrib.common.timeprofile.ProfileWriter with priority 0.0
2026-08-25T03:44:23,208  INFO ControlerListenerManagerImpl:180 calling notifyIterationEnds on org.matsim.contrib.drt.analysis.zonal.DrtZonalWaitTimesAnalyzer with priority 0.0
2026-08-25T03:44:23,217  INFO ControlerListenerManagerImpl:180 calling notifyIterationEnds on org.matsim.contrib.drt.analysis.zonal.ZonalIdleVehicleXYVisualiser with priority 0.0
2026-08-25T03:44:23,222  INFO ControlerListenerManagerImpl:180 calling notifyIterationEnds on org.matsim.contrib.dvrp.analysis.CapacityLoadAnalysisHandler with priority 0.0
2026-08-25T03:44:23,222  INFO ControlerListenerManagerImpl:180 calling notifyIterationEnds on org.matsim.contrib.drt.sharingmetrics.SharingMetricsControlerListener with priority 0.0
2026-08-25T03:44:23,479  INFO ControlerListenerManagerImpl:180 calling notifyIterationEnds on org.matsim.contrib.drt.analysis.DrtAnalysisControlerListener with priority 0.0
2026-08-25T03:44:24,622  INFO ControlerListenerManagerImpl:180 calling notifyIterationEnds on org.matsim.contrib.common.timeprofile.ProfileWriter with priority 0.0
2026-08-25T03:44:24,970  INFO ControlerListenerManagerImpl:180 calling notifyIterationEnds on org.matsim.contrib.common.timeprofile.ProfileWriter with priority 0.0
2026-08-25T03:44:25,342  INFO ControlerListenerManagerImpl:180 calling notifyIterationEnds on org.matsim.contrib.drt.analysis.zonal.DrtZonalWaitTimesAnalyzer with priority 0.0
2026-08-25T03:44:25,352  INFO ControlerListenerManagerImpl:180 calling notifyIterationEnds on org.matsim.contrib.drt.analysis.zonal.ZonalIdleVehicleXYVisualiser with priority 0.0
2026-08-25T03:44:25,358  INFO ControlerListenerManagerImpl:180 calling notifyIterationEnds on org.matsim.contrib.dvrp.analysis.CapacityLoadAnalysisHandler with priority 0.0
2026-08-25T03:44:25,358  INFO ControlerListenerManagerImpl:180 calling notifyIterationEnds on org.matsim.contrib.drt.sharingmetrics.SharingMetricsControlerListener with priority 0.0
2026-08-25T03:44:25,660  INFO ControlerListenerManagerImpl:180 calling notifyIterationEnds on org.matsim.contrib.drt.analysis.DrtAnalysisControlerListener with priority 0.0
2026-08-25T03:44:26,809  INFO ControlerListenerManagerImpl:180 calling notifyIterationEnds on org.matsim.contrib.common.timeprofile.ProfileWriter with priority 0.0
2026-08-25T03:44:27,097  INFO ControlerListenerManagerImpl:180 calling notifyIterationEnds on org.matsim.contrib.common.timeprofile.ProfileWriter with priority 0.0
2026-08-25T03:44:27,411  INFO ControlerListenerManagerImpl:180 calling notifyIterationEnds on org.matsim.contrib.drt.analysis.zonal.DrtZonalWaitTimesAnalyzer with priority 0.0
2026-08-25T03:44:27,420  INFO ControlerListenerManagerImpl:180 calling notifyIterationEnds on org.matsim.contrib.drt.analysis.zonal.ZonalIdleVehicleXYVisualiser with priority 0.0
2026-08-25T03:44:27,425  INFO ControlerListenerManagerImpl:180 calling notifyIterationEnds on org.matsim.contrib.dvrp.analysis.CapacityLoadAnalysisHandler with priority 0.0
2026-08-25T03:44:27,425  INFO ControlerListenerManagerImpl:180 calling notifyIterationEnds on org.matsim.contrib.drt.sharingmetrics.SharingMetricsControlerListener with priority 0.0
2026-08-25T03:44:27,689  INFO ControlerListenerManagerImpl:180 calling notifyIterationEnds on org.matsim.contrib.drt.analysis.DrtAnalysisControlerListener with priority 0.0
2026-08-25T03:44:28,777  INFO ControlerListenerManagerImpl:180 calling notifyIterationEnds on org.matsim.contrib.common.timeprofile.ProfileWriter with priority 0.0
2026-08-25T03:44:29,082  INFO ControlerListenerManagerImpl:180 calling notifyIterationEnds on org.matsim.contrib.common.timeprofile.ProfileWriter with priority 0.0
2026-08-25T03:44:29,380  INFO ControlerListenerManagerImpl:180 calling notifyIterationEnds on org.matsim.contrib.drt.analysis.zonal.DrtZonalWaitTimesAnalyzer with priority 0.0
2026-08-25T03:44:29,389  INFO ControlerListenerManagerImpl:180 calling notifyIterationEnds on org.matsim.contrib.drt.analysis.zonal.ZonalIdleVehicleXYVisualiser with priority 0.0
2026-08-25T03:44:29,393  INFO ControlerListenerManagerImpl:180 calling notifyIterationEnds on org.matsim.contrib.dvrp.analysis.CapacityLoadAnalysisHandler with priority 0.0
2026-08-25T03:44:29,393  INFO ControlerListenerManagerImpl:180 calling notifyIterationEnds on org.matsim.contrib.drt.sharingmetrics.SharingMetricsControlerListener with priority 0.0
2026-08-25T03:44:29,686  INFO ControlerListenerManagerImpl:180 calling notifyIterationEnds on org.matsim.contrib.drt.analysis.DrtAnalysisControlerListener with priority 0.0
2026-08-25T03:44:30,725  INFO ControlerListenerManagerImpl:180 calling notifyIterationEnds on org.matsim.contrib.common.timeprofile.ProfileWriter with priority 0.0
2026-08-25T03:44:30,994  INFO ControlerListenerManagerImpl:180 calling notifyIterationEnds on org.matsim.contrib.common.timeprofile.ProfileWriter with priority 0.0
2026-08-25T03:44:31,266  INFO ControlerListenerManagerImpl:180 calling notifyIterationEnds on org.matsim.contrib.drt.analysis.zonal.DrtZonalWaitTimesAnalyzer with priority 0.0
2026-08-25T03:44:31,275  INFO ControlerListenerManagerImpl:180 calling notifyIterationEnds on org.matsim.contrib.drt.analysis.zonal.ZonalIdleVehicleXYVisualiser with priority 0.0
2026-08-25T03:44:31,280  INFO ControlerListenerManagerImpl:180 calling notifyIterationEnds on org.matsim.contrib.dvrp.analysis.CapacityLoadAnalysisHandler with priority 0.0
2026-08-25T03:44:31,280  INFO ControlerListenerManagerImpl:180 calling notifyIterationEnds on org.matsim.contrib.drt.sharingmetrics.SharingMetricsControlerListener with priority 0.0
2026-08-25T03:44:31,519  INFO ControlerListenerManagerImpl:180 calling notifyIterationEnds on org.matsim.contrib.drt.analysis.DrtAnalysisControlerListener with priority 0.0
2026-08-25T03:44:32,689  INFO ControlerListenerManagerImpl:180 calling notifyIterationEnds on org.matsim.contrib.common.timeprofile.ProfileWriter with priority 0.0
2026-08-25T03:44:33,007  INFO ControlerListenerManagerImpl:180 calling notifyIterationEnds on org.matsim.contrib.common.timeprofile.ProfileWriter with priority 0.0
2026-08-25T03:44:33,375  INFO ControlerListenerManagerImpl:180 calling notifyIterationEnds on org.matsim.contrib.drt.analysis.zonal.DrtZonalWaitTimesAnalyzer with priority 0.0
2026-08-25T03:44:33,389  INFO ControlerListenerManagerImpl:180 calling notifyIterationEnds on org.matsim.contrib.drt.analysis.zonal.ZonalIdleVehicleXYVisualiser with priority 0.0
2026-08-25T03:44:33,394  INFO ControlerListenerManagerImpl:180 calling notifyIterationEnds on org.matsim.contrib.dvrp.analysis.CapacityLoadAnalysisHandler with priority 0.0
2026-08-25T03:44:33,394  INFO ControlerListenerManagerImpl:180 calling notifyIterationEnds on org.matsim.contrib.drt.sharingmetrics.SharingMetricsControlerListener with priority 0.0
2026-08-25T03:44:33,666  INFO ControlerListenerManagerImpl:180 calling notifyIterationEnds on org.matsim.contrib.drt.analysis.DrtAnalysisControlerListener with priority 0.0
2026-08-25T03:44:34,962  INFO ControlerListenerManagerImpl:180 calling notifyIterationEnds on org.matsim.contrib.common.timeprofile.ProfileWriter with priority 0.0
2026-08-25T03:44:35,251  INFO ControlerListenerManagerImpl:180 calling notifyIterationEnds on org.matsim.contrib.common.timeprofile.ProfileWriter with priority 0.0
2026-08-25T03:44:35,550  INFO ControlerListenerManagerImpl:180 calling notifyIterationEnds on org.matsim.contrib.drt.analysis.zonal.DrtZonalWaitTimesAnalyzer with priority 0.0
2026-08-25T03:44:35,557  INFO ControlerListenerManagerImpl:180 calling notifyIterationEnds on org.matsim.contrib.drt.analysis.zonal.ZonalIdleVehicleXYVisualiser with priority 0.0
2026-08-25T03:44:35,562  INFO ControlerListenerManagerImpl:180 calling notifyIterationEnds on org.matsim.contrib.dvrp.analysis.CapacityLoadAnalysisHandler with priority 0.0
2026-08-25T03:44:35,562  INFO ControlerListenerManagerImpl:180 calling notifyIterationEnds on org.matsim.contrib.drt.sharingmetrics.SharingMetricsControlerListener with priority 0.0
2026-08-25T03:44:35,803  INFO ControlerListenerManagerImpl:180 calling notifyIterationEnds on org.matsim.contrib.drt.analysis.DrtAnalysisControlerListener with priority 0.0
2026-08-25T03:44:36,830  INFO ControlerListenerManagerImpl:180 calling notifyIterationEnds on org.matsim.contrib.common.timeprofile.ProfileWriter with priority 0.0
2026-08-25T03:44:37,099  INFO ControlerListenerManagerImpl:180 calling notifyIterationEnds on org.matsim.contrib.common.timeprofile.ProfileWriter with priority 0.0
2026-08-25T03:44:37,395  INFO ControlerListenerManagerImpl:180 calling notifyIterationEnds on org.matsim.contrib.drt.analysis.zonal.DrtZonalWaitTimesAnalyzer with priority 0.0
2026-08-25T03:44:37,404  INFO ControlerListenerManagerImpl:180 calling notifyIterationEnds on org.matsim.contrib.drt.analysis.zonal.ZonalIdleVehicleXYVisualiser with priority 0.0
2026-08-25T03:44:37,408  INFO ControlerListenerManagerImpl:180 calling notifyIterationEnds on org.matsim.contrib.dvrp.analysis.CapacityLoadAnalysisHandler with priority 0.0
2026-08-25T03:44:37,410  INFO ControlerListenerManagerImpl:180 calling notifyIterationEnds on org.matsim.contrib.drt.sharingmetrics.SharingMetricsControlerListener with priority 0.0
2026-08-25T03:44:37,661  INFO ControlerListenerManagerImpl:180 calling notifyIterationEnds on org.matsim.contrib.drt.analysis.DrtAnalysisControlerListener with priority 0.0
2026-08-25T03:44:38,805  INFO ControlerListenerManagerImpl:180 calling notifyIterationEnds on org.matsim.contrib.common.timeprofile.ProfileWriter with priority 0.0
2026-08-25T03:44:39,083  INFO ControlerListenerManagerImpl:180 calling notifyIterationEnds on org.matsim.contrib.common.timeprofile.ProfileWriter with priority 0.0
2026-08-25T03:44:39,381  INFO ControlerListenerManagerImpl:184 [it.1] all ControlerIterationEndsListeners called.
2026-08-25T03:44:39,454  INFO AbstractController:184 ### ITERATION 1 ENDS
2026-08-25T03:44:39,454  INFO AbstractController:185 ###################################################
2026-08-25T03:44:39,454  INFO MatsimRuntimeModifications:80 S H U T D O W N   ---   start shutdown.
2026-08-25T03:44:39,455  INFO ControlerListenerManagerImpl:128 calling notifyShutdown on org.matsim.core.controler.corelisteners.EventsHandlingImpl with priority 0.0
2026-08-25T03:44:39,456  INFO ControlerListenerManagerImpl:128 calling notifyShutdown on org.matsim.core.controler.corelisteners.DumpDataAtEndImpl with priority 0.0
2026-08-25T03:44:39,462  INFO Counter:70 [PopulationWriter] dumped person # 1
2026-08-25T03:44:39,462  INFO Counter:70 [PopulationWriter] dumped person # 2
2026-08-25T03:44:39,462  INFO Counter:70 [PopulationWriter] dumped person # 4
2026-08-25T03:44:39,462  INFO Counter:70 [PopulationWriter] dumped person # 8
2026-08-25T03:44:39,462  INFO Counter:70 [PopulationWriter] dumped person # 16
2026-08-25T03:44:39,462  INFO Counter:70 [PopulationWriter] dumped person # 32
2026-08-25T03:44:39,462  INFO Counter:70 [PopulationWriter] dumped person # 64
2026-08-25T03:44:39,463  INFO Counter:70 [PopulationWriter] dumped person # 128
2026-08-25T03:44:39,463  INFO Counter:70 [PopulationWriter] dumped person # 256
2026-08-25T03:44:39,463  INFO Counter:70 [ParallelPopulationWriterV6] dumped person # 1
2026-08-25T03:44:39,463  INFO Counter:70 [PopulationWriter] dumped person # 512
2026-08-25T03:44:39,463  INFO Counter:70 [ParallelPopulationWriterV6] dumped person # 2
2026-08-25T03:44:39,463  INFO Counter:70 [ParallelPopulationWriterV6] dumped person # 4
2026-08-25T03:44:39,463  INFO Counter:70 [ParallelPopulationWriterV6] dumped person # 8
2026-08-25T03:44:39,464  INFO Counter:70 [ParallelPopulationWriterV6] dumped person # 16
2026-08-25T03:44:39,464  INFO Counter:70 [PopulationWriter] dumped person # 1024
2026-08-25T03:44:39,465  INFO Counter:70 [ParallelPopulationWriterV6] dumped person # 32
2026-08-25T03:44:39,466  INFO Counter:70 [ParallelPopulationWriterV6] dumped person # 64
2026-08-25T03:44:39,474  INFO Counter:70 [ParallelPopulationWriterV6] dumped person # 128
2026-08-25T03:44:39,482  INFO Counter:70 [ParallelPopulationWriterV6] dumped person # 256
2026-08-25T03:44:39,501  INFO Counter:70 [ParallelPopulationWriterV6] dumped person # 512
2026-08-25T03:44:39,539  INFO Counter:70 [ParallelPopulationWriterV6] dumped person # 1024
2026-08-25T03:44:39,540  INFO Counter:70 [PopulationWriter] dumped person # 2048
2026-08-25T03:44:39,609  INFO Counter:70 [ParallelPopulationWriterV6] dumped person # 2048
2026-08-25T03:44:39,668  INFO Counter:75 [ParallelPopulationWriterV6] dumped person # 3068
2026-08-25T03:44:39,668  INFO PopulationWriter:150 Population written to: ./output-downsampled-1pct-demo/output_plans.xml.gz
2026-08-25T03:44:39,670  INFO Counter:75 [PopulationWriter] dumped person # 3068
2026-08-25T03:44:39,672  INFO NetworkWriter:70 Writing network to file: ./output-downsampled-1pct-demo/output_network.xml.gz...
2026-08-25T03:44:39,871  INFO NetworkWriter:73 done.
2026-08-25T03:44:39,892  INFO Config:461 setting context to [file:/C:/Users/Louise%20Maralit/Downloads/try/try2/ppc-matsim-drt/]
2026-08-25T03:44:39,894  INFO Config:461 setting context to [file:/C:/Users/Louise%20Maralit/Downloads/try/try2/ppc-matsim-drt/]
2026-08-25T03:44:39,897  INFO Config:461 setting context to [file:/C:/Users/Louise%20Maralit/Downloads/try/try2/ppc-matsim-drt/]
2026-08-25T03:44:39,898  INFO Config:461 setting context to [file:/C:/Users/Louise%20Maralit/Downloads/try/try2/ppc-matsim-drt/]
2026-08-25T03:44:39,901  INFO Config:461 setting context to [file:/C:/Users/Louise%20Maralit/Downloads/try/try2/ppc-matsim-drt/]
2026-08-25T03:44:39,902  INFO Config:461 setting context to [file:/C:/Users/Louise%20Maralit/Downloads/try/try2/ppc-matsim-drt/]
2026-08-25T03:44:39,904  INFO Config:461 setting context to [file:/C:/Users/Louise%20Maralit/Downloads/try/try2/ppc-matsim-drt/]
2026-08-25T03:44:39,905  INFO Config:461 setting context to [file:/C:/Users/Louise%20Maralit/Downloads/try/try2/ppc-matsim-drt/]
2026-08-25T03:44:39,906  INFO Config:461 setting context to [file:/C:/Users/Louise%20Maralit/Downloads/try/try2/ppc-matsim-drt/]
2026-08-25T03:44:39,907  INFO Config:461 setting context to [file:/C:/Users/Louise%20Maralit/Downloads/try/try2/ppc-matsim-drt/]
2026-08-25T03:44:39,909  INFO Config:461 setting context to [file:/C:/Users/Louise%20Maralit/Downloads/try/try2/ppc-matsim-drt/]
2026-08-25T03:44:39,950  INFO Config:461 setting context to [file:/C:/Users/Louise%20Maralit/Downloads/try/try2/ppc-matsim-drt/]
2026-08-25T03:44:39,951  INFO Config:461 setting context to [file:/C:/Users/Louise%20Maralit/Downloads/try/try2/ppc-matsim-drt/]
2026-08-25T03:44:39,953  INFO Config:461 setting context to [file:/C:/Users/Louise%20Maralit/Downloads/try/try2/ppc-matsim-drt/]
2026-08-25T03:44:39,954  INFO Config:461 setting context to [file:/C:/Users/Louise%20Maralit/Downloads/try/try2/ppc-matsim-drt/]
2026-08-25T03:44:39,956  INFO Config:461 setting context to [file:/C:/Users/Louise%20Maralit/Downloads/try/try2/ppc-matsim-drt/]
2026-08-25T03:44:39,958  INFO Config:461 setting context to [file:/C:/Users/Louise%20Maralit/Downloads/try/try2/ppc-matsim-drt/]
2026-08-25T03:44:39,959  INFO Config:461 setting context to [file:/C:/Users/Louise%20Maralit/Downloads/try/try2/ppc-matsim-drt/]
2026-08-25T03:44:39,960  WARN RoutingConfigGroup:403 The first mode routing (= teleported mode) params that are explicitly defined clear the default mode routing (= teleported mode) params.  If you want to avoid this 
2026-08-25T03:44:39,960  WARN RoutingConfigGroup:404     warning, use clearTeleportedModeParams(true) in code, and "clearDefaultTeleportedModeParams"=true in xml config.
2026-08-25T03:44:39,960  INFO Config:461 setting context to [file:/C:/Users/Louise%20Maralit/Downloads/try/try2/ppc-matsim-drt/]
2026-08-25T03:44:39,963  INFO Config:461 setting context to [file:/C:/Users/Louise%20Maralit/Downloads/try/try2/ppc-matsim-drt/]
2026-08-25T03:44:39,980  INFO Config:461 setting context to [file:/C:/Users/Louise%20Maralit/Downloads/try/try2/ppc-matsim-drt/]
2026-08-25T03:44:39,981  INFO Config:461 setting context to [file:/C:/Users/Louise%20Maralit/Downloads/try/try2/ppc-matsim-drt/]
2026-08-25T03:44:39,982  INFO Config:461 setting context to [file:/C:/Users/Louise%20Maralit/Downloads/try/try2/ppc-matsim-drt/]
2026-08-25T03:44:39,984  INFO Config:461 setting context to [file:/C:/Users/Louise%20Maralit/Downloads/try/try2/ppc-matsim-drt/]
2026-08-25T03:44:39,986  INFO Config:461 setting context to [file:/C:/Users/Louise%20Maralit/Downloads/try/try2/ppc-matsim-drt/]
2026-08-25T03:44:39,987  INFO Config:461 setting context to [file:/C:/Users/Louise%20Maralit/Downloads/try/try2/ppc-matsim-drt/]
2026-08-25T03:44:39,989  INFO Config:461 setting context to [file:/C:/Users/Louise%20Maralit/Downloads/try/try2/ppc-matsim-drt/]
2026-08-25T03:44:39,991  INFO Config:461 setting context to [file:/C:/Users/Louise%20Maralit/Downloads/try/try2/ppc-matsim-drt/]
2026-08-25T03:44:39,992  INFO Config:461 setting context to [file:/C:/Users/Louise%20Maralit/Downloads/try/try2/ppc-matsim-drt/]
2026-08-25T03:44:40,006  INFO TransitScheduleWriter:89 about to write transit schedule to: ./output-downsampled-1pct-demo/output_transitSchedule.xml.gz
2026-08-25T03:44:40,206  INFO MatsimVehicleWriter:49 about to write vehicles to: ./output-downsampled-1pct-demo/output_transitVehicles.xml.gz
2026-08-25T03:44:40,206  INFO VehicleWriterV2:64 about to write vehicles to: ./output-downsampled-1pct-demo/output_transitVehicles.xml.gz
2026-08-25T03:44:40,214  INFO MatsimVehicleWriter:49 about to write vehicles to: ./output-downsampled-1pct-demo/output_vehicles.xml.gz
2026-08-25T03:44:40,214  INFO VehicleWriterV2:64 about to write vehicles to: ./output-downsampled-1pct-demo/output_vehicles.xml.gz
2026-08-25T03:44:40,222  INFO MatsimVehicleWriter:49 about to write vehicles to: ./output-downsampled-1pct-demo/output_allVehicles.xml.gz
2026-08-25T03:44:40,222  INFO VehicleWriterV2:64 about to write vehicles to: ./output-downsampled-1pct-demo/output_allVehicles.xml.gz
2026-08-25T03:44:40,230  INFO HouseholdsWriterV10:66 about to write  households to: ./output-downsampled-1pct-demo/output_households.xml.gz
2026-08-25T03:44:40,231  INFO Counter:75 [HouseholdsWriter] wrote household # 0
2026-08-25T03:44:40,233  INFO CountsWriterV2:45 Write Counts to ./output-downsampled-1pct-demo/output_counts.xml.gz
2026-08-25T03:44:40,276  INFO ControlerListenerManagerImpl:135 calling notifyShutdown on org.matsim.analysis.ModeChoiceCoverageControlerListener with priority 0.0
2026-08-25T03:44:40,276  INFO ControlerListenerManagerImpl:135 calling notifyShutdown on org.matsim.analysis.ScoreStatsControlerListener with priority 0.0
2026-08-25T03:44:40,276  INFO ControlerListenerManagerImpl:135 calling notifyShutdown on org.matsim.analysis.IterationTravelStatsControlerListener with priority 0.0
2026-08-25T03:44:40,276  INFO PersonWriter:36 Writing all Persons to personscsv
2026-08-25T03:44:40,324  INFO PersonWriter:54 ...done
2026-08-25T03:44:40,324  INFO ControlerListenerManagerImpl:135 calling notifyShutdown on org.matsim.analysis.LinkStatsControlerListener with priority 0.0
2026-08-25T03:44:40,578  INFO ControlerListenerManagerImpl:135 calling notifyShutdown on org.matsim.contrib.drt.analysis.zonal.DrtZonalWaitTimesAnalyzer with priority 0.0
2026-08-25T03:44:40,583  WARN MGC:179 Assuming that coordinates are in longitude first notation, i.e. (longitude, latitude).
WARNING: A restricted method in java.lang.System has been called
WARNING: java.lang.System::load has been called by org.sqlite.SQLiteJDBCLoader in an unnamed module (file:/C:/Users/Louise%20Maralit/Downloads/try/try2/ppc-matsim-drt/matsim-project-ppc-0.0.1-SNAPSHOT.jar)
WARNING: Use --enable-native-access=ALL-UNNAMED to avoid a warning for callers in this module
WARNING: Restricted methods will be blocked in a future release unless native access is enabled

Aug 25, 2026 3:44:41 AM org.geotools.jdbc.JDBCDataStore getSQLTypeNames
WARNING: Fetching fields from Database
2026-08-25T03:44:51,892  INFO ControlerListenerManagerImpl:135 calling notifyShutdown on org.matsim.contrib.drt.analysis.DrtAnalysisControlerListener with priority 0.0
2026-08-25T03:44:51,964  INFO ControlerListenerManagerImpl:135 calling notifyShutdown on org.matsim.contrib.drt.routing.DefaultDrtRouteUpdater with priority 0.0
2026-08-25T03:44:51,965  INFO ControlerListenerManagerImpl:135 calling notifyShutdown on org.matsim.contrib.dvrp.fleet.FleetControlerListener with priority 0.0
2026-08-25T03:44:51,968  INFO ControlerListenerManagerImpl:135 calling notifyShutdown on org.matsim.contrib.drt.analysis.zonal.DrtZonalWaitTimesAnalyzer with priority 0.0
2026-08-25T03:44:51,968  WARN MGC:179 Assuming that coordinates are in longitude first notation, i.e. (longitude, latitude).
Aug 25, 2026 3:44:52 AM org.geotools.jdbc.JDBCDataStore getSQLTypeNames
WARNING: Fetching fields from Database
2026-08-25T03:45:02,026  INFO ControlerListenerManagerImpl:135 calling notifyShutdown on org.matsim.contrib.drt.analysis.DrtAnalysisControlerListener with priority 0.0
2026-08-25T03:45:02,098  INFO ControlerListenerManagerImpl:135 calling notifyShutdown on org.matsim.contrib.drt.routing.DefaultDrtRouteUpdater with priority 0.0
2026-08-25T03:45:02,098  INFO ControlerListenerManagerImpl:135 calling notifyShutdown on org.matsim.contrib.dvrp.fleet.FleetControlerListener with priority 0.0
2026-08-25T03:45:02,101  INFO ControlerListenerManagerImpl:135 calling notifyShutdown on org.matsim.contrib.drt.analysis.zonal.DrtZonalWaitTimesAnalyzer with priority 0.0
2026-08-25T03:45:02,101  WARN MGC:179 Assuming that coordinates are in longitude first notation, i.e. (longitude, latitude).
Aug 25, 2026 3:45:02 AM org.geotools.jdbc.JDBCDataStore getSQLTypeNames
WARNING: Fetching fields from Database
2026-08-25T03:45:11,717  INFO MemoryObserver:42 used RAM: 2080 MB  free: 265 MB  total: 2346 MB
2026-08-25T03:45:11,941  INFO ControlerListenerManagerImpl:135 calling notifyShutdown on org.matsim.contrib.drt.analysis.DrtAnalysisControlerListener with priority 0.0
2026-08-25T03:45:12,013  INFO ControlerListenerManagerImpl:135 calling notifyShutdown on org.matsim.contrib.drt.routing.DefaultDrtRouteUpdater with priority 0.0
2026-08-25T03:45:12,013  INFO ControlerListenerManagerImpl:135 calling notifyShutdown on org.matsim.contrib.dvrp.fleet.FleetControlerListener with priority 0.0
2026-08-25T03:45:12,014  INFO ControlerListenerManagerImpl:135 calling notifyShutdown on org.matsim.contrib.drt.analysis.zonal.DrtZonalWaitTimesAnalyzer with priority 0.0
2026-08-25T03:45:12,015  WARN MGC:179 Assuming that coordinates are in longitude first notation, i.e. (longitude, latitude).
Aug 25, 2026 3:45:12 AM org.geotools.jdbc.JDBCDataStore getSQLTypeNames
WARNING: Fetching fields from Database
2026-08-25T03:45:22,920  INFO ControlerListenerManagerImpl:135 calling notifyShutdown on org.matsim.contrib.drt.analysis.DrtAnalysisControlerListener with priority 0.0
2026-08-25T03:45:23,008  INFO ControlerListenerManagerImpl:135 calling notifyShutdown on org.matsim.contrib.drt.routing.DefaultDrtRouteUpdater with priority 0.0
2026-08-25T03:45:23,008  INFO ControlerListenerManagerImpl:135 calling notifyShutdown on org.matsim.contrib.dvrp.fleet.FleetControlerListener with priority 0.0
2026-08-25T03:45:23,010  INFO ControlerListenerManagerImpl:135 calling notifyShutdown on org.matsim.contrib.drt.analysis.zonal.DrtZonalWaitTimesAnalyzer with priority 0.0
2026-08-25T03:45:23,010  WARN MGC:179 Assuming that coordinates are in longitude first notation, i.e. (longitude, latitude).
Aug 25, 2026 3:45:23 AM org.geotools.jdbc.JDBCDataStore getSQLTypeNames
WARNING: Fetching fields from Database
2026-08-25T03:45:32,553  INFO ControlerListenerManagerImpl:135 calling notifyShutdown on org.matsim.contrib.drt.analysis.DrtAnalysisControlerListener with priority 0.0
2026-08-25T03:45:32,633  INFO ControlerListenerManagerImpl:135 calling notifyShutdown on org.matsim.contrib.drt.routing.DefaultDrtRouteUpdater with priority 0.0
2026-08-25T03:45:32,633  INFO ControlerListenerManagerImpl:135 calling notifyShutdown on org.matsim.contrib.dvrp.fleet.FleetControlerListener with priority 0.0
2026-08-25T03:45:32,636  INFO ControlerListenerManagerImpl:135 calling notifyShutdown on org.matsim.contrib.drt.analysis.zonal.DrtZonalWaitTimesAnalyzer with priority 0.0
2026-08-25T03:45:32,636  WARN MGC:179 Assuming that coordinates are in longitude first notation, i.e. (longitude, latitude).
Aug 25, 2026 3:45:32 AM org.geotools.jdbc.JDBCDataStore getSQLTypeNames
WARNING: Fetching fields from Database
2026-08-25T03:45:42,211  INFO ControlerListenerManagerImpl:135 calling notifyShutdown on org.matsim.contrib.drt.analysis.DrtAnalysisControlerListener with priority 0.0
2026-08-25T03:45:42,292  INFO ControlerListenerManagerImpl:135 calling notifyShutdown on org.matsim.contrib.drt.routing.DefaultDrtRouteUpdater with priority 0.0
2026-08-25T03:45:42,292  INFO ControlerListenerManagerImpl:135 calling notifyShutdown on org.matsim.contrib.dvrp.fleet.FleetControlerListener with priority 0.0
2026-08-25T03:45:42,295  INFO ControlerListenerManagerImpl:135 calling notifyShutdown on org.matsim.contrib.drt.analysis.zonal.DrtZonalWaitTimesAnalyzer with priority 0.0
2026-08-25T03:45:42,295  WARN MGC:179 Assuming that coordinates are in longitude first notation, i.e. (longitude, latitude).
Aug 25, 2026 3:45:42 AM org.geotools.jdbc.JDBCDataStore getSQLTypeNames
WARNING: Fetching fields from Database
2026-08-25T03:45:51,751  INFO ControlerListenerManagerImpl:135 calling notifyShutdown on org.matsim.contrib.drt.analysis.DrtAnalysisControlerListener with priority 0.0
2026-08-25T03:45:51,837  INFO ControlerListenerManagerImpl:135 calling notifyShutdown on org.matsim.contrib.drt.routing.DefaultDrtRouteUpdater with priority 0.0
2026-08-25T03:45:51,837  INFO ControlerListenerManagerImpl:135 calling notifyShutdown on org.matsim.contrib.dvrp.fleet.FleetControlerListener with priority 0.0
2026-08-25T03:45:51,838  INFO ControlerListenerManagerImpl:135 calling notifyShutdown on org.matsim.contrib.drt.analysis.zonal.DrtZonalWaitTimesAnalyzer with priority 0.0
2026-08-25T03:45:51,839  WARN MGC:179 Assuming that coordinates are in longitude first notation, i.e. (longitude, latitude).
Aug 25, 2026 3:45:51 AM org.geotools.jdbc.JDBCDataStore getSQLTypeNames
WARNING: Fetching fields from Database
2026-08-25T03:46:01,374  INFO ControlerListenerManagerImpl:135 calling notifyShutdown on org.matsim.contrib.drt.analysis.DrtAnalysisControlerListener with priority 0.0
2026-08-25T03:46:01,455  INFO ControlerListenerManagerImpl:135 calling notifyShutdown on org.matsim.contrib.drt.routing.DefaultDrtRouteUpdater with priority 0.0
2026-08-25T03:46:01,455  INFO ControlerListenerManagerImpl:135 calling notifyShutdown on org.matsim.contrib.dvrp.fleet.FleetControlerListener with priority 0.0
2026-08-25T03:46:01,457  INFO ControlerListenerManagerImpl:135 calling notifyShutdown on org.matsim.contrib.drt.analysis.zonal.DrtZonalWaitTimesAnalyzer with priority 0.0
2026-08-25T03:46:01,457  WARN MGC:179 Assuming that coordinates are in longitude first notation, i.e. (longitude, latitude).
Aug 25, 2026 3:46:01 AM org.geotools.jdbc.JDBCDataStore getSQLTypeNames
WARNING: Fetching fields from Database
2026-08-25T03:46:10,895  INFO ControlerListenerManagerImpl:135 calling notifyShutdown on org.matsim.contrib.drt.analysis.DrtAnalysisControlerListener with priority 0.0
2026-08-25T03:46:10,978  INFO ControlerListenerManagerImpl:135 calling notifyShutdown on org.matsim.contrib.drt.routing.DefaultDrtRouteUpdater with priority 0.0
2026-08-25T03:46:10,978  INFO ControlerListenerManagerImpl:135 calling notifyShutdown on org.matsim.contrib.dvrp.fleet.FleetControlerListener with priority 0.0
2026-08-25T03:46:10,979  INFO ControlerListenerManagerImpl:135 calling notifyShutdown on org.matsim.contrib.drt.analysis.zonal.DrtZonalWaitTimesAnalyzer with priority 0.0
2026-08-25T03:46:10,979  WARN MGC:179 Assuming that coordinates are in longitude first notation, i.e. (longitude, latitude).
Aug 25, 2026 3:46:11 AM org.geotools.jdbc.JDBCDataStore getSQLTypeNames
WARNING: Fetching fields from Database
2026-08-25T03:46:11,718  INFO MemoryObserver:42 used RAM: 2188 MB  free: 157 MB  total: 2346 MB
2026-08-25T03:46:20,402  INFO ControlerListenerManagerImpl:135 calling notifyShutdown on org.matsim.contrib.drt.analysis.DrtAnalysisControlerListener with priority 0.0
2026-08-25T03:46:20,480  INFO ControlerListenerManagerImpl:135 calling notifyShutdown on org.matsim.contrib.drt.routing.DefaultDrtRouteUpdater with priority 0.0
2026-08-25T03:46:20,480  INFO ControlerListenerManagerImpl:135 calling notifyShutdown on org.matsim.contrib.dvrp.fleet.FleetControlerListener with priority 0.0
2026-08-25T03:46:20,481  INFO ControlerListenerManagerImpl:135 calling notifyShutdown on org.matsim.contrib.drt.analysis.zonal.DrtZonalWaitTimesAnalyzer with priority 0.0
2026-08-25T03:46:20,482  WARN MGC:179 Assuming that coordinates are in longitude first notation, i.e. (longitude, latitude).
Aug 25, 2026 3:46:20 AM org.geotools.jdbc.JDBCDataStore getSQLTypeNames
WARNING: Fetching fields from Database
2026-08-25T03:46:29,990  INFO ControlerListenerManagerImpl:135 calling notifyShutdown on org.matsim.contrib.drt.analysis.DrtAnalysisControlerListener with priority 0.0
2026-08-25T03:46:30,072  INFO ControlerListenerManagerImpl:135 calling notifyShutdown on org.matsim.contrib.drt.routing.DefaultDrtRouteUpdater with priority 0.0
2026-08-25T03:46:30,072  INFO ControlerListenerManagerImpl:135 calling notifyShutdown on org.matsim.contrib.dvrp.fleet.FleetControlerListener with priority 0.0
2026-08-25T03:46:30,074  INFO ControlerListenerManagerImpl:135 calling notifyShutdown on org.matsim.contrib.drt.analysis.zonal.DrtZonalWaitTimesAnalyzer with priority 0.0
2026-08-25T03:46:30,074  WARN MGC:179 Assuming that coordinates are in longitude first notation, i.e. (longitude, latitude).
Aug 25, 2026 3:46:30 AM org.geotools.jdbc.JDBCDataStore getSQLTypeNames
WARNING: Fetching fields from Database
2026-08-25T03:46:39,445  INFO ControlerListenerManagerImpl:135 calling notifyShutdown on org.matsim.contrib.drt.analysis.DrtAnalysisControlerListener with priority 0.0
2026-08-25T03:46:39,528  INFO ControlerListenerManagerImpl:135 calling notifyShutdown on org.matsim.contrib.drt.routing.DefaultDrtRouteUpdater with priority 0.0
2026-08-25T03:46:39,528  INFO ControlerListenerManagerImpl:135 calling notifyShutdown on org.matsim.contrib.dvrp.fleet.FleetControlerListener with priority 0.0
2026-08-25T03:46:39,530  INFO ControlerListenerManagerImpl:135 calling notifyShutdown on org.matsim.contrib.drt.analysis.zonal.DrtZonalWaitTimesAnalyzer with priority 0.0
2026-08-25T03:46:39,530  WARN MGC:179 Assuming that coordinates are in longitude first notation, i.e. (longitude, latitude).
Aug 25, 2026 3:46:39 AM org.geotools.jdbc.JDBCDataStore getSQLTypeNames
WARNING: Fetching fields from Database
2026-08-25T03:46:48,884  INFO ControlerListenerManagerImpl:135 calling notifyShutdown on org.matsim.contrib.drt.analysis.DrtAnalysisControlerListener with priority 0.0
2026-08-25T03:46:48,966  INFO ControlerListenerManagerImpl:135 calling notifyShutdown on org.matsim.contrib.drt.routing.DefaultDrtRouteUpdater with priority 0.0
2026-08-25T03:46:48,966  INFO ControlerListenerManagerImpl:135 calling notifyShutdown on org.matsim.contrib.dvrp.fleet.FleetControlerListener with priority 0.0
2026-08-25T03:46:48,967  INFO ControlerListenerManagerImpl:135 calling notifyShutdown on org.matsim.contrib.drt.analysis.zonal.DrtZonalWaitTimesAnalyzer with priority 0.0
2026-08-25T03:46:48,968  WARN MGC:179 Assuming that coordinates are in longitude first notation, i.e. (longitude, latitude).
Aug 25, 2026 3:46:49 AM org.geotools.jdbc.JDBCDataStore getSQLTypeNames
WARNING: Fetching fields from Database
2026-08-25T03:46:58,430  INFO ControlerListenerManagerImpl:135 calling notifyShutdown on org.matsim.contrib.drt.analysis.DrtAnalysisControlerListener with priority 0.0
2026-08-25T03:46:58,515  INFO ControlerListenerManagerImpl:135 calling notifyShutdown on org.matsim.contrib.drt.routing.DefaultDrtRouteUpdater with priority 0.0
2026-08-25T03:46:58,515  INFO ControlerListenerManagerImpl:135 calling notifyShutdown on org.matsim.contrib.dvrp.fleet.FleetControlerListener with priority 0.0
2026-08-25T03:46:58,517  INFO ControlerListenerManagerImpl:135 calling notifyShutdown on org.matsim.contrib.drt.analysis.zonal.DrtZonalWaitTimesAnalyzer with priority 0.0
2026-08-25T03:46:58,517  WARN MGC:179 Assuming that coordinates are in longitude first notation, i.e. (longitude, latitude).
Aug 25, 2026 3:46:58 AM org.geotools.jdbc.JDBCDataStore getSQLTypeNames
WARNING: Fetching fields from Database
2026-08-25T03:47:08,522  INFO ControlerListenerManagerImpl:135 calling notifyShutdown on org.matsim.contrib.drt.analysis.DrtAnalysisControlerListener with priority 0.0
2026-08-25T03:47:08,599  INFO ControlerListenerManagerImpl:135 calling notifyShutdown on org.matsim.contrib.drt.routing.DefaultDrtRouteUpdater with priority 0.0
2026-08-25T03:47:08,599  INFO ControlerListenerManagerImpl:135 calling notifyShutdown on org.matsim.contrib.dvrp.fleet.FleetControlerListener with priority 0.0
2026-08-25T03:47:08,601  INFO ControlerListenerManagerImpl:135 calling notifyShutdown on org.matsim.contrib.drt.analysis.zonal.DrtZonalWaitTimesAnalyzer with priority 0.0
2026-08-25T03:47:08,602  WARN MGC:179 Assuming that coordinates are in longitude first notation, i.e. (longitude, latitude).
Aug 25, 2026 3:47:08 AM org.geotools.jdbc.JDBCDataStore getSQLTypeNames
WARNING: Fetching fields from Database
2026-08-25T03:47:11,719  INFO MemoryObserver:42 used RAM: 2286 MB  free: 59 MB  total: 2346 MB
2026-08-25T03:47:17,894  INFO ControlerListenerManagerImpl:135 calling notifyShutdown on org.matsim.contrib.drt.analysis.DrtAnalysisControlerListener with priority 0.0
2026-08-25T03:47:17,971  INFO ControlerListenerManagerImpl:135 calling notifyShutdown on org.matsim.contrib.drt.routing.DefaultDrtRouteUpdater with priority 0.0
2026-08-25T03:47:17,971  INFO ControlerListenerManagerImpl:135 calling notifyShutdown on org.matsim.contrib.dvrp.fleet.FleetControlerListener with priority 0.0
2026-08-25T03:47:17,972  INFO ControlerListenerManagerImpl:135 calling notifyShutdown on org.matsim.contrib.drt.analysis.zonal.DrtZonalWaitTimesAnalyzer with priority 0.0
2026-08-25T03:47:17,973  WARN MGC:179 Assuming that coordinates are in longitude first notation, i.e. (longitude, latitude).
Aug 25, 2026 3:47:18 AM org.geotools.jdbc.JDBCDataStore getSQLTypeNames
WARNING: Fetching fields from Database
2026-08-25T03:47:27,201  INFO ControlerListenerManagerImpl:135 calling notifyShutdown on org.matsim.contrib.drt.analysis.DrtAnalysisControlerListener with priority 0.0
2026-08-25T03:47:27,282  INFO ControlerListenerManagerImpl:135 calling notifyShutdown on org.matsim.contrib.drt.routing.DefaultDrtRouteUpdater with priority 0.0
2026-08-25T03:47:27,282  INFO ControlerListenerManagerImpl:135 calling notifyShutdown on org.matsim.contrib.dvrp.fleet.FleetControlerListener with priority 0.0
2026-08-25T03:47:27,284  INFO ControlerListenerManagerImpl:135 calling notifyShutdown on org.matsim.contrib.drt.analysis.zonal.DrtZonalWaitTimesAnalyzer with priority 0.0
2026-08-25T03:47:27,284  WARN MGC:179 Assuming that coordinates are in longitude first notation, i.e. (longitude, latitude).
Aug 25, 2026 3:47:27 AM org.geotools.jdbc.JDBCDataStore getSQLTypeNames
WARNING: Fetching fields from Database
2026-08-25T03:47:36,422  INFO ControlerListenerManagerImpl:135 calling notifyShutdown on org.matsim.contrib.drt.analysis.DrtAnalysisControlerListener with priority 0.0
2026-08-25T03:47:36,499  INFO ControlerListenerManagerImpl:135 calling notifyShutdown on org.matsim.contrib.drt.routing.DefaultDrtRouteUpdater with priority 0.0
2026-08-25T03:47:36,499  INFO ControlerListenerManagerImpl:135 calling notifyShutdown on org.matsim.contrib.dvrp.fleet.FleetControlerListener with priority 0.0
2026-08-25T03:47:36,501  INFO ControlerListenerManagerImpl:135 calling notifyShutdown on org.matsim.contrib.drt.analysis.zonal.DrtZonalWaitTimesAnalyzer with priority 0.0
2026-08-25T03:47:36,501  WARN MGC:179 Assuming that coordinates are in longitude first notation, i.e. (longitude, latitude).
Aug 25, 2026 3:47:36 AM org.geotools.jdbc.JDBCDataStore getSQLTypeNames
WARNING: Fetching fields from Database
2026-08-25T03:47:45,696  INFO ControlerListenerManagerImpl:135 calling notifyShutdown on org.matsim.contrib.drt.analysis.DrtAnalysisControlerListener with priority 0.0
2026-08-25T03:47:45,771  INFO ControlerListenerManagerImpl:135 calling notifyShutdown on org.matsim.contrib.drt.routing.DefaultDrtRouteUpdater with priority 0.0
2026-08-25T03:47:45,771  INFO ControlerListenerManagerImpl:135 calling notifyShutdown on org.matsim.contrib.dvrp.fleet.FleetControlerListener with priority 0.0
2026-08-25T03:47:45,773  INFO ControlerListenerManagerImpl:135 calling notifyShutdown on org.matsim.contrib.drt.analysis.zonal.DrtZonalWaitTimesAnalyzer with priority 0.0
2026-08-25T03:47:45,773  WARN MGC:179 Assuming that coordinates are in longitude first notation, i.e. (longitude, latitude).
Aug 25, 2026 3:47:45 AM org.geotools.jdbc.JDBCDataStore finalize
SEVERE: There's code using JDBC based datastore and not disposing them. This may lead to temporary loss of database connections. Please make sure all data access code calls DataStore.dispose() before freeing all references to it
Aug 25, 2026 3:47:45 AM org.geotools.jdbc.JDBCDataStore finalize
SEVERE: There's code using JDBC based datastore and not disposing them. This may lead to temporary loss of database connections. Please make sure all data access code calls DataStore.dispose() before freeing all references to it
Aug 25, 2026 3:47:45 AM org.geotools.jdbc.JDBCDataStore finalize
SEVERE: There's code using JDBC based datastore and not disposing them. This may lead to temporary loss of database connections. Please make sure all data access code calls DataStore.dispose() before freeing all references to it
Aug 25, 2026 3:47:45 AM org.geotools.jdbc.JDBCDataStore finalize
SEVERE: There's code using JDBC based datastore and not disposing them. This may lead to temporary loss of database connections. Please make sure all data access code calls DataStore.dispose() before freeing all references to it
Aug 25, 2026 3:47:45 AM org.geotools.jdbc.JDBCDataStore finalize
SEVERE: There's code using JDBC based datastore and not disposing them. This may lead to temporary loss of database connections. Please make sure all data access code calls DataStore.dispose() before freeing all references to it
Aug 25, 2026 3:47:45 AM org.geotools.jdbc.JDBCDataStore finalize
SEVERE: There's code using JDBC based datastore and not disposing them. This may lead to temporary loss of database connections. Please make sure all data access code calls DataStore.dispose() before freeing all references to it
Aug 25, 2026 3:47:45 AM org.geotools.jdbc.JDBCDataStore finalize
SEVERE: There's code using JDBC based datastore and not disposing them. This may lead to temporary loss of database connections. Please make sure all data access code calls DataStore.dispose() before freeing all references to it
Aug 25, 2026 3:47:45 AM org.geotools.jdbc.JDBCDataStore finalize
SEVERE: There's code using JDBC based datastore and not disposing them. This may lead to temporary loss of database connections. Please make sure all data access code calls DataStore.dispose() before freeing all references to it
Aug 25, 2026 3:47:45 AM org.geotools.jdbc.JDBCDataStore finalize
SEVERE: There's code using JDBC based datastore and not disposing them. This may lead to temporary loss of database connections. Please make sure all data access code calls DataStore.dispose() before freeing all references to it
Aug 25, 2026 3:47:45 AM org.geotools.jdbc.JDBCDataStore finalize
SEVERE: There's code using JDBC based datastore and not disposing them. This may lead to temporary loss of database connections. Please make sure all data access code calls DataStore.dispose() before freeing all references to it
Aug 25, 2026 3:47:45 AM org.geotools.jdbc.JDBCDataStore finalize
SEVERE: There's code using JDBC based datastore and not disposing them. This may lead to temporary loss of database connections. Please make sure all data access code calls DataStore.dispose() before freeing all references to it
Aug 25, 2026 3:47:45 AM org.geotools.jdbc.JDBCDataStore finalize
SEVERE: There's code using JDBC based datastore and not disposing them. This may lead to temporary loss of database connections. Please make sure all data access code calls DataStore.dispose() before freeing all references to it
Aug 25, 2026 3:47:45 AM org.geotools.jdbc.JDBCDataStore finalize
SEVERE: There's code using JDBC based datastore and not disposing them. This may lead to temporary loss of database connections. Please make sure all data access code calls DataStore.dispose() before freeing all references to it
Aug 25, 2026 3:47:45 AM org.geotools.jdbc.JDBCDataStore finalize
SEVERE: There's code using JDBC based datastore and not disposing them. This may lead to temporary loss of database connections. Please make sure all data access code calls DataStore.dispose() before freeing all references to it
Aug 25, 2026 3:47:45 AM org.geotools.jdbc.JDBCDataStore finalize
SEVERE: There's code using JDBC based datastore and not disposing them. This may lead to temporary loss of database connections. Please make sure all data access code calls DataStore.dispose() before freeing all references to it
Aug 25, 2026 3:47:45 AM org.geotools.jdbc.JDBCDataStore finalize
SEVERE: There's code using JDBC based datastore and not disposing them. This may lead to temporary loss of database connections. Please make sure all data access code calls DataStore.dispose() before freeing all references to it
Aug 25, 2026 3:47:45 AM org.geotools.jdbc.JDBCDataStore finalize
SEVERE: There's code using JDBC based datastore and not disposing them. This may lead to temporary loss of database connections. Please make sure all data access code calls DataStore.dispose() before freeing all references to it
Aug 25, 2026 3:47:45 AM org.geotools.jdbc.JDBCDataStore finalize
SEVERE: There's code using JDBC based datastore and not disposing them. This may lead to temporary loss of database connections. Please make sure all data access code calls DataStore.dispose() before freeing all references to it
Aug 25, 2026 3:47:45 AM org.geotools.jdbc.JDBCDataStore finalize
SEVERE: There's code using JDBC based datastore and not disposing them. This may lead to temporary loss of database connections. Please make sure all data access code calls DataStore.dispose() before freeing all references to it
Aug 25, 2026 3:47:45 AM org.geotools.jdbc.JDBCDataStore getSQLTypeNames
WARNING: Fetching fields from Database
2026-08-25T03:47:56,052  INFO ControlerListenerManagerImpl:135 calling notifyShutdown on org.matsim.contrib.drt.analysis.DrtAnalysisControlerListener with priority 0.0
2026-08-25T03:47:56,128  INFO ControlerListenerManagerImpl:135 calling notifyShutdown on org.matsim.contrib.drt.routing.DefaultDrtRouteUpdater with priority 0.0
2026-08-25T03:47:56,128  INFO ControlerListenerManagerImpl:135 calling notifyShutdown on org.matsim.contrib.dvrp.fleet.FleetControlerListener with priority 0.0
2026-08-25T03:47:56,132  INFO ControlerListenerManagerImpl:135 calling notifyShutdown on org.matsim.simwrapper.SimWrapperListener with priority -1000.0
Aug 25, 2026 3:47:56 AM org.geotools.jdbc.JDBCDataStore finalize
SEVERE: There's code using JDBC based datastore and not disposing them. This may lead to temporary loss of database connections. Please make sure all data access code calls DataStore.dispose() before freeing all references to it
2026-08-25T03:47:56,322  INFO CommandRunner:115 Running class org.matsim.application.prepare.network.CreateAvroNetwork with arguments: --with-properties --network .\output-downsampled-1pct-demo\output_network.xml.gz --output-network .\output-downsampled-1pct-demo\analysis\network\network.avro
2026-08-25T03:47:56,450  INFO Config:461 setting context to [file:/C:/Users/Louise%20Maralit/Downloads/try/try2/ppc-matsim-drt/]
2026-08-25T03:47:56,452  INFO MatsimXmlParser:153 starting to parse xml from file .\output-downsampled-1pct-demo\output_network.xml.gz ...
2026-08-25T03:47:56,453  INFO IOUtils:224 Resolved .\output-downsampled-1pct-demo\output_network.xml.gz to .\output-downsampled-1pct-demo\output_network.xml.gz
2026-08-25T03:47:56,456  INFO MatsimNetworkReader:122 using network_v2-reader.
2026-08-25T03:47:56,456  INFO MatsimXmlParser:296 Trying to load http://www.matsim.org/files/dtd/network_v2.dtd. In some cases (e.g. network interface up but no connection), this may take a bit.
2026-08-25T03:47:56,881  INFO NetworkImpl:165  node # 1
2026-08-25T03:47:56,882  INFO NetworkImpl:165  node # 4
2026-08-25T03:47:56,884  INFO NetworkImpl:165  node # 16
2026-08-25T03:47:56,888  INFO NetworkImpl:165  node # 64
2026-08-25T03:47:56,899  INFO NetworkImpl:165  node # 256
2026-08-25T03:47:56,925  INFO NetworkImpl:165  node # 1024
2026-08-25T03:47:56,967  INFO NetworkImpl:165  node # 4096
2026-08-25T03:47:57,004  INFO NetworkImpl:161  link # 1
2026-08-25T03:47:57,004  INFO NetworkImpl:161  link # 4
2026-08-25T03:47:57,004  INFO NetworkImpl:161  link # 16
2026-08-25T03:47:57,005  INFO NetworkImpl:161  link # 64
2026-08-25T03:47:57,009  INFO NetworkImpl:161  link # 256
2026-08-25T03:47:57,020  INFO NetworkImpl:161  link # 1024
2026-08-25T03:47:57,051  INFO NetworkImpl:161  link # 4096
2026-08-25T03:47:57,145  INFO NetworkImpl:161  link # 16384
2026-08-25T03:47:57,175  INFO Config:461 setting context to [file:/C:/Users/Louise%20Maralit/Downloads/try/try2/ppc-matsim-drt/]
2026-08-25T03:47:57,176  INFO MatsimXmlParser:153 starting to parse xml from file .\output-downsampled-1pct-demo\output_network.xml.gz ...
2026-08-25T03:47:57,177  INFO IOUtils:224 Resolved .\output-downsampled-1pct-demo\output_network.xml.gz to .\output-downsampled-1pct-demo\output_network.xml.gz
2026-08-25T03:47:57,178  INFO MatsimNetworkReader:122 using network_v2-reader.
2026-08-25T03:47:57,179  INFO MatsimXmlParser:296 Trying to load http://www.matsim.org/files/dtd/network_v2.dtd. In some cases (e.g. network interface up but no connection), this may take a bit.
2026-08-25T03:47:57,389  INFO NetworkImpl:165  node # 1
2026-08-25T03:47:57,389  INFO NetworkImpl:165  node # 4
2026-08-25T03:47:57,389  INFO NetworkImpl:165  node # 16
2026-08-25T03:47:57,389  INFO NetworkImpl:165  node # 64
2026-08-25T03:47:57,390  INFO NetworkImpl:165  node # 256
2026-08-25T03:47:57,393  INFO NetworkImpl:165  node # 1024
2026-08-25T03:47:57,399  INFO NetworkImpl:165  node # 4096
2026-08-25T03:47:57,407  INFO NetworkImpl:161  link # 1
2026-08-25T03:47:57,407  INFO NetworkImpl:161  link # 4
2026-08-25T03:47:57,407  INFO NetworkImpl:161  link # 16
2026-08-25T03:47:57,408  INFO NetworkImpl:161  link # 64
2026-08-25T03:47:57,408  INFO NetworkImpl:161  link # 256
2026-08-25T03:47:57,411  INFO NetworkImpl:161  link # 1024
2026-08-25T03:47:57,425  INFO NetworkImpl:161  link # 4096
2026-08-25T03:47:57,480  INFO NetworkImpl:161  link # 16384
2026-08-25T03:47:57,501  WARN MGC:179 Assuming that coordinates are in longitude first notation, i.e. (longitude, latitude).
2026-08-25T03:47:57,501  WARN MGC:179 Assuming that coordinates are in longitude first notation, i.e. (longitude, latitude).
2026-08-25T03:47:57,973  INFO CommandRunner:115 Running class org.matsim.application.analysis.pt.PublicTransitAnalysis with arguments: --run-directory .\output-downsampled-1pct-demo --sample-size 1.0 --output-pt-pax-volumes .\output-downsampled-1pct-demo\analysis\pt\pt_pax_volumes.csv.gz --output-pt-pax-per-hour-and-vehicle-type .\output-downsampled-1pct-demo\analysis\pt\pt_pax_per_hour_and_vehicle_type.csv --output-pt-pax-per-hour-and-vehicle-type-and-agency .\output-downsampled-1pct-demo\analysis\pt\pt_pax_per_hour_and_vehicle_type_and_agency.csv
2026-08-25T03:47:57,982  INFO IOUtils:224 Resolved C:\Users\Louise Maralit\Downloads\try\try2\ppc-matsim-drt\.\output-downsampled-1pct-demo\output_config.xml to C:\Users\Louise Maralit\Downloads\try\try2\ppc-matsim-drt\.\output-downsampled-1pct-demo\output_config.xml
2026-08-25T03:47:57,982  INFO Config:461 setting context to [file:/C:/Users/Louise%20Maralit/Downloads/try/try2/ppc-matsim-drt/]
2026-08-25T03:47:57,983  INFO MatsimXmlParser:170 starting to parse xml from url file:/C:/Users/Louise%20Maralit/Downloads/try/try2/ppc-matsim-drt/./output-downsampled-1pct-demo/output_config.xml ...
2026-08-25T03:47:57,984  INFO ConfigReader:105 using config_v2-reader
2026-08-25T03:47:57,984  INFO MatsimXmlParser:296 Trying to load http://www.matsim.org/files/dtd/config_v2.dtd. In some cases (e.g. network interface up but no connection), this may take a bit.
2026-08-25T03:47:58,198  INFO GlobalConfigGroup:99 setting number of threads to: 4
2026-08-25T03:47:58,209  WARN RoutingConfigGroup:403 The first mode routing (= teleported mode) params that are explicitly defined clear the default mode routing (= teleported mode) params.  If you want to avoid this 
2026-08-25T03:47:58,209  WARN RoutingConfigGroup:404     warning, use clearTeleportedModeParams(true) in code, and "clearDefaultTeleportedModeParams"=true in xml config.
2026-08-25T03:47:58,209  WARN ScoringConfigGroup$ReflectiveDelegate:1684 Setting pathSizeLogitBeta different from zero is experimental.  KN, Sep'08
2026-08-25T03:47:58,215  INFO ScoringConfigGroup:555 scoring parameters for subpopulation null were just replaced.
2026-08-25T03:47:58,217  INFO Config:461 setting context to [file:/C:/Users/Louise%20Maralit/Downloads/try/try2/ppc-matsim-drt/./output-downsampled-1pct-demo/output_config.xml]
2026-08-25T03:47:58,348  INFO GlobalConfigGroup:99 setting number of threads to: 1
2026-08-25T03:47:58,348  INFO ScenarioLoaderImpl:135 loading network from file:/C:/Users/Louise%20Maralit/Downloads/try/try2/ppc-matsim-drt/./output-downsampled-1pct-demo/output_network.xml.gz
2026-08-25T03:47:58,349  INFO MatsimXmlParser:170 starting to parse xml from url file:/C:/Users/Louise%20Maralit/Downloads/try/try2/ppc-matsim-drt/./output-downsampled-1pct-demo/output_network.xml.gz ...
2026-08-25T03:47:58,350  INFO MatsimNetworkReader:122 using network_v2-reader.
2026-08-25T03:47:58,350  INFO MatsimXmlParser:296 Trying to load http://www.matsim.org/files/dtd/network_v2.dtd. In some cases (e.g. network interface up but no connection), this may take a bit.
2026-08-25T03:47:58,558  INFO NetworkImpl:165  node # 1
2026-08-25T03:47:58,558  INFO NetworkImpl:165  node # 4
2026-08-25T03:47:58,558  INFO NetworkImpl:165  node # 16
2026-08-25T03:47:58,559  INFO NetworkImpl:165  node # 64
2026-08-25T03:47:58,560  INFO NetworkImpl:165  node # 256
2026-08-25T03:47:58,568  INFO NetworkImpl:165  node # 1024
2026-08-25T03:47:58,586  INFO NetworkImpl:165  node # 4096
2026-08-25T03:47:58,603  INFO NetworkImpl:161  link # 1
2026-08-25T03:47:58,604  INFO NetworkImpl:161  link # 4
2026-08-25T03:47:58,604  INFO NetworkImpl:161  link # 16
2026-08-25T03:47:58,605  INFO NetworkImpl:161  link # 64
2026-08-25T03:47:58,606  INFO NetworkImpl:161  link # 256
2026-08-25T03:47:58,613  INFO NetworkImpl:161  link # 1024
2026-08-25T03:47:58,636  INFO NetworkImpl:161  link # 4096
2026-08-25T03:47:58,696  INFO NetworkImpl:161  link # 16384
2026-08-25T03:47:58,712  INFO ScenarioLoaderImpl:172 no facilities file set in config, therefore not loading any facilities.  This is not a problem except if you are using facilities
2026-08-25T03:47:58,712  INFO ScenarioLoaderImpl:188 no facility-attributes file set in config, not loading any facility attributes
2026-08-25T03:47:58,712  INFO ScenarioLoaderImpl:208 no population file set in config, not able to load population
2026-08-25T03:47:58,712  INFO ScenarioLoaderImpl:244 no person-attributes file set in config, not loading any person attributes
2026-08-25T03:47:58,712  INFO ScenarioLoaderImpl:258 no households file set in config, not loading households
2026-08-25T03:47:58,712  INFO MatsimXmlParser:170 starting to parse xml from url file:/C:/Users/Louise%20Maralit/Downloads/try/try2/ppc-matsim-drt/./output-downsampled-1pct-demo/output_transitSchedule.xml.gz ...
2026-08-25T03:47:58,715  INFO MatsimXmlParser:296 Trying to load http://www.matsim.org/files/dtd/transitSchedule_v2.dtd. In some cases (e.g. network interface up but no connection), this may take a bit.
2026-08-25T03:47:59,032  INFO ScenarioLoaderImpl:329 loading transit vehicles from C:\Users\Louise Maralit\Downloads\try\try2\ppc-matsim-drt\.\output-downsampled-1pct-demo\output_transitVehicles.xml.gz
2026-08-25T03:47:59,032  INFO MatsimXmlParser:170 starting to parse xml from url file:/C:/Users/Louise%20Maralit/Downloads/try/try2/ppc-matsim-drt/./output-downsampled-1pct-demo/output_transitVehicles.xml.gz ...
2026-08-25T03:47:59,036  INFO MatsimXmlParser:296 Trying to load http://www.matsim.org/files/dtd/vehicleDefinitions_v2.0.xsd. In some cases (e.g. network interface up but no connection), this may take a bit.
2026-08-25T03:47:59,253  INFO MatsimXmlParser:296 Trying to load http://www.matsim.org/files/dtd/matsimCommon.xsd. In some cases (e.g. network interface up but no connection), this may take a bit.
2026-08-25T03:47:59,467  INFO MatsimXmlParser:296 Trying to load http://www.matsim.org/files/dtd/vehicleDefinitionsEnumTypes.xsd. In some cases (e.g. network interface up but no connection), this may take a bit.
2026-08-25T03:47:59,679  INFO MatsimVehicleReader$VehicleReader:77 Found following schemaLocation in vehicle definition file: http://www.matsim.org/files/dtd http://www.matsim.org/files/dtd/vehicleDefinitions_v2.0.xsd
2026-08-25T03:47:59,680  INFO VehicleReaderV2:24 Using org.matsim.vehicles.VehicleReaderV2
2026-08-25T03:47:59,681  INFO Counter:70 [VehiclesImpl] added vehicle # 1
2026-08-25T03:47:59,682  INFO Counter:70 [VehiclesImpl] added vehicle # 2
2026-08-25T03:47:59,682  INFO Counter:70 [VehiclesImpl] added vehicle # 4
2026-08-25T03:47:59,682  INFO Counter:70 [VehiclesImpl] added vehicle # 8
2026-08-25T03:47:59,684  INFO Counter:70 [VehiclesImpl] added vehicle # 16
2026-08-25T03:47:59,686  INFO Counter:70 [VehiclesImpl] added vehicle # 32
2026-08-25T03:47:59,687  INFO Counter:70 [VehiclesImpl] added vehicle # 64
2026-08-25T03:47:59,690  INFO Counter:70 [VehiclesImpl] added vehicle # 128
2026-08-25T03:47:59,694  INFO Counter:70 [VehiclesImpl] added vehicle # 256
2026-08-25T03:47:59,696  INFO Counter:70 [VehiclesImpl] added vehicle # 512
2026-08-25T03:47:59,701  INFO Counter:70 [VehiclesImpl] added vehicle # 1024
2026-08-25T03:47:59,707  INFO Counter:70 [VehiclesImpl] added vehicle # 2048
2026-08-25T03:47:59,714  INFO ScenarioLoaderImpl:339 loading vehicles from C:\Users\Louise Maralit\Downloads\try\try2\ppc-matsim-drt\.\output-downsampled-1pct-demo\drt_astoda_vehicles.xml.gz
2026-08-25T03:47:59,716  INFO MatsimXmlParser:170 starting to parse xml from url file:/C:/Users/Louise%20Maralit/Downloads/try/try2/ppc-matsim-drt/./output-downsampled-1pct-demo/drt_astoda_vehicles.xml.gz ...
2026-08-25T03:47:59,726  INFO MatsimXmlParser:296 Trying to load http://matsim.org/files/dtd/dvrp_vehicles_v1.dtd. In some cases (e.g. network interface up but no connection), this may take a bit.
2026-08-25T03:48:00,125 ERROR MatsimVehicleReader$VehicleReader:87 found no valid. vehicle definition file. this may happen if you try to parse a dvrp vehicles file for example or if no vehicle definition file is provided.
Valid vehicle definitions are at http://www.matsim.org/files/dtd/vehicleDefinitions_v2.0.xsd and http://www.matsim.org/files/dtd/vehicleDefinitions_v1.0.xsd
The code will crash with a NullPointerException.
2026-08-25T03:48:00,127 ERROR CommandRunner:102 Command class org.matsim.application.analysis.pt.PublicTransitAnalysis threw an error.
java.lang.NullPointerException: Cannot invoke "org.matsim.core.utils.io.MatsimXmlParser.startTag(String, org.xml.sax.Attributes, java.util.Stack)" because "this.delegate" is null
	at org.matsim.vehicles.MatsimVehicleReader$VehicleReader.startTag(MatsimVehicleReader.java:91) ~[matsim-project-ppc-0.0.1-SNAPSHOT.jar:0.0.1-SNAPSHOT]
	at org.matsim.core.utils.io.MatsimXmlParser.startElement(MatsimXmlParser.java:367) ~[matsim-project-ppc-0.0.1-SNAPSHOT.jar:0.0.1-SNAPSHOT]
	at org.apache.xerces.parsers.AbstractSAXParser.startElement(Unknown Source) ~[matsim-project-ppc-0.0.1-SNAPSHOT.jar:0.0.1-SNAPSHOT]
	at org.apache.xerces.impl.xs.XMLSchemaValidator.startElement(Unknown Source) ~[matsim-project-ppc-0.0.1-SNAPSHOT.jar:0.0.1-SNAPSHOT]
	at org.apache.xerces.impl.dtd.XMLDTDValidator.startElement(Unknown Source) ~[matsim-project-ppc-0.0.1-SNAPSHOT.jar:0.0.1-SNAPSHOT]
	at org.apache.xerces.impl.XMLNSDocumentScannerImpl.scanStartElement(Unknown Source) ~[matsim-project-ppc-0.0.1-SNAPSHOT.jar:0.0.1-SNAPSHOT]
	at org.apache.xerces.impl.XMLNSDocumentScannerImpl$NSContentDispatcher.scanRootElementHook(Unknown Source) ~[matsim-project-ppc-0.0.1-SNAPSHOT.jar:0.0.1-SNAPSHOT]
	at org.apache.xerces.impl.XMLDocumentFragmentScannerImpl$FragmentContentDispatcher.dispatch(Unknown Source) ~[matsim-project-ppc-0.0.1-SNAPSHOT.jar:0.0.1-SNAPSHOT]
	at org.apache.xerces.impl.XMLDocumentFragmentScannerImpl.scanDocument(Unknown Source) ~[matsim-project-ppc-0.0.1-SNAPSHOT.jar:0.0.1-SNAPSHOT]
	at org.apache.xerces.parsers.XML11Configuration.parse(Unknown Source) ~[matsim-project-ppc-0.0.1-SNAPSHOT.jar:0.0.1-SNAPSHOT]
	at org.apache.xerces.parsers.XML11Configuration.parse(Unknown Source) ~[matsim-project-ppc-0.0.1-SNAPSHOT.jar:0.0.1-SNAPSHOT]
	at org.apache.xerces.parsers.XMLParser.parse(Unknown Source) ~[matsim-project-ppc-0.0.1-SNAPSHOT.jar:0.0.1-SNAPSHOT]
	at org.apache.xerces.parsers.AbstractSAXParser.parse(Unknown Source) ~[matsim-project-ppc-0.0.1-SNAPSHOT.jar:0.0.1-SNAPSHOT]
	at org.apache.xerces.jaxp.SAXParserImpl$JAXPSAXParser.parse(Unknown Source) ~[matsim-project-ppc-0.0.1-SNAPSHOT.jar:0.0.1-SNAPSHOT]
	at org.matsim.core.utils.io.MatsimXmlParser.parse(MatsimXmlParser.java:222) ~[matsim-project-ppc-0.0.1-SNAPSHOT.jar:0.0.1-SNAPSHOT]
	at org.matsim.core.utils.io.MatsimXmlParser.parse(MatsimXmlParser.java:172) ~[matsim-project-ppc-0.0.1-SNAPSHOT.jar:0.0.1-SNAPSHOT]
	at org.matsim.core.utils.io.MatsimXmlParser.readURL(MatsimXmlParser.java:160) ~[matsim-project-ppc-0.0.1-SNAPSHOT.jar:0.0.1-SNAPSHOT]
	at org.matsim.vehicles.MatsimVehicleReader.readURL(MatsimVehicleReader.java:54) ~[matsim-project-ppc-0.0.1-SNAPSHOT.jar:0.0.1-SNAPSHOT]
	at org.matsim.core.scenario.ScenarioLoaderImpl.loadVehicles(ScenarioLoaderImpl.java:340) ~[matsim-project-ppc-0.0.1-SNAPSHOT.jar:0.0.1-SNAPSHOT]
	at org.matsim.core.scenario.ScenarioLoaderImpl.loadScenario(ScenarioLoaderImpl.java:121) ~[matsim-project-ppc-0.0.1-SNAPSHOT.jar:0.0.1-SNAPSHOT]
	at org.matsim.core.scenario.ScenarioUtils.loadScenario(ScenarioUtils.java:96) ~[matsim-project-ppc-0.0.1-SNAPSHOT.jar:0.0.1-SNAPSHOT]
	at org.matsim.core.scenario.ScenarioUtils.loadScenario(ScenarioUtils.java:84) ~[matsim-project-ppc-0.0.1-SNAPSHOT.jar:0.0.1-SNAPSHOT]
	at org.matsim.application.analysis.pt.PublicTransitAnalysis.call(PublicTransitAnalysis.java:82) ~[matsim-project-ppc-0.0.1-SNAPSHOT.jar:0.0.1-SNAPSHOT]
	at org.matsim.application.analysis.pt.PublicTransitAnalysis.call(PublicTransitAnalysis.java:50) ~[matsim-project-ppc-0.0.1-SNAPSHOT.jar:0.0.1-SNAPSHOT]
	at picocli.CommandLine.executeUserObject(CommandLine.java:2045) ~[matsim-project-ppc-0.0.1-SNAPSHOT.jar:0.0.1-SNAPSHOT]
	at picocli.CommandLine.access$1500(CommandLine.java:148) ~[matsim-project-ppc-0.0.1-SNAPSHOT.jar:0.0.1-SNAPSHOT]
	at picocli.CommandLine$RunLast.executeUserObjectOfLastSubcommandWithSameParent(CommandLine.java:2465) ~[matsim-project-ppc-0.0.1-SNAPSHOT.jar:0.0.1-SNAPSHOT]
	at picocli.CommandLine$RunLast.handle(CommandLine.java:2457) ~[matsim-project-ppc-0.0.1-SNAPSHOT.jar:0.0.1-SNAPSHOT]
	at picocli.CommandLine$RunLast.handle(CommandLine.java:2419) ~[matsim-project-ppc-0.0.1-SNAPSHOT.jar:0.0.1-SNAPSHOT]
	at picocli.CommandLine$AbstractParseResultHandler.execute(CommandLine.java:2277) ~[matsim-project-ppc-0.0.1-SNAPSHOT.jar:0.0.1-SNAPSHOT]
	at picocli.CommandLine$RunLast.execute(CommandLine.java:2421) ~[matsim-project-ppc-0.0.1-SNAPSHOT.jar:0.0.1-SNAPSHOT]
	at picocli.CommandLine.execute(CommandLine.java:2174) ~[matsim-project-ppc-0.0.1-SNAPSHOT.jar:0.0.1-SNAPSHOT]
	at org.matsim.application.MATSimAppCommand.execute(MATSimAppCommand.java:38) ~[matsim-project-ppc-0.0.1-SNAPSHOT.jar:0.0.1-SNAPSHOT]
	at org.matsim.application.CommandRunner.runCommand(CommandRunner.java:117) ~[matsim-project-ppc-0.0.1-SNAPSHOT.jar:0.0.1-SNAPSHOT]
	at org.matsim.application.CommandRunner.run(CommandRunner.java:97) [matsim-project-ppc-0.0.1-SNAPSHOT.jar:0.0.1-SNAPSHOT]
	at org.matsim.simwrapper.SimWrapper.run(SimWrapper.java:239) [matsim-project-ppc-0.0.1-SNAPSHOT.jar:0.0.1-SNAPSHOT]
	at org.matsim.simwrapper.SimWrapper.run(SimWrapper.java:191) [matsim-project-ppc-0.0.1-SNAPSHOT.jar:0.0.1-SNAPSHOT]
	at org.matsim.simwrapper.SimWrapperListener.notifyShutdown(SimWrapperListener.java:143) [matsim-project-ppc-0.0.1-SNAPSHOT.jar:0.0.1-SNAPSHOT]
	at org.matsim.core.controler.ControlerListenerManagerImpl.fireControlerShutdownEvent(ControlerListenerManagerImpl.java:136) [matsim-project-ppc-0.0.1-SNAPSHOT.jar:0.0.1-SNAPSHOT]
	at org.matsim.core.controler.AbstractController$1.shutdown(AbstractController.java:89) [matsim-project-ppc-0.0.1-SNAPSHOT.jar:0.0.1-SNAPSHOT]
	at org.matsim.core.controler.MatsimRuntimeModifications.run(MatsimRuntimeModifications.java:88) [matsim-project-ppc-0.0.1-SNAPSHOT.jar:0.0.1-SNAPSHOT]
	at org.matsim.core.controler.MatsimRuntimeModifications.run(MatsimRuntimeModifications.java:53) [matsim-project-ppc-0.0.1-SNAPSHOT.jar:0.0.1-SNAPSHOT]
	at org.matsim.core.controler.AbstractController.run(AbstractController.java:92) [matsim-project-ppc-0.0.1-SNAPSHOT.jar:0.0.1-SNAPSHOT]
	at org.matsim.core.controler.NewControler.run(NewControler.java:83) [matsim-project-ppc-0.0.1-SNAPSHOT.jar:0.0.1-SNAPSHOT]
	at org.matsim.core.controler.Controler.run(Controler.java:259) [matsim-project-ppc-0.0.1-SNAPSHOT.jar:0.0.1-SNAPSHOT]
	at org.matsim.project.RunDrt.main(RunDrt.java:169) [matsim-project-ppc-0.0.1-SNAPSHOT.jar:0.0.1-SNAPSHOT]
2026-08-25T03:48:00,229  INFO CommandRunner:115 Running class org.matsim.application.analysis.population.StuckAgentAnalysis with arguments: --events .\output-downsampled-1pct-demo\output_events.xml.gz --output-stuck-agents-per-hour .\output-downsampled-1pct-demo\analysis\population\stuck_agents_per_hour.csv --output-stuck-agents-per-mode .\output-downsampled-1pct-demo\analysis\population\stuck_agents_per_mode.csv --output-stuck-agents-per-link .\output-downsampled-1pct-demo\analysis\population\stuck_agents_per_link.csv --output-stuck-agents .\output-downsampled-1pct-demo\analysis\population\stuck_agents.csv
2026-08-25T03:48:00,238  INFO EventsManagerImpl:139 === Logging of event-handlers skipped ===
2026-08-25T03:48:00,238  INFO EventsManagerImpl:140 To enable debug output, set an environment variable i.e. export LOG_LEVEL='debug', or set log.setLogLevel(Level.DEBUG) in your run class.
2026-08-25T03:48:00,238  INFO EventsManagerImpl:210     > org.matsim.api.core.v01.events.PersonStuckEvent
2026-08-25T03:48:00,238  INFO EventsManagerImpl:210     > org.matsim.api.core.v01.events.ActivityStartEvent
2026-08-25T03:48:00,243  INFO MatsimEventsReader$XmlEventsReader:163 using events_v1-reader.
2026-08-25T03:48:00,243  INFO MatsimXmlParser:153 starting to parse xml from file .\output-downsampled-1pct-demo\output_events.xml.gz ...
2026-08-25T03:48:00,244  INFO IOUtils:224 Resolved .\output-downsampled-1pct-demo\output_events.xml.gz to .\output-downsampled-1pct-demo\output_events.xml.gz
2026-08-25T03:48:00,247  INFO EventsManagerImpl:116  event # 1
2026-08-25T03:48:00,247  INFO EventsManagerImpl:116  event # 4
2026-08-25T03:48:00,248  INFO EventsManagerImpl:116  event # 16
2026-08-25T03:48:00,248  INFO EventsManagerImpl:116  event # 64
2026-08-25T03:48:00,249  INFO EventsManagerImpl:116  event # 256
2026-08-25T03:48:00,252  INFO EventsManagerImpl:116  event # 1024
2026-08-25T03:48:00,262  INFO EventsManagerImpl:116  event # 4096
2026-08-25T03:48:00,302  INFO EventsManagerImpl:116  event # 16384
2026-08-25T03:48:00,395  INFO EventsManagerImpl:116  event # 65536
2026-08-25T03:48:00,721  INFO EventsManagerImpl:116  event # 262144
2026-08-25T03:48:01,866  INFO EventsManagerImpl:116  event # 1048576
2026-08-25T03:48:04,319  INFO CommandRunner:115 Running class org.matsim.application.analysis.traffic.TrafficAnalysis with arguments: --transport-modes car --events .\output-downsampled-1pct-demo\output_events.xml.gz --network .\output-downsampled-1pct-demo\output_network.xml.gz --sample-size 1.0 --output-traffic-stats-by-link-daily .\output-downsampled-1pct-demo\analysis\traffic\traffic_stats_by_link_daily.csv --output-traffic-stats-by-link-and-hour .\output-downsampled-1pct-demo\analysis\traffic\traffic_stats_by_link_and_hour.csv --output-traffic-stats-by-road-type-daily .\output-downsampled-1pct-demo\analysis\traffic\traffic_stats_by_road_type_daily.csv --output-traffic-stats-by-road-type-and-hour .\output-downsampled-1pct-demo\analysis\traffic\traffic_stats_by_road_type_and_hour.csv
2026-08-25T03:48:04,330  INFO Config:461 setting context to [file:/C:/Users/Louise%20Maralit/Downloads/try/try2/ppc-matsim-drt/]
2026-08-25T03:48:04,332  INFO MatsimXmlParser:153 starting to parse xml from file .\output-downsampled-1pct-demo\output_network.xml.gz ...
2026-08-25T03:48:04,332  INFO IOUtils:224 Resolved .\output-downsampled-1pct-demo\output_network.xml.gz to .\output-downsampled-1pct-demo\output_network.xml.gz
2026-08-25T03:48:04,334  INFO MatsimNetworkReader:122 using network_v2-reader.
2026-08-25T03:48:04,334  INFO MatsimXmlParser:296 Trying to load http://www.matsim.org/files/dtd/network_v2.dtd. In some cases (e.g. network interface up but no connection), this may take a bit.
2026-08-25T03:48:04,548  INFO NetworkImpl:165  node # 1
2026-08-25T03:48:04,548  INFO NetworkImpl:165  node # 4
2026-08-25T03:48:04,548  INFO NetworkImpl:165  node # 16
2026-08-25T03:48:04,548  INFO NetworkImpl:165  node # 64
2026-08-25T03:48:04,549  INFO NetworkImpl:165  node # 256
2026-08-25T03:48:04,551  INFO NetworkImpl:165  node # 1024
2026-08-25T03:48:04,558  INFO NetworkImpl:165  node # 4096
2026-08-25T03:48:04,568  INFO NetworkImpl:161  link # 1
2026-08-25T03:48:04,568  INFO NetworkImpl:161  link # 4
2026-08-25T03:48:04,569  INFO NetworkImpl:161  link # 16
2026-08-25T03:48:04,569  INFO NetworkImpl:161  link # 64
2026-08-25T03:48:04,570  INFO NetworkImpl:161  link # 256
2026-08-25T03:48:04,574  INFO NetworkImpl:161  link # 1024
2026-08-25T03:48:04,587  INFO NetworkImpl:161  link # 4096
2026-08-25T03:48:04,641  INFO NetworkImpl:161  link # 16384
2026-08-25T03:48:04,659  INFO NetworkFilterManager:121 applying filters to network with 7727 nodes and 19773 links...
2026-08-25T03:48:04,660  INFO NetworkImpl:165  node # 1
2026-08-25T03:48:04,661  INFO NetworkImpl:161  link # 1
2026-08-25T03:48:04,661  INFO NetworkImpl:165  node # 4
2026-08-25T03:48:04,661  INFO NetworkImpl:161  link # 4
2026-08-25T03:48:04,661  INFO NetworkImpl:165  node # 16
2026-08-25T03:48:04,661  INFO NetworkImpl:161  link # 16
2026-08-25T03:48:04,663  INFO NetworkImpl:161  link # 64
2026-08-25T03:48:04,664  INFO NetworkImpl:165  node # 64
2026-08-25T03:48:04,667  INFO NetworkImpl:161  link # 256
2026-08-25T03:48:04,668  INFO NetworkImpl:165  node # 256
2026-08-25T03:48:04,673  INFO NetworkImpl:161  link # 1024
2026-08-25T03:48:04,677  INFO NetworkImpl:165  node # 1024
2026-08-25T03:48:04,686  INFO NetworkImpl:161  link # 4096
2026-08-25T03:48:04,692  INFO NetworkImpl:165  node # 4096
2026-08-25T03:48:04,708  INFO NetworkImpl:161  link # 16384
2026-08-25T03:48:04,716  INFO DisallowedNextLinksUtils:114 Link 5758: Removed 1 disallowed next link sequences for mode bus
2026-08-25T03:48:04,718  INFO NetworkFilterManager:140 filtered network contains 7527 nodes and 18718 links.
2026-08-25T03:48:04,719  INFO EventsManagerImpl:139 === Logging of event-handlers skipped ===
2026-08-25T03:48:04,719  INFO EventsManagerImpl:140 To enable debug output, set an environment variable i.e. export LOG_LEVEL='debug', or set log.setLogLevel(Level.DEBUG) in your run class.
2026-08-25T03:48:04,719  INFO EventsManagerImpl:210     > org.matsim.api.core.v01.events.LinkEnterEvent
2026-08-25T03:48:04,719  INFO EventsManagerImpl:210     > org.matsim.api.core.v01.events.LinkLeaveEvent
2026-08-25T03:48:04,719  INFO EventsManagerImpl:210     > org.matsim.api.core.v01.events.VehicleEntersTrafficEvent
2026-08-25T03:48:04,719  INFO EventsManagerImpl:210     > org.matsim.api.core.v01.events.VehicleLeavesTrafficEvent
2026-08-25T03:48:04,719  INFO EventsManagerImpl:210     > org.matsim.core.api.experimental.events.VehicleArrivesAtFacilityEvent
2026-08-25T03:48:04,719  INFO EventsManagerImpl:210     > org.matsim.api.core.v01.events.VehicleAbortsEvent
2026-08-25T03:48:04,719  INFO EventsManagerImpl:139 === Logging of event-handlers skipped ===
2026-08-25T03:48:04,719  INFO EventsManagerImpl:140 To enable debug output, set an environment variable i.e. export LOG_LEVEL='debug', or set log.setLogLevel(Level.DEBUG) in your run class.
2026-08-25T03:48:04,719  INFO EventsManagerImpl:210     > org.matsim.api.core.v01.events.LinkLeaveEvent
2026-08-25T03:48:04,719  INFO EventsManagerImpl:210     > org.matsim.api.core.v01.events.VehicleEntersTrafficEvent
2026-08-25T03:48:04,719  INFO MatsimEventsReader$XmlEventsReader:163 using events_v1-reader.
2026-08-25T03:48:04,719  INFO MatsimXmlParser:153 starting to parse xml from file .\output-downsampled-1pct-demo\output_events.xml.gz ...
2026-08-25T03:48:04,720  INFO IOUtils:224 Resolved .\output-downsampled-1pct-demo\output_events.xml.gz to .\output-downsampled-1pct-demo\output_events.xml.gz
2026-08-25T03:48:04,721  INFO EventsManagerImpl:116  event # 1
2026-08-25T03:48:04,722  INFO EventsManagerImpl:116  event # 4
2026-08-25T03:48:04,722  INFO EventsManagerImpl:116  event # 16
2026-08-25T03:48:04,722  INFO EventsManagerImpl:116  event # 64
2026-08-25T03:48:04,724  INFO EventsManagerImpl:116  event # 256
2026-08-25T03:48:04,728  INFO EventsManagerImpl:116  event # 1024
2026-08-25T03:48:04,741  INFO EventsManagerImpl:116  event # 4096
2026-08-25T03:48:04,768  INFO EventsManagerImpl:116  event # 16384
2026-08-25T03:48:04,850  INFO EventsManagerImpl:116  event # 65536
2026-08-25T03:48:05,157  INFO EventsManagerImpl:116  event # 262144
2026-08-25T03:48:06,434  INFO EventsManagerImpl:116  event # 1048576
2026-08-25T03:48:11,720  INFO MemoryObserver:42 used RAM: 1060 MB  free: 327 MB  total: 1388 MB
2026-08-25T03:48:13,807  INFO CommandRunner:115 Running class org.matsim.application.analysis.LogFileAnalysis with arguments: --input-logfile .\output-downsampled-1pct-demo\logfile.log --output-run-info .\output-downsampled-1pct-demo\analysis\general\run_info.csv --output-memory-stats .\output-downsampled-1pct-demo\analysis\general\memory_stats.csv --output-runtime-stats .\output-downsampled-1pct-demo\analysis\general\runtime_stats.csv --output-warnings .\output-downsampled-1pct-demo\analysis\general\warnings.csv --output-status .\output-downsampled-1pct-demo\analysis\general\status.md
2026-08-25T03:48:13,817  INFO IOUtils:224 Resolved .\output-downsampled-1pct-demo\logfile.log to .\output-downsampled-1pct-demo\logfile.log
2026-08-25T03:48:13,904  INFO CommandRunner:115 Running class org.matsim.application.analysis.population.TripAnalysis with arguments: --input-trips .\output-downsampled-1pct-demo\output_trips.csv.gz --input-persons .\output-downsampled-1pct-demo\output_persons.csv.gz --output-mode-share .\output-downsampled-1pct-demo\analysis\population\mode_share.csv --output-mode-share-per-dist .\output-downsampled-1pct-demo\analysis\population\mode_share_per_dist.csv --output-mode-users .\output-downsampled-1pct-demo\analysis\population\mode_users.csv --output-trip-stats .\output-downsampled-1pct-demo\analysis\population\trip_stats.csv --output-mode-share-per-purpose .\output-downsampled-1pct-demo\analysis\population\mode_share_per_purpose.csv --output-mode-share-per-%s .\output-downsampled-1pct-demo\analysis\population\mode_share_per_%s.csv --output-population-trip-stats .\output-downsampled-1pct-demo\analysis\population\population_trip_stats.csv --output-trip-purposes-by-hour .\output-downsampled-1pct-demo\analysis\population\trip_purposes_by_hour.csv --output-mode-share-distance-distribution .\output-downsampled-1pct-demo\analysis\population\mode_share_distance_distribution.csv --output-mode-shift .\output-downsampled-1pct-demo\analysis\population\mode_shift.csv --output-mode-chains .\output-downsampled-1pct-demo\analysis\population\mode_chains.csv --output-mode-choices .\output-downsampled-1pct-demo\analysis\population\mode_choices.csv --output-mode-choice-evaluation .\output-downsampled-1pct-demo\analysis\population\mode_choice_evaluation.csv --output-mode-choice-evaluation-per-mode .\output-downsampled-1pct-demo\analysis\population\mode_choice_evaluation_per_mode.csv --output-mode-confusion-matrix .\output-downsampled-1pct-demo\analysis\population\mode_confusion_matrix.csv --output-mode-prediction-error .\output-downsampled-1pct-demo\analysis\population\mode_prediction_error.csv
2026-08-25T03:48:13,914  INFO IOUtils:224 Resolved .\output-downsampled-1pct-demo\output_persons.csv.gz to .\output-downsampled-1pct-demo\output_persons.csv.gz
2026-08-25T03:48:13,917  INFO IOUtils:224 Resolved .\output-downsampled-1pct-demo\output_persons.csv.gz to .\output-downsampled-1pct-demo\output_persons.csv.gz
2026-08-25T03:48:14,052  INFO TripAnalysis:197 Filtered 3068 out of 3068 persons
2026-08-25T03:48:14,053  INFO TripAnalysis:217 Filtered 3068 out of 3068 persons
2026-08-25T03:48:14,053  INFO IOUtils:224 Resolved .\output-downsampled-1pct-demo\output_trips.csv.gz to .\output-downsampled-1pct-demo\output_trips.csv.gz
2026-08-25T03:48:14,055  INFO IOUtils:224 Resolved .\output-downsampled-1pct-demo\output_trips.csv.gz to .\output-downsampled-1pct-demo\output_trips.csv.gz
2026-08-25T03:48:14,419  INFO TripAnalysis:272 Filtered 4303 out of 4303 trips
2026-08-25T03:48:14,748  INFO IOUtils:224 Resolved .\output-downsampled-1pct-demo\ITERS\it.0\0.trips.csv.gz to .\output-downsampled-1pct-demo\ITERS\it.0\0.trips.csv.gz
2026-08-25T03:48:14,751  INFO IOUtils:224 Resolved .\output-downsampled-1pct-demo\ITERS\it.0\0.trips.csv.gz to .\output-downsampled-1pct-demo\ITERS\it.0\0.trips.csv.gz
2026-08-25T03:48:15,034  INFO CommandRunner:115 Running class org.matsim.application.prepare.network.CreateAvroNetwork with arguments: --mode-filter  --shp none --network .\output-downsampled-1pct-demo\output_network.xml.gz --output-network .\output-downsampled-1pct-demo\analysis\network-all\network.avro
2026-08-25T03:48:15,041  INFO Config:461 setting context to [file:/C:/Users/Louise%20Maralit/Downloads/try/try2/ppc-matsim-drt/]
2026-08-25T03:48:15,044  INFO MatsimXmlParser:153 starting to parse xml from file .\output-downsampled-1pct-demo\output_network.xml.gz ...
2026-08-25T03:48:15,044  INFO IOUtils:224 Resolved .\output-downsampled-1pct-demo\output_network.xml.gz to .\output-downsampled-1pct-demo\output_network.xml.gz
2026-08-25T03:48:15,048  INFO MatsimNetworkReader:122 using network_v2-reader.
2026-08-25T03:48:15,048  INFO MatsimXmlParser:296 Trying to load http://www.matsim.org/files/dtd/network_v2.dtd. In some cases (e.g. network interface up but no connection), this may take a bit.
2026-08-25T03:48:15,443  INFO NetworkImpl:165  node # 1
2026-08-25T03:48:15,443  INFO NetworkImpl:165  node # 4
2026-08-25T03:48:15,444  INFO NetworkImpl:165  node # 16
2026-08-25T03:48:15,449  INFO NetworkImpl:165  node # 64
2026-08-25T03:48:15,460  INFO NetworkImpl:165  node # 256
2026-08-25T03:48:15,480  INFO NetworkImpl:165  node # 1024
2026-08-25T03:48:15,528  INFO NetworkImpl:165  node # 4096
2026-08-25T03:48:15,560  INFO NetworkImpl:161  link # 1
2026-08-25T03:48:15,561  INFO NetworkImpl:161  link # 4
2026-08-25T03:48:15,561  INFO NetworkImpl:161  link # 16
2026-08-25T03:48:15,565  INFO NetworkImpl:161  link # 64
2026-08-25T03:48:15,570  INFO NetworkImpl:161  link # 256
2026-08-25T03:48:15,584  INFO NetworkImpl:161  link # 1024
2026-08-25T03:48:15,630  INFO NetworkImpl:161  link # 4096
2026-08-25T03:48:15,735  INFO NetworkImpl:161  link # 16384
2026-08-25T03:48:15,760  INFO Config:461 setting context to [file:/C:/Users/Louise%20Maralit/Downloads/try/try2/ppc-matsim-drt/]
2026-08-25T03:48:15,762  INFO MatsimXmlParser:153 starting to parse xml from file .\output-downsampled-1pct-demo\output_network.xml.gz ...
2026-08-25T03:48:15,762  INFO IOUtils:224 Resolved .\output-downsampled-1pct-demo\output_network.xml.gz to .\output-downsampled-1pct-demo\output_network.xml.gz
2026-08-25T03:48:15,765  INFO MatsimNetworkReader:122 using network_v2-reader.
2026-08-25T03:48:15,765  INFO MatsimXmlParser:296 Trying to load http://www.matsim.org/files/dtd/network_v2.dtd. In some cases (e.g. network interface up but no connection), this may take a bit.
2026-08-25T03:48:15,970  INFO NetworkImpl:165  node # 1
2026-08-25T03:48:15,970  INFO NetworkImpl:165  node # 4
2026-08-25T03:48:15,971  INFO NetworkImpl:165  node # 16
2026-08-25T03:48:15,971  INFO NetworkImpl:165  node # 64
2026-08-25T03:48:15,971  INFO NetworkImpl:165  node # 256
2026-08-25T03:48:15,973  INFO NetworkImpl:165  node # 1024
2026-08-25T03:48:15,979  INFO NetworkImpl:165  node # 4096
2026-08-25T03:48:15,987  INFO NetworkImpl:161  link # 1
2026-08-25T03:48:15,988  INFO NetworkImpl:161  link # 4
2026-08-25T03:48:15,988  INFO NetworkImpl:161  link # 16
2026-08-25T03:48:15,988  INFO NetworkImpl:161  link # 64
2026-08-25T03:48:15,989  INFO NetworkImpl:161  link # 256
2026-08-25T03:48:15,992  INFO NetworkImpl:161  link # 1024
2026-08-25T03:48:16,006  INFO NetworkImpl:161  link # 4096
2026-08-25T03:48:16,057  INFO NetworkImpl:161  link # 16384
2026-08-25T03:48:16,074  WARN MGC:179 Assuming that coordinates are in longitude first notation, i.e. (longitude, latitude).
2026-08-25T03:48:16,074  WARN MGC:179 Assuming that coordinates are in longitude first notation, i.e. (longitude, latitude).
2026-08-25T03:48:16,293  INFO ControlerListenerManagerImpl:138 all ControlerShutdownListeners called.
2026-08-25T03:48:16,293  INFO MatsimRuntimeModifications:103 S H U T D O W N   ---   shutdown completed.
2026-08-25T03:48:16,293  INFO OutputDirectoryLogging:173 closing the logfile, i.e. messages sent to the logger after this message are not written to the logfile.
2026-08-25T03:48:16,294  INFO OutputDirectoryLogging:173 closing the logfile, i.e. messages sent to the logger after this message are not written to the logfile.
